"index","collection","packageId","granuleId","title","detailsLink","pdfLink","pdfSize","htmlLink","htmlSize","xmlLink","xmlSize","otherLink1","other1Size","otherLink2","other2Size","teaser","historical","publishdate"
"1","Congressional Hearings","CHRG-119shrg63909","CHRG-119shrg63909","Arms Control and Transforming International Security Functions at the State Department","https://www.govinfo.gov/app/details/CHRG-119shrg63909/CHRG-119shrg63909","https://www.govinfo.gov/content/pkg/CHRG-119shrg63909/pdf/CHRG-119shrg63909.pdf","343.0 KB","https://www.govinfo.gov/content/pkg/CHRG-119shrg63909/html/CHRG-119shrg63909.htm","123.8 KB","","0 B","","0 B","","0 B"," UNITED STATES SENATE ONE HUNDRED NINETEENTH CONGRESS SECOND SESSION MARCH 24, 2026 Printed for the use of the Committee on Foreign Relations [GRAPHIC NOT AVAILABLE IN TIFF FORMAT] Available via http://www.govinfo.gov U.S. GOVERNMENT PUBLISHING OFFICE 63-909 PDF WASHINGTON : 2026 COMMITTEE ON FOREIGN RELATIONS JAMES E. RISCH, Idaho, Chairman ...","","2026-03-24"
"2","Congressional Hearings","CHRG-119shrg63707","CHRG-119shrg63707","A Pathway to European Energy Security","https://www.govinfo.gov/app/details/CHRG-119shrg63707/CHRG-119shrg63707","https://www.govinfo.gov/content/pkg/CHRG-119shrg63707/pdf/CHRG-119shrg63707.pdf","8.8 MB","https://www.govinfo.gov/content/pkg/CHRG-119shrg63707/html/CHRG-119shrg63707.htm","78.8 KB","","0 B","","0 B","","0 B"," FOREIGN RELATIONS UNITED STATES SENATE ONE HUNDRED NINETEENTH CONGRESS SECOND SESSION FEBRUARY 4, 2026 Printed for the use of the Committee on Foreign Relations [GRAPHIC NOT AVAILABLE IN TIFF FORMAT] Available via http://www.govinfo.gov U.S. GOVERNMENT PUBLISHING OFFICE 63-707 PDF WASHINGTON : 2026 COMMITTEE ON FOREIGN RELATIONS JAMES E. RISCH, ...","","2026-02-04"
"3","Congressional Hearings","CHRG-119shrg64059","CHRG-119shrg64059","Countering Terrorism in North Africa: Opportunities and Challenges","https://www.govinfo.gov/app/details/CHRG-119shrg64059/CHRG-119shrg64059","https://www.govinfo.gov/content/pkg/CHRG-119shrg64059/pdf/CHRG-119shrg64059.pdf","305.6 KB","https://www.govinfo.gov/content/pkg/CHRG-119shrg64059/html/CHRG-119shrg64059.htm","98.0 KB","","0 B","","0 B","","0 B"," OF THE COMMITTEE ON FOREIGN RELATIONS UNITED STATES SENATE ONE HUNDRED NINETEENTH CONGRESS SECOND SESSION FEBRUARY 3, 2026 Printed for the use of the Committee on Foreign Relations [GRAPHIC NOT AVAILABLE IN TIFF FORMAT] Available via http://www.govinfo.gov ______ U.S. GOVERNMENT PUBLISHING OFFICE 64-059 PDF WASHINGTON : 2026 ...","","2026-02-03"
"4","Congressional Hearings","CHRG-119shrg61565","CHRG-119shrg61565","NATO Summit 2025: An Assessment of Transatlantic Security Cooperation","https://www.govinfo.gov/app/details/CHRG-119shrg61565/CHRG-119shrg61565","https://www.govinfo.gov/content/pkg/CHRG-119shrg61565/pdf/CHRG-119shrg61565.pdf","429.7 KB","https://www.govinfo.gov/content/pkg/CHRG-119shrg61565/html/CHRG-119shrg61565.htm","199.7 KB","","0 B","","0 B","","0 B"," SENATE ONE HUNDRED NINETEENTH CONGRESS FIRST SESSION JUNE 18, 2025 Printed for the use of the Committee on Foreign Relations [GRAPHIC(S) NOT AVAILABLE IN TIFF FORMAT] Available via http://www.govinfo.gov ______ U.S. GOVERNMENT PUBLISHING OFFICE 61-565 PDF WASHINGTON : 2025 COMMITTEE ON FOREIGN RELATIONS JAMES E. RISCH, Idaho, Chairman PETE ...","","2025-06-18"
"5","Congressional Hearings","CHRG-119shrg60820","CHRG-119shrg60820","East Africa & the Horn: At a Turning Point or Breaking Point?","https://www.govinfo.gov/app/details/CHRG-119shrg60820/CHRG-119shrg60820","https://www.govinfo.gov/content/pkg/CHRG-119shrg60820/pdf/CHRG-119shrg60820.pdf","3.8 MB","https://www.govinfo.gov/content/pkg/CHRG-119shrg60820/html/CHRG-119shrg60820.htm","125.1 KB","","0 B","","0 B","","0 B","ONE HUNDRED NINETEENTH CONGRESS FIRST SESSION MAY 13, 2025 Printed for the use of the Committee on Foreign Relations [GRAPHIC(S) NOT AVAILABLE IN TIFF FORMAT] Available via http://www.govinfo.gov ______ U.S. GOVERNMENT PUBLISHING OFFICE 60-820 PDF WASHINGTON : 2025 COMMITTEE ON FOREIGN RELATIONS JAMES E. RISCH, Idaho, Chairman PETE RICKETTS, ...","","2025-05-13"
"6","Congressional Hearings","CHRG-119shrg60819","CHRG-119shrg60819","Shared Threats: Indo Pacific Alliances and Burden Sharing in Today's Geopolitical Environment","https://www.govinfo.gov/app/details/CHRG-119shrg60819/CHRG-119shrg60819","https://www.govinfo.gov/content/pkg/CHRG-119shrg60819/pdf/CHRG-119shrg60819.pdf","6.3 MB","https://www.govinfo.gov/content/pkg/CHRG-119shrg60819/html/CHRG-119shrg60819.htm","125.6 KB","","0 B","","0 B","","0 B"," RELATIONS UNITED STATES SENATE ONE HUNDRED NINETEENTH CONGRESS FIRST SESSION MARCH 26, 2025 Printed for the use of the Committee on Foreign Relations [GRAPHIC(s) NOT AVAILANLE IN TIFF FORMAT Available via http://www.govinfo.gov U.S. GOVERNMENT PUBLISHING OFFICE 60-819PDF WASHINGTON : 2025 COMMITTEE ON FOREIGN RELATIONS JAMES E. RISCH, Idaho, ...","","2025-03-26"
"7","Congressional Hearings","CHRG-119shrg60060","CHRG-119shrg60060","PRC Influence and the Status of Taiwan's Diplomatic Allies in the Western Hemisphere","https://www.govinfo.gov/app/details/CHRG-119shrg60060/CHRG-119shrg60060","https://www.govinfo.gov/content/pkg/CHRG-119shrg60060/pdf/CHRG-119shrg60060.pdf","378.6 KB","https://www.govinfo.gov/content/pkg/CHRG-119shrg60060/html/CHRG-119shrg60060.htm","163.1 KB","","0 B","","0 B","","0 B",", TRANSNATIONAL CRIME, CIVILIAN SECURITY, DEMOCRACY, HUMAN RIGHTS, AND GLOBAL WOMEN'S ISSUES OF THE COMMITTEE ON FOREIGN RELATIONS UNITED STATES SENATE ONE HUNDRED NINETEENTH CONGRESS FIRST SESSION MARCH 26, 2025 Printed for the use of the Committee on Foreign Relations [GRAPHIC(S) NOT AVAILABLE IN TIFF FORMAT] Available via http://...","","2025-03-26"
"8","Congressional Hearings","CHRG-119shrg60032","CHRG-119shrg60032","Advancing American Interests in the Western Hemisphere","https://www.govinfo.gov/app/details/CHRG-119shrg60032/CHRG-119shrg60032","https://www.govinfo.gov/content/pkg/CHRG-119shrg60032/pdf/CHRG-119shrg60032.pdf","384.2 KB","https://www.govinfo.gov/content/pkg/CHRG-119shrg60032/html/CHRG-119shrg60032.htm","170.9 KB","","0 B","","0 B","","0 B"," NINETEENTH CONGRESS FIRST SESSION MARCH 5, 2025 Printed for the use of the Committee on Foreign Relations [GRAPHIC NOT AVAILABLE IN TIFF FORMAT] Available via http://www.govinfo.gov U.S. GOVERNMENT PUBLISHING OFFICE 60-032 PDF WASHINGTON : 2025 COMMITTEE ON FOREIGN RELATIONS JAMES E. RISCH, Idaho, Chairman PETE RICKETTS, Nebraska JEANNE SHAHEEN...","","2025-03-05"
"9","Congressional Hearings","CHRG-119shrg59893","CHRG-119shrg59893","After Assad: Navigating Syria Policy","https://www.govinfo.gov/app/details/CHRG-119shrg59893/CHRG-119shrg59893","https://www.govinfo.gov/content/pkg/CHRG-119shrg59893/pdf/CHRG-119shrg59893.pdf","5.3 MB","https://www.govinfo.gov/content/pkg/CHRG-119shrg59893/html/CHRG-119shrg59893.htm","137.8 KB","","0 B","","0 B","","0 B"," FIRST SESSION FEBRUARY 13, 2025 Printed for the use of the Committee on Foreign Relations [GRAPHIC NOT AVAILABLE IN TIFF FORMAT] Available via http://www.govinfo.gov U.S. GOVERNMENT PUBLISHING OFFICE 59-893 PDF WASHINGTON : 2025 COMMITTEE ON FOREIGN RELATIONS JAMES E. RISCH, Idaho, Chairman PETE RICKETTS, Nebraska JEANNE SHAHEEN, New ...","","2025-02-13"
"10","Congressional Hearings","CHRG-119shrg59774","CHRG-119shrg59774","The Malign Influence of the People's Republic of China at Home and Abroad: Recommendations for Policy Makers","https://www.govinfo.gov/app/details/CHRG-119shrg59774/CHRG-119shrg59774","https://www.govinfo.gov/content/pkg/CHRG-119shrg59774/pdf/CHRG-119shrg59774.pdf","20.2 MB","https://www.govinfo.gov/content/pkg/CHRG-119shrg59774/html/CHRG-119shrg59774.htm","220.9 KB","","0 B","","0 B","","0 B"," ON FOREIGN RELATIONS UNITED STATES SENATE ONE HUNDRED NINETEENTH CONGRESS FIRST SESSION JANUARY 30, 2025 Printed for the use of the Committee on Foreign Relations [GRAPHIC NOT AVAILABLE IN TIFF FORMAT] Available via http://www.govinfo.gov U.S. GOVERNMENT PUBLISHING OFFICE 59-774 PDF WASHINGTON : 2025 COMMITTEE ON FOREIGN RELATIONS JAMES E. ...","","2025-01-30"
"11","Congressional Hearings","CHRG-119shrg58955","CHRG-119shrg58955","The Nomination of Hon. Marco Rubio to Be U.S. Secretary of State","https://www.govinfo.gov/app/details/CHRG-119shrg58955/CHRG-119shrg58955","https://www.govinfo.gov/content/pkg/CHRG-119shrg58955/pdf/CHRG-119shrg58955.pdf","4.1 MB","https://www.govinfo.gov/content/pkg/CHRG-119shrg58955/html/CHRG-119shrg58955.htm","455.6 KB","","0 B","","0 B","","0 B"," ONE HUNDRED NINETEENTH CONGRESS FIRST SESSION JANUARY 15, 2025 Printed for the use of the Committee on Foreign Relations [GRAPHIC NOT AVAILABLE IN TIFF FORMAT Available via http://www.govinfo.gov U.S. GOVERNMENT PUBLISHING OFFICE 58-955 PDF WASHINGTON : 2025 COMMITTEE ON FOREIGN RELATIONS JAMES E. RISCH, Idaho, Chairman PETE RICKETTS, Nebraska ...","","2025-01-15"
"12","Congressional Hearings","CHRG-118shrg58366","CHRG-118shrg58366","Implementation of the Global Magnitsky Laws","https://www.govinfo.gov/app/details/CHRG-118shrg58366/CHRG-118shrg58366","https://www.govinfo.gov/content/pkg/CHRG-118shrg58366/pdf/CHRG-118shrg58366.pdf","302.8 KB","https://www.govinfo.gov/content/pkg/CHRG-118shrg58366/html/CHRG-118shrg58366.htm","85.4 KB","","0 B","","0 B","","0 B"," CONGRESS SECOND SESSION DECEMBER 5, 2024 Printed for the use of the Committee on Foreign Relations [GRAPHIC NOT AVAILABLE IN TIFF FORMAT] Available via http://www.govinfo.gov U.S. GOVERNMENT PUBLISHING OFFICE 58-366 PDF WASHINGTON : 2025 COMMITTEE ON FOREIGN RELATIONS BENJAMIN L. CARDIN, Maryland, Chairman JEANNE SHAHEEN, New Hampshire JAMES E...","","2024-12-05"
"13","Congressional Hearings","CHRG-118shrg57143","CHRG-118shrg57143","Cyberspace Under Threat in the Era of Rising Authoritarianism and Global Competition","https://www.govinfo.gov/app/details/CHRG-118shrg57143/CHRG-118shrg57143","https://www.govinfo.gov/content/pkg/CHRG-118shrg57143/pdf/CHRG-118shrg57143.pdf","19.1 MB","https://www.govinfo.gov/content/pkg/CHRG-118shrg57143/html/CHRG-118shrg57143.htm","266.3 KB","","0 B","","0 B","","0 B"," PACIFIC, AND INTERNATIONAL CYBERSECURITY POLICY OF THE COMMITTEE ON FOREIGN RELATIONS UNITED STATES SENATE ONE HUNDRED EIGHTEENTH CONGRESS SECOND SESSION SEPTEMBER 24, 2024 Printed for the use of the Committee on Foreign Relations [GRAPHIC NOT AVAILABLE IN TIFF FORMAT] Available via http://www.govinfo.gov ______ U.S. GOVERNMENT PUBLISHING OFFICE ...","","2024-09-24"
"14","Congressional Hearings","CHRG-118shrg58201","CHRG-118shrg58201","Anti-Ngo Laws and Other Tools of Democratic Repression","https://www.govinfo.gov/app/details/CHRG-118shrg58201/CHRG-118shrg58201","https://www.govinfo.gov/content/pkg/CHRG-118shrg58201/pdf/CHRG-118shrg58201.pdf","649.0 KB","https://www.govinfo.gov/content/pkg/CHRG-118shrg58201/html/CHRG-118shrg58201.htm","110.2 KB","","0 B","","0 B","","0 B"," EIGHTEENTH CONGRESS SECOND SESSION SEPTEMBER 12, 2024 Printed for the use of the Committee on Foreign Relations GRAPHIC(S) NOT AVAILABLE IN TIFF FORMAT Available via http://www.govinfo.gov _______ U.S. GOVERNMENT PUBLISHING OFFICE 58-201 WASHINGTON : 2025 COMMITTEE ON FOREIGN RELATIONS BENJAMIN L. CARDIN, Maryland, Chairman JEANNE SHAHEEN, New...","","2024-09-12"
"15","Congressional Hearings","CHRG-118shrg58679","CHRG-118shrg58679","Strategic Competition with the PRC: Assessing U.S. Competitiveness Beyond the Indo-Pacific","https://www.govinfo.gov/app/details/CHRG-118shrg58679/CHRG-118shrg58679","https://www.govinfo.gov/content/pkg/CHRG-118shrg58679/pdf/CHRG-118shrg58679.pdf","335.5 KB","https://www.govinfo.gov/content/pkg/CHRG-118shrg58679/html/CHRG-118shrg58679.htm","157.9 KB","","0 B","","0 B","","0 B"," UNITED STATES SENATE ONE HUNDRED EIGHTEENTH CONGRESS SECOND SESSION JULY 30, 2024 Printed for the use of the Committee on Foreign Relations [GRAPHIC NOT AVAILABLE IN TIFF FORMAT] Available via http://www.govinfo.gov U.S. GOVERNMENT PUBLISHING OFFICE 58-679 PDF WASHINGTON : 2025 COMMITTEE ON FOREIGN RELATIONS BENJAMIN L. CARDIN, Maryland, ...","","2024-07-30"
"16","Congressional Hearings","CHRG-118shrg56978","CHRG-118shrg56978","The Future of Europe","https://www.govinfo.gov/app/details/CHRG-118shrg56978/CHRG-118shrg56978","https://www.govinfo.gov/content/pkg/CHRG-118shrg56978/pdf/CHRG-118shrg56978.pdf","294.4 KB","https://www.govinfo.gov/content/pkg/CHRG-118shrg56978/html/CHRG-118shrg56978.htm","96.7 KB","","0 B","","0 B","","0 B"," UNITED STATES SENATE ONE HUNDRED EIGHTEENTH CONGRESS SECOND SESSION JULY 30, 2024 Printed for the use of the Committee on Foreign Relations [GRAPHIC NOT AVAILABLE IN TIFF FORMAT] Available via http://www.govinfo.gov U.S. GOVERNMENT PUBLISHING OFFICE 56-978 PDF WASHINGTON : 2024 COMMITTEE ON FOREIGN RELATIONS BENJAMIN L. CARDIN, Maryland, Chairman...","","2024-07-30"
"17","Congressional Hearings","CHRG-118shrg56765","CHRG-118shrg56765","Fiscal Year 2025 Budget Request for the Middle East and North Africa","https://www.govinfo.gov/app/details/CHRG-118shrg56765/CHRG-118shrg56765","https://www.govinfo.gov/content/pkg/CHRG-118shrg56765/pdf/CHRG-118shrg56765.pdf","329.3 KB","https://www.govinfo.gov/content/pkg/CHRG-118shrg56765/html/CHRG-118shrg56765.htm","122.2 KB","","0 B","","0 B","","0 B"," ASIA, AND COUNTERTERRORISM OF THE COMMITTEE ON FOREIGN RELATIONS UNITED STATES SENATE ONE HUNDRED EIGHTEENTH CONGRESS SECOND SESSION JUNE 18, 2024 Printed for the use of the Committee on Foreign Relations [GRAPHIC(S) NOT AVAILABLE IN TIFF FORMAT] Available via http://www.govinfo.gov ______ U.S. GOVERNMENT PUBLISHING OFFICE 56-765 WASHINGTON : ...","","2024-06-18"
"18","Congressional Hearings","CHRG-118shrg57701","CHRG-118shrg57701","American Diplomacy and Global Leadership: Review of the Fiscal Year 2025 State Department Budget Request","https://www.govinfo.gov/app/details/CHRG-118shrg57701/CHRG-118shrg57701","https://www.govinfo.gov/content/pkg/CHRG-118shrg57701/pdf/CHRG-118shrg57701.pdf","407.6 KB","https://www.govinfo.gov/content/pkg/CHRG-118shrg57701/html/CHRG-118shrg57701.htm","267.6 KB","","0 B","","0 B","","0 B"," ON FOREIGN RELATIONS UNITED STATES SENATE ONE HUNDRED EIGHTEENTH CONGRESS SECOND SESSION MAY 21, 2024 Printed for the use of the Committee on Foreign Relations GRAPHIC(S) NOT AVAILABLE IN TIFF FORMAT Available via http://www.govinfo.gov _______ U.S. GOVERNMENT PUBLISHING OFFICE 57-701PDF WASHINGTON : 2024 COMMITTEE ON FOREIGN RELATIONS ...","","2024-05-21"
"19","Congressional Hearings","CHRG-118shrg57478","CHRG-118shrg57478","Modernization and Management:  Building a Department to Address 21st Century Challenges","https://www.govinfo.gov/app/details/CHRG-118shrg57478/CHRG-118shrg57478","https://www.govinfo.gov/content/pkg/CHRG-118shrg57478/pdf/CHRG-118shrg57478.pdf","341.9 KB","https://www.govinfo.gov/content/pkg/CHRG-118shrg57478/html/CHRG-118shrg57478.htm","147.5 KB","","0 B","","0 B","","0 B"," UNITED STATES SENATE ONE HUNDRED EIGHTEENTH CONGRESS SECOND SESSION MAY 16, 2024 Printed for the use of the Committee on Foreign Relations [GRAPHIC NOT AVAILABLE IN TIFF FORMAT] Available via http://www.govinfo.gov U.S. GOVERNMENT PUBLISHING OFFICE 57-478 PDF WASHINGTON : 2024 COMMITTEE ON FOREIGN RELATIONS BENJAMIN L. CARDIN, Maryland, ...","","2024-05-16"
"20","Congressional Hearings","CHRG-118shrg57901","CHRG-118shrg57901","The Future of Arms Control and Deterrence","https://www.govinfo.gov/app/details/CHRG-118shrg57901/CHRG-118shrg57901","https://www.govinfo.gov/content/pkg/CHRG-118shrg57901/pdf/CHRG-118shrg57901.pdf","1.6 MB","https://www.govinfo.gov/content/pkg/CHRG-118shrg57901/html/CHRG-118shrg57901.htm","153.9 KB","","0 B","","0 B","","0 B"," CONGRESS SECOND SESSION MAY 15, 2024 Printed for the use of the Committee on Foreign Relations [GRAPHICS NOT AVAILABLE IN TIFF FORMAT] Available via http://www.govinfo.gov U.S. GOVERNMENT PUBLISHING OFFICE 57-091 PDF WASHINGTON : 2025 COMMITTEE ON FOREIGN RELATIONS BENJAMIN L. CARDIN, Maryland, Chairman ROBERT MENENDEZ, New Jersey JAMES E. RISCH...","","2024-05-15"
"21","Congressional Hearings","CHRG-118shrg58501","CHRG-118shrg58501","U.S. Policy on Taiwan","https://www.govinfo.gov/app/details/CHRG-118shrg58501/CHRG-118shrg58501","https://www.govinfo.gov/content/pkg/CHRG-118shrg58501/pdf/CHRG-118shrg58501.pdf","317.5 KB","https://www.govinfo.gov/content/pkg/CHRG-118shrg58501/html/CHRG-118shrg58501.htm","104.6 KB","","0 B","","0 B","","0 B"," ON FOREIGN RELATIONS UNITED STATES SENATE ONE HUNDRED EIGHTEENTH CONGRESS SECOND SESSION APRIL 30, 2024 Printed for the use of the Committee on Foreign Relations [GRAPHIC NOT AVAILABLE IN TIFF FORMAT] Available via http://www.govinfo.gov U.S. GOVERNMENT PUBLISHING OFFICE 58-501 PDF WASHINGTON : 2025 COMMITTEE ON FOREIGN RELATIONS BENJAMIN L. ...","","2024-04-30"
"22","Congressional Hearings","CHRG-118shrg57384","CHRG-118shrg57384","Modernizing U.S. Alliances and Partnerships in the Indo-Pacific","https://www.govinfo.gov/app/details/CHRG-118shrg57384/CHRG-118shrg57384","https://www.govinfo.gov/content/pkg/CHRG-118shrg57384/pdf/CHRG-118shrg57384.pdf","798.1 KB","https://www.govinfo.gov/content/pkg/CHRG-118shrg57384/html/CHRG-118shrg57384.htm","144.5 KB","","0 B","","0 B","","0 B"," ONE HUNDRED EIGHTEENTH CONGRESS SECOND SESSION APRIL 17, 2024 Printed for the use of the Committee on Foreign Relations GRAPHIC(S) NOT AVAILABLE IN TIFF FORMAT Available via http://www.govinfo.gov __ U.S. GOVERNMENT PUBLISHING OFFICE 57-384 WASHINGTON : 2024 COMMITTEE ON FOREIGN RELATIONS BENJAMIN L. CARDIN, Maryland, Chairman ROBERT MENENDEZ, ...","","2024-04-17"
"23","Congressional Hearings","CHRG-118shrg57034","CHRG-118shrg57034","S. Hrg. 118-433 . Fiscal Year 2025 United States Agency for International Development Budget Request","https://www.govinfo.gov/app/details/CHRG-118shrg57034/CHRG-118shrg57034","https://www.govinfo.gov/content/pkg/CHRG-118shrg57034/pdf/CHRG-118shrg57034.pdf","63.1 MB","https://www.govinfo.gov/content/pkg/CHRG-118shrg57034/html/CHRG-118shrg57034.htm","286.9 KB","","0 B","","0 B","","0 B","UNITED STATES SENATE ONE HUNDRED EIGHTEENTH CONGRESS SECOND SESSION APRIL 10, 2024 Printed for the use of the Committee on Foreign Relations [GRAPHIC(S) NOT AVAILABLE IN TIFF FORMAT] Available via http://www.govinfo.gov ______ U.S. GOVERNMENT PUBLISHING OFFICE 57-034 PDF WASHINGTON : 2024 COMMITTEE ON FOREIGN RELATIONS BENJAMIN L. CARDIN, Maryland,...","","2024-04-10"
"24","Congressional Hearings","CHRG-118shrg56665","CHRG-118shrg56665","Implementation of the U.S. Anti-Corruption Strategy","https://www.govinfo.gov/app/details/CHRG-118shrg56665/CHRG-118shrg56665","https://www.govinfo.gov/content/pkg/CHRG-118shrg56665/pdf/CHRG-118shrg56665.pdf","397.8 KB","https://www.govinfo.gov/content/pkg/CHRG-118shrg56665/html/CHRG-118shrg56665.htm","203.2 KB","","0 B","","0 B","","0 B"," EIGHTEENTH CONGRESS SECOND SESSION MARCH 21, 2024 Printed for the use of the Committee on Foreign Relations [GRAPHIC NOT AVAILABLE IN TIFF FORMAT] Available via http://www.govinfo.gov U.S. GOVERNMENT PUBLISHING OFFICE 56-665 PDF WASHINGTON : 2025 COMMITTEE ON FOREIGN RELATIONS BENJAMIN L. CARDIN, Maryland, Chairman ROBERT MENENDEZ, New Jersey ...","","2024-03-21"
"25","Congressional Hearings","CHRG-118shrg57663","CHRG-118shrg57663","U.S. Strategy in the Pacific Islands Region","https://www.govinfo.gov/app/details/CHRG-118shrg57663/CHRG-118shrg57663","https://www.govinfo.gov/content/pkg/CHRG-118shrg57663/pdf/CHRG-118shrg57663.pdf","19.4 MB","https://www.govinfo.gov/content/pkg/CHRG-118shrg57663/html/CHRG-118shrg57663.htm","240.9 KB","","0 B","","0 B","","0 B"," CONGRESS SECOND SESSION MARCH 14, 2024 Printed for the use of the Committee on Foreign Relations [GRAPHIC NOT AVAILABLE IN TIFF FORMAT] Available via http://www.govinfo.gov U.S. GOVERNMENT PUBLISHING OFFICE 57-663 PDF WASHINGTON : 2024 COMMITTEE ON FOREIGN RELATIONS BENJAMIN L. CARDIN, Maryland, Chairman ROBERT MENENDEZ, New Jersey JAMES E. ...","","2024-03-14"
"26","Congressional Hearings","CHRG-118shrg56892","CHRG-118shrg56892","Global Food Security","https://www.govinfo.gov/app/details/CHRG-118shrg56892/CHRG-118shrg56892","https://www.govinfo.gov/content/pkg/CHRG-118shrg56892/pdf/CHRG-118shrg56892.pdf","374.2 KB","https://www.govinfo.gov/content/pkg/CHRG-118shrg56892/html/CHRG-118shrg56892.htm","171.7 KB","","0 B","","0 B","","0 B"," MARCH 6, 2024 Printed for the use of the Committee on Foreign Relations [GRAPHIC(S) NOT AVAILABLE IN TIFF FORMAT] Available via http://www.govinfo.gov _______ U.S. GOVERNMENT PUBLISHING OFFICE 56-892 PDF WASHINGTON : 2024 COMMITTEE ON FOREIGN RELATIONS BENJAMIN L. CARDIN, Maryland, Chairman ROBERT MENENDEZ, New Jersey JAMES E. RISCH, Idaho ...","","2024-03-06"
"27","Congressional Hearings","CHRG-118shrg56429","CHRG-118shrg56429","Tehran's Shadow Army: Addressing Iran's Proxy Network in the Middle East","https://www.govinfo.gov/app/details/CHRG-118shrg56429/CHRG-118shrg56429","https://www.govinfo.gov/content/pkg/CHRG-118shrg56429/pdf/CHRG-118shrg56429.pdf","45.3 MB","https://www.govinfo.gov/content/pkg/CHRG-118shrg56429/html/CHRG-118shrg56429.htm","143.0 KB","","0 B","","0 B","","0 B"," SENATE ONE HUNDRED EIGHTEENTH CONGRESS SECOND SESSION FEBRUARY 28, 2024 Printed for the use of the Committee on Foreign Relations [GRAPHIC NOT AVAILABLE IN TIFF FORMAT] Available via http://www.govinfo.gov U.S. GOVERNMENT PUBLISHING OFFICE 56-429 PDF WASHINGTON : 2024 COMMITTEE ON FOREIGN RELATIONS BENJAMIN L. CARDIN, Maryland, Chairman ROBERT ...","","2024-02-28"
"28","Congressional Hearings","CHRG-118shrg56326","CHRG-118shrg56326","Yemen and Red Sea Security Issues","https://www.govinfo.gov/app/details/CHRG-118shrg56326/CHRG-118shrg56326","https://www.govinfo.gov/content/pkg/CHRG-118shrg56326/pdf/CHRG-118shrg56326.pdf","3.4 MB","https://www.govinfo.gov/content/pkg/CHRG-118shrg56326/html/CHRG-118shrg56326.htm","158.9 KB","","0 B","","0 B","","0 B"," COMMITTEE ON FOREIGN RELATIONS UNITED STATES SENATE ONE HUNDRED EIGHTEENTH CONGRESS SECOND SESSION FEBRUARY 27, 2024 Printed for the use of the Committee on Foreign Relations [GRAPHIC NOT AVAILABLE IN TIFF FORMAT] Available via http://www.govinfo.gov U.S. GOVERNMENT PUBLISHING OFFICE 56-326 PDF WASHINGTON : 2024 COMMITTEE ON FOREIGN RELATIONS ...","","2024-02-27"
"29","Congressional Hearings","CHRG-118shrg56031","CHRG-118shrg56031","The North Atlantic Treaty Organization at 75: Reflecting on Past Successes and Planning for the Future","https://www.govinfo.gov/app/details/CHRG-118shrg56031/CHRG-118shrg56031","https://www.govinfo.gov/content/pkg/CHRG-118shrg56031/pdf/CHRG-118shrg56031.pdf","1.7 MB","https://www.govinfo.gov/content/pkg/CHRG-118shrg56031/html/CHRG-118shrg56031.htm","141.5 KB","","0 B","","0 B","","0 B"," ON EUROPE AND REGIONAL SECURITY COOPERATION OF THE COMMITTEE ON FOREIGN RELATIONS UNITED STATES SENATE ONE HUNDRED EIGHTEENTH CONGRESS SECOND SESSION JANUARY 31, 2024 Printed for the use of the Committee on Foreign Relations [GRAPHIC NOT AVAILABLE IN TIFF FORMAT] Available via http://www.govinfo.gov U.S. GOVERNMENT PUBLISHING OFFICE 56-031 PDF ...","","2024-01-31"
"30","Congressional Hearings","CHRG-118shrg60078","CHRG-118shrg60078","NOMINATIONS OF THE 118th CONGRESS, SECOND SESSION, PART 1","https://www.govinfo.gov/app/details/CHRG-118shrg60078/CHRG-118shrg60078","https://www.govinfo.gov/content/pkg/CHRG-118shrg60078/pdf/CHRG-118shrg60078.pdf","70.6 MB","https://www.govinfo.gov/content/pkg/CHRG-118shrg60078/html/CHRG-118shrg60078.htm","1.1 MB","","0 B","","0 B","","0 B"," HUNDRED EIGHTEENTH CONGRESS SECOND SESSION January 3, 2024 to January 3, 2025 Part I Printed for the use of the Committee on Foreign Relations [GRAPHIC NOT AVAILABLE IN TIFF FORMAT] Available via the World Wide Web: http://www.govinfo.gov U.S. GOVERNMENT PUBLISHING OFFICE 60-078 PDF WASHINGTON : 2025 COMMITTEE ON FOREIGN RELATIONS 118th Congress, ...","","2024-01-03"
"31","Congressional Hearings","CHRG-118shrg60079","CHRG-118shrg60079","NOMINATIONS OF THE 118TH CONGRESS, SECOND SESSION, PART II","https://www.govinfo.gov/app/details/CHRG-118shrg60079/CHRG-118shrg60079","https://www.govinfo.gov/content/pkg/CHRG-118shrg60079/pdf/CHRG-118shrg60079.pdf","2.5 MB","https://www.govinfo.gov/content/pkg/CHRG-118shrg60079/html/CHRG-118shrg60079.htm","1.8 KB","","0 B","","0 B","","0 B"," HUNDRED EIGHTEENTH CONGRESS SECOND SESSION January 3, 2024 to January 3, 2025 Part II Printed for the use of the Committee on Foreign Relations ( Available via the World Wide Web: http://www.govinfo.gov N O M IN A T IO N S O F T H E 118th C O N G R E SS, SE C O N D SE SSIO N , P A R T II U.S. GOVERNMENT PUBLISHING OFFICE WASHINGTON : 60–079 PDF ...","","2024-01-03"
"32","Congressional Hearings","CHRG-118shrg56030","CHRG-118shrg56030","Transnational Repression: Authoritarians Targeting Dissenters Abroad","https://www.govinfo.gov/app/details/CHRG-118shrg56030/CHRG-118shrg56030","https://www.govinfo.gov/content/pkg/CHRG-118shrg56030/pdf/CHRG-118shrg56030.pdf","13.7 MB","https://www.govinfo.gov/content/pkg/CHRG-118shrg56030/html/CHRG-118shrg56030.htm","124.2 KB","","0 B","","0 B","","0 B","SENATE ONE HUNDRED EIGHTEENTH CONGRESS FIRST SESSION DECEMBER 6, 2023 Printed for the use of the Committee on Foreign Relations [GRAPHIC NOT AVAILABLE IN TIFF FORMAT] Available via http://www.govinfo.gov U.S. GOVERNMENT PUBLISHING OFFICE 56-030 PDF WASHINGTON : 2024 COMMITTEE ON FOREIGN RELATIONS BENJAMIN L. CARDIN, Maryland, Chairman ROBERT ...","","2023-12-06"
"33","Congressional Hearings","CHRG-118shrg55804","CHRG-118shrg55804","U.S. Leadership on Artificial Intelligence in an Era of Strategic Competition","https://www.govinfo.gov/app/details/CHRG-118shrg55804/CHRG-118shrg55804","https://www.govinfo.gov/content/pkg/CHRG-118shrg55804/pdf/CHRG-118shrg55804.pdf","1.9 MB","https://www.govinfo.gov/content/pkg/CHRG-118shrg55804/html/CHRG-118shrg55804.htm","142.8 KB","","0 B","","0 B","","0 B"," STATES SENATE ONE HUNDRED EIGHTEENTH CONGRESS FIRST SESSION NOVEMBER 15, 2023 Printed for the use of the Committee on Foreign Relations [GRAPHIC NOT AVAILABLE IN TIFF FORMAT] Available via http://www.govinfo.gov U.S. GOVERNMENT PUBLISHING OFFICE 55-804 PDF WASHINGTON : 2024 COMMITTEE ON FOREIGN RELATIONS BENJAMIN L. CARDIN, Maryland, Chairman ...","","2023-11-15"
"34","Congressional Hearings","CHRG-118shrg55027","CHRG-118shrg55027","U.S. National Security Interests in Ukraine","https://www.govinfo.gov/app/details/CHRG-118shrg55027/CHRG-118shrg55027","https://www.govinfo.gov/content/pkg/CHRG-118shrg55027/pdf/CHRG-118shrg55027.pdf","402.6 KB","https://www.govinfo.gov/content/pkg/CHRG-118shrg55027/html/CHRG-118shrg55027.htm","237.1 KB","","0 B","","0 B","","0 B"," CONGRESS FIRST SESSION NOVEMBER 8, 2023 Printed for the use of the Committee on Foreign Relations [GRAPHIC NOT AVAILABLE IN TIFF FORMAT] Available via http://www.govinfo.gov U.S. GOVERNMENT PUBLISHING OFFICE 55-027 PDF WASHINGTON : 2024 COMMITTEE ON FOREIGN RELATIONS BENJAMIN L. CARDIN, Maryland, Chairman ROBERT MENENDEZ, New Jersey JAMES E. ...","","2023-11-08"
"35","Congressional Hearings","CHRG-118shrg55321","CHRG-118shrg55321","Assessing the Department of State's Strategy for Security in the Black Sea Region","https://www.govinfo.gov/app/details/CHRG-118shrg55321/CHRG-118shrg55321","https://www.govinfo.gov/content/pkg/CHRG-118shrg55321/pdf/CHRG-118shrg55321.pdf","2.4 MB","https://www.govinfo.gov/content/pkg/CHRG-118shrg55321/html/CHRG-118shrg55321.htm","85.3 KB","","0 B","","0 B","","0 B"," SECURITY COOPERATION OF THE COMMITTEE ON FOREIGN RELATIONS UNITED STATES SENATE ONE HUNDRED EIGHTEENTH CONGRESS FIRST SESSION OCTOBER 25, 2023 Printed for the use of the Committee on Foreign Relations [GRAPHIC NOT AVAILABLE IN TIFF FORMAT] Available via http://www.govinfo.gov U.S. GOVERNMENT PUBLISHING OFFICE 53-137 PDF WASHINGTON : 2024 ...","","2023-10-25"
"36","Congressional Hearings","CHRG-118shrg55043","CHRG-118shrg55043","Instability in the Sahel and West Africa: Implications for U.S. Policy","https://www.govinfo.gov/app/details/CHRG-118shrg55043/CHRG-118shrg55043","https://www.govinfo.gov/content/pkg/CHRG-118shrg55043/pdf/CHRG-118shrg55043.pdf","632.2 KB","https://www.govinfo.gov/content/pkg/CHRG-118shrg55043/html/CHRG-118shrg55043.htm","119.8 KB","","0 B","","0 B","","0 B"," SENATE ONE HUNDRED EIGHTEENTH CONGRESS FIRST SESSION OCTOBER 24, 2023 Printed for the use of the Committee on Foreign Relations [GRAPHIC(S) NOT AVAILABLE IN TIFF FORMAT] Available via http://www.govinfo.gov ______ U.S. GOVERNMENT PUBLISHING OFFICE 55-043 PDF WASHINGTON : 2024 COMMITTEE ON FOREIGN RELATIONS BENJAMIN L. CARDIN, Maryland, Chairman ...","","2023-10-24"
"37","Congressional Hearings","CHRG-118shrg55727","CHRG-118shrg55727","Security on the Korean Peninsula","https://www.govinfo.gov/app/details/CHRG-118shrg55727/CHRG-118shrg55727","https://www.govinfo.gov/content/pkg/CHRG-118shrg55727/pdf/CHRG-118shrg55727.pdf","357.7 KB","https://www.govinfo.gov/content/pkg/CHRG-118shrg55727/html/CHRG-118shrg55727.htm","171.2 KB","","0 B","","0 B","","0 B"," THE COMMITTEE ON FOREIGN RELATIONS UNITED STATES SENATE ONE HUNDRED EIGHTEENTH CONGRESS FIRST SESSION OCTOBER 4, 2023 Printed for the use of the Committee on Foreign Relations [GRAPHIC(S) NOT AVAILABLE IN TIFF FORMAT] Available via http://www.govinfo.gov ______ U.S. GOVERNMENT PUBLISHING OFFICE 55-727 PDF WASHINGTON : 2024 COMMITTEE ON FOREIGN ...","","2023-10-04"
"38","Congressional Hearings","CHRG-118shrg55726","CHRG-118shrg55726","Build Act Reauthorization and Development Finance Corporation Oversight","https://www.govinfo.gov/app/details/CHRG-118shrg55726/CHRG-118shrg55726","https://www.govinfo.gov/content/pkg/CHRG-118shrg55726/pdf/CHRG-118shrg55726.pdf","5.5 MB","https://www.govinfo.gov/content/pkg/CHRG-118shrg55726/html/CHRG-118shrg55726.htm","235.7 KB","","0 B","","0 B","","0 B"," SENATE ONE HUNDRED EIGHTEENTH CONGRESS FIRST SESSION OCTOBER 4, 2023 Printed for the use of the Committee on Foreign Relations [GRAPHIC(S) NOT AVAILABLE IN TIFF FORMAT] Available via http://www.govinfo.gov ______ U.S. GOVERNMENT PUBLISHING OFFICE 55-726 PDF WASHINGTON : 2024 COMMITTEE ON FOREIGN RELATIONS BENJAMIN L. CARDIN, Maryland, Chairman ...","","2023-10-04"
"39","Congressional Hearings","CHRG-118shrg55725","CHRG-118shrg55725","Assessing the Crisis in Nagorno-Karabakh","https://www.govinfo.gov/app/details/CHRG-118shrg55725/CHRG-118shrg55725","https://www.govinfo.gov/content/pkg/CHRG-118shrg55725/pdf/CHRG-118shrg55725.pdf","3.2 MB","https://www.govinfo.gov/content/pkg/CHRG-118shrg55725/html/CHRG-118shrg55725.htm","91.7 KB","","0 B","","0 B","","0 B"," CONGRESS FIRST SESSION SEPTEMBER 14, 2023 Printed for the use of the Committee on Foreign Relations [GRAPHIC NOT AVAILABLE IN TIFF FORMAT] Available via http://www.govinfo.gov U.S. GOVERNMENT PUBLISHING OFFICE 55-725 PDF WASHINGTON : 2024 COMMITTEE ON FOREIGN RELATIONS ROBERT MENENDEZ, New Jersey, Chairman BENJAMIN L. CARDIN, Maryland JAMES E. ...","","2023-09-14"
"40","Congressional Hearings","CHRG-118shrg55542","CHRG-118shrg55542","Fiscal Year 2024 Budget Priorities for the Western Hemisphere","https://www.govinfo.gov/app/details/CHRG-118shrg55542/CHRG-118shrg55542","https://www.govinfo.gov/content/pkg/CHRG-118shrg55542/pdf/CHRG-118shrg55542.pdf","1.1 MB","https://www.govinfo.gov/content/pkg/CHRG-118shrg55542/html/CHRG-118shrg55542.htm","140.6 KB","","0 B","","0 B","","0 B",", CIVILIAN SECURITY, DEMOCRACY, HUMAN RIGHTS, AND GLOBAL WOMEN'S ISSUES OF THE COMMITTEE ON FOREIGN RELATIONS UNITED STATES SENATE ONE HUNDRED EIGHTEENTH CONGRESS FIRST SESSION SEPTEMBER 7, 2023 Printed for the use of the Committee on Foreign Relations [GRAPHIC NOT AVAILABLE IN TIFF FORMAT] Available via http://www.govinfo.gov U.S. GOVERNMENT ...","","2023-09-07"
"41","Congressional Hearings","CHRG-118shrg55541","CHRG-118shrg55541","Haiti: Next Steps on the International Response","https://www.govinfo.gov/app/details/CHRG-118shrg55541/CHRG-118shrg55541","https://www.govinfo.gov/content/pkg/CHRG-118shrg55541/pdf/CHRG-118shrg55541.pdf","317.0 KB","https://www.govinfo.gov/content/pkg/CHRG-118shrg55541/html/CHRG-118shrg55541.htm","105.8 KB","","0 B","","0 B","","0 B","SECURITY, DEMOCRACY, HUMAN RIGHTS, AND GLOBAL WOMEN'S ISSUES OF THE COMMITTEE ON FOREIGN RELATIONS UNITED STATES SENATE ONE HUNDRED EIGHTEENTH CONGRESS FIRST SESSION JULY 27, 2023 Printed for the use of the Committee on Foreign Relations [GRAPHIC(S) NOT AVAILABLE IN TIFF FORMAT] Available via http://www.govinfo.gov ______ U.S. GOVERNMENT PUBLISHING...","","2023-07-27"
"42","Congressional Hearings","CHRG-118shrg55540","CHRG-118shrg55540","U.S. Economic Security: Addressing Economic Coercion and. Increasing Competitiveness","https://www.govinfo.gov/app/details/CHRG-118shrg55540/CHRG-118shrg55540","https://www.govinfo.gov/content/pkg/CHRG-118shrg55540/pdf/CHRG-118shrg55540.pdf","14.3 MB","https://www.govinfo.gov/content/pkg/CHRG-118shrg55540/html/CHRG-118shrg55540.htm","173.3 KB","","0 B","","0 B","","0 B"," UNITED STATES SENATE ONE HUNDRED EIGHTEENTH CONGRESS FIRST SESSION JULY 26, 2023 Printed for the use of the Committee on Foreign Relations [GRAPHIC NOT AVAILABLE IN TIFF FORMAT] Available via http://www.govinfo.gov U.S. GOVERNMENT PUBLISHING OFFICE 55-540 PDF WASHINGTON : 2024 COMMITTEE ON FOREIGN RELATIONS ROBERT MENENDEZ, New Jersey, Chairman ...","","2023-07-26"
"43","Congressional Hearings","CHRG-118shrg53198","CHRG-118shrg53198","Examining U.S. and Global Commitments to Combatting Human Trafficking","https://www.govinfo.gov/app/details/CHRG-118shrg53198/CHRG-118shrg53198","https://www.govinfo.gov/content/pkg/CHRG-118shrg53198/pdf/CHRG-118shrg53198.pdf","311.9 KB","https://www.govinfo.gov/content/pkg/CHRG-118shrg53198/html/CHRG-118shrg53198.htm","99.8 KB","","0 B","","0 B","","0 B","SENATE ONE HUNDRED EIGHTEENTH CONGRESS FIRST SESSION JUNE 22, 2023 Printed for the use of the Committee on Foreign Relations [GRAPHIC NOT AVAILABLE IN TIFF FORMAT] Available via http://www.govinfo.gov U.S. GOVERNMENT PUBLISHING OFFICE 53-198 PDF WASHINGTON : 2023 COMMITTEE ON FOREIGN RELATIONS ROBERT MENENDEZ, New Jersey, Chairman BENJAMIN L. ...","","2023-06-22"
"44","Congressional Hearings","CHRG-118shrg53258","CHRG-118shrg53258","State Department Services for the American People: An Overview of Consular Affairs and Programs","https://www.govinfo.gov/app/details/CHRG-118shrg53258/CHRG-118shrg53258","https://www.govinfo.gov/content/pkg/CHRG-118shrg53258/pdf/CHRG-118shrg53258.pdf","338.9 KB","https://www.govinfo.gov/content/pkg/CHRG-118shrg53258/html/CHRG-118shrg53258.htm","162.5 KB","","0 B","","0 B","","0 B"," RELATIONS UNITED STATES SENATE ONE HUNDRED EIGHTEENTH CONGRESS FIRST SESSION JUNE 7, 2023 Printed for the use of the Committee on Foreign Relations [GRAPHIC(S) NOT AVAILABLE IN TIFF FORMAT] Available via http://www.govinfo.gov ______ U.S. GOVERNMENT PUBLISHING OFFICE 53-258 PDF WASHINGTON : 2024 COMMITTEE ON FOREIGN RELATIONS ROBERT MENENDEZ, New...","","2023-06-07"
"45","Congressional Hearings","CHRG-118shrg53193","CHRG-118shrg53193","Aligning Transatlantic Approaches on China","https://www.govinfo.gov/app/details/CHRG-118shrg53193/CHRG-118shrg53193","https://www.govinfo.gov/content/pkg/CHRG-118shrg53193/pdf/CHRG-118shrg53193.pdf","327.7 KB","https://www.govinfo.gov/content/pkg/CHRG-118shrg53193/html/CHRG-118shrg53193.htm","139.4 KB","","0 B","","0 B","","0 B"," ON FOREIGN RELATIONS UNITED STATES SENATE ONE HUNDRED EIGHTEENTH CONGRESS FIRST SESSION JUNE 7, 2023 Printed for the use of the Committee on Foreign Relations [GRAPHC NOT AVAILABLE IN TIFF FORMAT] Available via http://www.govinfo.gov U.S. GOVERNMENT PUBLISHING OFFICE 53-193 PDF WASHINGTON : 2023 COMMITTEE ON FOREIGN RELATIONS ROBERT MENENDEZ, New...","","2023-06-07"
"46","Congressional Hearings","CHRG-118shrg53153","CHRG-118shrg53153","Accountability for Russian Atrocities in Ukraine","https://www.govinfo.gov/app/details/CHRG-118shrg53153/CHRG-118shrg53153","https://www.govinfo.gov/content/pkg/CHRG-118shrg53153/pdf/CHRG-118shrg53153.pdf","299.4 KB","https://www.govinfo.gov/content/pkg/CHRG-118shrg53153/html/CHRG-118shrg53153.htm","101.9 KB","","0 B","","0 B","","0 B"," CONGRESS FIRST SESSION MAY 31, 2023 Printed for the use of the Committee on Foreign Relations [GRAPHIC NOT AVAILABLE IN TIFF FORMAT] Available via http://www.govinfo.gov U.S. GOVERNMENT PUBLISHING OFFICE 53-153 PDF WASHINGTON : 2023 COMMITTEE ON FOREIGN RELATIONS ROBERT MENENDEZ, New Jersey, Chairman BENJAMIN L. CARDIN, Maryland JAMES E. ...","","2023-05-31"
"47","Congressional Hearings","CHRG-118shrg53152","CHRG-118shrg53152","Fiscal Year 2024 Budget Request for the Middle East and North Africa","https://www.govinfo.gov/app/details/CHRG-118shrg53152/CHRG-118shrg53152","https://www.govinfo.gov/content/pkg/CHRG-118shrg53152/pdf/CHRG-118shrg53152.pdf","310.0 KB","https://www.govinfo.gov/content/pkg/CHRG-118shrg53152/html/CHRG-118shrg53152.htm","121.6 KB","","0 B","","0 B","","0 B"," ASIA, AND COUNTERTERRORISM OF THE COMMITTEE ON FOREIGN RELATIONS UNITED STATES SENATE ONE HUNDRED EIGHTEENTH CONGRESS FIRST SESSION MAY 31, 2023 Printed for the use of the Committee on Foreign Relations [GRAPHIC NOT AVAILABLE IN TIFF FORMAT] Available via http://www.govinfo.gov U.S. GOVERNMENT PUBLISHING OFFICE 53-152 PDF WASHINGTON : 2023 ...","","2023-05-31"
"48","Congressional Hearings","CHRG-118shrg53053","CHRG-118shrg53053","Assessing U.S. Policy Towards the Western Balkans","https://www.govinfo.gov/app/details/CHRG-118shrg53053/CHRG-118shrg53053","https://www.govinfo.gov/content/pkg/CHRG-118shrg53053/pdf/CHRG-118shrg53053.pdf","289.0 KB","https://www.govinfo.gov/content/pkg/CHRG-118shrg53053/html/CHRG-118shrg53053.htm","88.4 KB","","0 B","","0 B","","0 B"," CONGRESS FIRST SESSION MAY 18, 2023 Printed for the use of the Committee on Foreign Relations [GRAPHIC NOT AVAILABLE IN TIFF FORMAT] Available via http://www.govinfo.gov U.S. GOVERNMENT PUBLISHING OFFICE 53-053 PDF WASHINGTON : 2023 COMMITTEE ON FOREIGN RELATIONS ROBERT MENENDEZ, New Jersey, Chairman BENJAMIN L. CARDIN, Maryland JAMES E. ...","","2023-05-18"
"49","Congressional Hearings","CHRG-118shrg53280","CHRG-118shrg53280","What Comes Next for U.S. Policy Towards Russia?","https://www.govinfo.gov/app/details/CHRG-118shrg53280/CHRG-118shrg53280","https://www.govinfo.gov/content/pkg/CHRG-118shrg53280/pdf/CHRG-118shrg53280.pdf","328.2 KB","https://www.govinfo.gov/content/pkg/CHRG-118shrg53280/html/CHRG-118shrg53280.htm","137.9 KB","","0 B","","0 B","","0 B"," CONGRESS FIRST SESSION MAY 16, 2023 Printed for the use of the Committee on Foreign Relations [GRAPHIC NOT AVAILABLE IN TIFF FORMAT] Available via http://www.govinfo.gov U.S. GOVERNMENT PUBLISHING OFFICE 53-280 PDF WASHINGTON : 2023 COMMITTEE ON FOREIGN RELATIONS ROBERT MENENDEZ, New Jersey, Chairman BENJAMIN L. CARDIN, Maryland JAMES E. ...","","2023-05-16"
"50","Congressional Hearings","CHRG-118shrg55444","CHRG-118shrg55444","Conflict in Sudan: Options for an Effective Policy Response","https://www.govinfo.gov/app/details/CHRG-118shrg55444/CHRG-118shrg55444","https://www.govinfo.gov/content/pkg/CHRG-118shrg55444/pdf/CHRG-118shrg55444.pdf","2.8 MB","https://www.govinfo.gov/content/pkg/CHRG-118shrg55444/html/CHRG-118shrg55444.htm","254.7 KB","","0 B","","0 B","","0 B"," HUNDRED EIGHTEENTH CONGRESS FIRST SESSION MAY 10, 2023 Printed for the use of the Committee on Foreign Relations [GRAPHIC NOT AVAILABLE IN TIFF FORMAT] Available via http://www.govinfo.gov U.S. GOVERNMENT PUBLISHING OFFICE 55-444 PDF WASHINGTON : 2024 COMMITTEE ON FOREIGN RELATIONS ROBERT MENENDEZ, New Jersey, Chairman BENJAMIN L. CARDIN, ...","","2023-05-10"
"51","Congressional Hearings","CHRG-118shrg53054","CHRG-118shrg53054","The Global Information Wars: Is the U.S. Winning or Losing?","https://www.govinfo.gov/app/details/CHRG-118shrg53054/CHRG-118shrg53054","https://www.govinfo.gov/content/pkg/CHRG-118shrg53054/pdf/CHRG-118shrg53054.pdf","17.1 MB","https://www.govinfo.gov/content/pkg/CHRG-118shrg53054/html/CHRG-118shrg53054.htm","208.8 KB","","0 B","","0 B","","0 B","INTERNATIONAL OPERATIONS, AND BILATERAL INTERNATIONAL DEVELOPMENT OF THE COMMITTEE ON FOREIGN RELATIONS UNITED STATES SENATE ONE HUNDRED EIGHTEENTH CONGRESS FIRST SESSION MAY 3, 2023 Printed for the use of the Committee on Foreign Relations [GRAPHIC NOT AVAILABLE IN TIFF FORMAT] Available via http://www.govinfo.gov U.S. GOVERNMENT PUBLISHING OFFICE...","","2023-05-03"
"52","Congressional Hearings","CHRG-118shrg53436","CHRG-118shrg53436","Fiscal Year 2024 Budget Request for East Asia and the Pacific","https://www.govinfo.gov/app/details/CHRG-118shrg53436/CHRG-118shrg53436","https://www.govinfo.gov/content/pkg/CHRG-118shrg53436/pdf/CHRG-118shrg53436.pdf","329.7 KB","https://www.govinfo.gov/content/pkg/CHRG-118shrg53436/html/CHRG-118shrg53436.htm","150.2 KB","","0 B","","0 B","","0 B"," CYBERSECURITY POLICY OF THE COMMITTEE ON FOREIGN RELATIONS UNITED STATES SENATE ONE HUNDRED EIGHTEENTH CONGRESS FIRST SESSION MAY 2, 2023 Printed for the use of the Committee on Foreign Relations [GRAPHIC NOT AVAILABLE IN TIFF FORMAT] Available via http://www.govinfo.gov U.S. GOVERNMENT PUBLISHING OFFICE 53-436 PDF WASHINGTON : 2023 COMMITTEE...","","2023-05-02"
"53","Congressional Hearings","CHRG-118shrg53434","CHRG-118shrg53434","Review of the Fiscal Year 2024 United States Agency for International Development Budget","https://www.govinfo.gov/app/details/CHRG-118shrg53434/CHRG-118shrg53434","https://www.govinfo.gov/content/pkg/CHRG-118shrg53434/pdf/CHRG-118shrg53434.pdf","3.7 MB","https://www.govinfo.gov/content/pkg/CHRG-118shrg53434/html/CHRG-118shrg53434.htm","468.0 KB","","0 B","","0 B","","0 B"," UNITED STATES SENATE ONE HUNDRED EIGHTEENTH CONGRESS FIRST SESSION APRIL 26, 2023 Printed for the use of the Committee on Foreign Relations [GRAPHIC NOT AVAILABLE IN TIFF FORMAT] Available via http://www.govinfo.gov ______ U.S. GOVERNMENT PUBLISHING OFFICE 53-434 PDF WASHINGTON : 2023 COMMITTEE ON FOREIGN RELATIONS ROBERT MENENDEZ, New Jersey...","","2023-04-26"
"54","Congressional Hearings","CHRG-118shrg53007","CHRG-118shrg53007","U.S. Policy on Tunisia","https://www.govinfo.gov/app/details/CHRG-118shrg53007/CHRG-118shrg53007","https://www.govinfo.gov/content/pkg/CHRG-118shrg53007/pdf/CHRG-118shrg53007.pdf","303.4 KB","https://www.govinfo.gov/content/pkg/CHRG-118shrg53007/html/CHRG-118shrg53007.htm","96.3 KB","","0 B","","0 B","","0 B"," FOREIGN RELATIONS UNITED STATES SENATE ONE HUNDRED EIGHTEENTH CONGRESS FIRST SESSION APRIL 26, 2023 Printed for the use of the Committee on Foreign Relations [GRAPHIC NOT AVAILABLE IN TIFF FORMAT] Available via http://www.govinfo.gov ______ U.S. GOVERNMENT PUBLISHING OFFICE 53-007 PDF WASHINGTON : 2026 COMMITTEE ON FOREIGN RELATIONS ROBERT ...","","2023-04-26"
"55","Congressional Hearings","CHRG-118shrg52968","CHRG-118shrg52968","PEPFAR at 20: Achieving and Sustaining Epidemic Control","https://www.govinfo.gov/app/details/CHRG-118shrg52968/CHRG-118shrg52968","https://www.govinfo.gov/content/pkg/CHRG-118shrg52968/pdf/CHRG-118shrg52968.pdf","1.2 MB","https://www.govinfo.gov/content/pkg/CHRG-118shrg52968/html/CHRG-118shrg52968.htm","140.8 KB","","0 B","","0 B","","0 B"," EIGHTEENTH CONGRESS FIRST SESSION APRIL 19, 2023 Printed for the use of the Committee on Foreign Relations [GRAPHIC NOT AVAILABLE IN TIFF FORMAT] Available via http://www.govinfo.gov U.S. GOVERNMENT PUBLISHING OFFICE 52-968 PDF WASHINGTON : 2023 COMMITTEE ON FOREIGN RELATIONS ROBERT MENENDEZ, New Jersey, Chairman BENJAMIN L. CARDIN, Maryland ...","","2023-04-19"
"56","Congressional Hearings","CHRG-118shrg53279","CHRG-118shrg53279","U.S. Support of Democracy and Human Rights","https://www.govinfo.gov/app/details/CHRG-118shrg53279/CHRG-118shrg53279","https://www.govinfo.gov/content/pkg/CHRG-118shrg53279/pdf/CHRG-118shrg53279.pdf","345.7 KB","https://www.govinfo.gov/content/pkg/CHRG-118shrg53279/html/CHRG-118shrg53279.htm","152.7 KB","","0 B","","0 B","","0 B"," CONGRESS FIRST SESSION MARCH 28, 2023 Printed for the use of the Committee on Foreign Relations [GRAPHIC NOT AVAILABLE IN TIFF FORMAT] Available via http://www.govinfo.gov U.S. GOVERNMENT PUBLISHING OFFICE 53-279 PDF WASHINGTON : 2023 COMMITTEE ON FOREIGN RELATIONS ROBERT MENENDEZ, New Jersey, Chairman BENJAMIN L. CARDIN, Maryland JAMES E. RISCH...","","2023-03-28"
"57","Congressional Hearings","CHRG-118shrg52967","CHRG-118shrg52967","American Diplomacy and Global Leadership: Review of the Fiscal Year 2024 State Department Budget Request","https://www.govinfo.gov/app/details/CHRG-118shrg52967/CHRG-118shrg52967","https://www.govinfo.gov/content/pkg/CHRG-118shrg52967/pdf/CHRG-118shrg52967.pdf","815.5 KB","https://www.govinfo.gov/content/pkg/CHRG-118shrg52967/html/CHRG-118shrg52967.htm","491.9 KB","","0 B","","0 B","","0 B","ON FOREIGN RELATIONS UNITED STATES SENATE ONE HUNDRED EIGHTEENTH CONGRESS FIRST SESSION MARCH 22, 2023 Printed for the use of the Committee on Foreign Relations [GRAPHIC NOT AVAILABLE IN TIFF FORMAT] Available via http://www.govinfo.gov U.S. GOVERNMENT PUBLISHING OFFICE 52-967 PDF WASHINGTON : 2023 COMMITTEE ON FOREIGN RELATIONS ROBERT MENENDEZ, ...","","2023-03-22"
"58","Congressional Hearings","CHRG-118shrg52837","CHRG-118shrg52837","The Future of U.S.-Brazil Relations","https://www.govinfo.gov/app/details/CHRG-118shrg52837/CHRG-118shrg52837","https://www.govinfo.gov/content/pkg/CHRG-118shrg52837/pdf/CHRG-118shrg52837.pdf","322.2 KB","https://www.govinfo.gov/content/pkg/CHRG-118shrg52837/html/CHRG-118shrg52837.htm","139.5 KB","","0 B","","0 B","","0 B"," FIRST SESSION MARCH 15, 2023 Printed for the use of the Committee on Foreign Relations [GRAPHIC NOT AVAILABLE IN TIFF FORMAT] Available via http://www.govinfo.gov U.S. GOVERNMENT PUBLISHING OFFICE 52-837 PDF WASHINGTON : 2023 COMMITTEE ON FOREIGN RELATIONS ROBERT MENENDEZ, New Jersey, Chairman BENJAMIN L. CARDIN, Maryland JAMES E. RISCH, Idaho...","","2023-03-15"
"59","Congressional Hearings","CHRG-118shrg53433","CHRG-118shrg53433","Usaid Localization: Challenges, Opportunities, and Next Steps to Further Development Initiatives on the Local Level","https://www.govinfo.gov/app/details/CHRG-118shrg53433/CHRG-118shrg53433","https://www.govinfo.gov/content/pkg/CHRG-118shrg53433/pdf/CHRG-118shrg53433.pdf","2.5 MB","https://www.govinfo.gov/content/pkg/CHRG-118shrg53433/html/CHRG-118shrg53433.htm","283.7 KB","","0 B","","0 B","","0 B"," THE SUBCOMMITTEE ON STATE DEPARTMENT AND USAID MANAGEMENT, INTERNATIONAL OPERATIONS, AND BILATERAL INTERNATIONAL DEVELOPMENT OF THE COMMITTEE ON FOREIGN RELATIONS UNITED STATES SENATE ONE HUNDRED EIGHTEENTH CONGRESS FIRST SESSION MARCH 9, 2023 Printed for the use of the Committee on Foreign Relations [GRAPHIC NOT AVAILABLE IN TIFF FORMAT] ...","","2023-03-09"
"60","Congressional Hearings","CHRG-118shrg52836","CHRG-118shrg52836","Geopolitical Competition and Energy Security in Central Asia","https://www.govinfo.gov/app/details/CHRG-118shrg52836/CHRG-118shrg52836","https://www.govinfo.gov/content/pkg/CHRG-118shrg52836/pdf/CHRG-118shrg52836.pdf","292.1 KB","https://www.govinfo.gov/content/pkg/CHRG-118shrg52836/html/CHRG-118shrg52836.htm","97.9 KB","","0 B","","0 B","","0 B"," COUNTERTERRORISM OF THE COMMITTEE ON FOREIGN RELATIONS UNITED STATES SENATE ONE HUNDRED EIGHTEENTH CONGRESS FIRST SESSION MARCH 8, 2023 Printed for the use of the Committee on Foreign Relations [GRAPHIC NOT AVAILABLE IN TIFF FORMAT] Available via http://www.govinfo.gov U.S. GOVERNMENT PUBLISHING OFFICE 52-836 PDF WASHINGTON : 2023 COMMITTEE ON ...","","2023-03-08"
"61","Congressional Hearings","CHRG-118shrg54410","CHRG-118shrg54410","Countering Illicit Fentanyl Trafficking","https://www.govinfo.gov/app/details/CHRG-118shrg54410/CHRG-118shrg54410","https://www.govinfo.gov/content/pkg/CHRG-118shrg54410/pdf/CHRG-118shrg54410.pdf","19.1 MB","https://www.govinfo.gov/content/pkg/CHRG-118shrg54410/html/CHRG-118shrg54410.htm","199.2 KB","","0 B","","0 B","","0 B"," CONGRESS FIRST SESSION FEBRUARY 15, 2023 Printed for the use of the Committee on Foreign Relations [GRAPHIC NOT AVAILABLE IN TIFF FORMAT] Available via http://www.govinfo.gov U.S. GOVERNMENT PUBLISHING OFFICE 54-410 PDF WASHINGTON : 2024 COMMITTEE ON FOREIGN RELATIONS ROBERT MENENDEZ, New Jersey, Chairman BENJAMIN L. CARDIN, Maryland JAMES E. ...","","2023-02-15"
"62","Congressional Hearings","CHRG-118shrg54999","CHRG-118shrg54999","Evaluating U.S.-China Policy in the Era of Strategic Competition","https://www.govinfo.gov/app/details/CHRG-118shrg54999/CHRG-118shrg54999","https://www.govinfo.gov/content/pkg/CHRG-118shrg54999/pdf/CHRG-118shrg54999.pdf","2.8 MB","https://www.govinfo.gov/content/pkg/CHRG-118shrg54999/html/CHRG-118shrg54999.htm","276.8 KB","","0 B","","0 B","","0 B"," ONE HUNDRED EIGHTEENTH CONGRESS FIRST SESSION FEBRUARY 9, 2023 Printed for the use of the Committee on Foreign Relations [GRAPHIC NOT AVAILABLE IN TIFF FORMAT] Available via http://www.govinfo.gov U.S. GOVERNMENT PUBLISHING OFFICE 54-999 PDF WASHINGTON : 2024 COMMITTEE ON FOREIGN RELATIONS ROBERT MENENDEZ, New Jersey, Chairman BENJAMIN L. CARDIN...","","2023-02-09"
"63","Congressional Hearings","CHRG-118shrg52759","CHRG-118shrg52759","Countering Russian Aggression: Ukraine and Beyond","https://www.govinfo.gov/app/details/CHRG-118shrg52759/CHRG-118shrg52759","https://www.govinfo.gov/content/pkg/CHRG-118shrg52759/pdf/CHRG-118shrg52759.pdf","962.3 KB","https://www.govinfo.gov/content/pkg/CHRG-118shrg52759/html/CHRG-118shrg52759.htm","269.8 KB","","0 B","","0 B","","0 B"," CONGRESS FIRST SESSION JANUARY 26, 2023 Printed for the use of the Committee on Foreign Relations [GRAPHIC NOT AVAILABLE IN TIFF FORMAT] Available via http://www.govinfo.gov U.S. GOVERNMENT PUBLISHING OFFICE 52-759 PDF WASHINGTON : 2023 COMMITTEE ON FOREIGN RELATIONS ROBERT MENENDEZ, New Jersey, Chairman BENJAMIN L. CARDIN, Maryland JAMES...","","2023-01-26"
"64","Congressional Hearings","CHRG-118shrg58988","CHRG-118shrg58988","Nominations","https://www.govinfo.gov/app/details/CHRG-118shrg58988/CHRG-118shrg58988","https://www.govinfo.gov/content/pkg/CHRG-118shrg58988/pdf/CHRG-118shrg58988.pdf","9.9 MB","https://www.govinfo.gov/content/pkg/CHRG-118shrg58988/html/CHRG-118shrg58988.htm","2.1 MB","","0 B","","0 B","","0 B","HUNDRED EIGHTEENTH CONGRESS FIRST SESSION January 3, 2023 to January 3, 2024 Part I Printed for the use of the Committee on Foreign Relations [GRAPHIC(S) NOT AVAILABLE IN TIFF FORMAT] Available via the World Wide Web: http://www.govinfo.gov S. Hrg. 118-582 NOMINATIONS OF THE 118th CONGRESS, FIRST SESSION, PART I HEARINGS before the COMMITTEE ON ...","","2023-01-03"
"65","Congressional Hearings","CHRG-118shrg58989","CHRG-118shrg58989","Nominations of the 118th Congress, First Session, Part II","https://www.govinfo.gov/app/details/CHRG-118shrg58989/CHRG-118shrg58989","https://www.govinfo.gov/content/pkg/CHRG-118shrg58989/pdf/CHRG-118shrg58989.pdf","18.1 MB","https://www.govinfo.gov/content/pkg/CHRG-118shrg58989/html/CHRG-118shrg58989.htm","1.7 MB","","0 B","","0 B","","0 B"," HUNDRED EIGHTEENTH CONGRESS FIRST SESSION January 3, 2023 to January 3, 2024 Part II Printed for the use of the Committee on Foreign Relations GRAPHIC(S) NOT AVAILABLE IN TIFF FORMAT Available via the World Wide Web: http://www.govinfo.gov NOMINATIONS OF THE 118th CONGRESS, FIRST SESSION, PART II S. Hrg. 118-582 NOMINATIONS OF THE 118th CONGRESS, ...","","2023-01-03"
"66","Congressional Hearings","CHRG-117shrg52323","CHRG-117shrg52323","Assessing U.S. Policy in the Caucasus","https://www.govinfo.gov/app/details/CHRG-117shrg52323/CHRG-117shrg52323","https://www.govinfo.gov/content/pkg/CHRG-117shrg52323/pdf/CHRG-117shrg52323.pdf","1.9 MB","https://www.govinfo.gov/content/pkg/CHRG-117shrg52323/html/CHRG-117shrg52323.htm","146.1 KB","","0 B","","0 B","","0 B","CONGRESS SECOND SESSION NOVEMBER 16, 2022 Printed for the use of the Committee on Foreign Relations [GRAPHIC(S) NOT AVAILABLE IN TIFF FORMAT] Available via http://www.govinfo.gov _________ U.S. GOVERNMENT PUBLISHING OFFICE 52-323 PDF WASHINGTON : 2023 COMMITTEE ON FOREIGN RELATIONS ROBERT MENENDEZ, New Jersey, Chairman BENJAMIN L. CARDIN, Maryland ...","","2022-11-16"
"67","Congressional Hearings","CHRG-117shrg51702","CHRG-117shrg51702","Keeping the Pressure on Russia and Its Enablers: Examining the Reach of and Next Steps for U.S. Sanctions","https://www.govinfo.gov/app/details/CHRG-117shrg51702/CHRG-117shrg51702","https://www.govinfo.gov/content/pkg/CHRG-117shrg51702/pdf/CHRG-117shrg51702.pdf","355.7 KB","https://www.govinfo.gov/content/pkg/CHRG-117shrg51702/html/CHRG-117shrg51702.htm","185.7 KB","","0 B","","0 B","","0 B"," ON FOREIGN RELATIONS UNITED STATES SENATE ONE HUNDRED SEVENTEENTH CONGRESS SECOND SESSION SEPTEMBER 28, 2022 Printed for the use of the Committee on Foreign Relations [GRAPHIC NOT AVAILABLE IN TIFF FORMAT] Available via http://www.govinfo.gov U.S. GOVERNMENT PUBLISHING OFFICE 51-702 PDF WASHINGTON : 2023 COMMITTEE ON FOREIGN RELATIONS ROBERT ...","","2022-09-28"
"68","Congressional Hearings","CHRG-117shrg51701","CHRG-117shrg51701","Assessing U.S. Policy Towards Venezuela","https://www.govinfo.gov/app/details/CHRG-117shrg51701/CHRG-117shrg51701","https://www.govinfo.gov/content/pkg/CHRG-117shrg51701/pdf/CHRG-117shrg51701.pdf","359.3 KB","https://www.govinfo.gov/content/pkg/CHRG-117shrg51701/html/CHRG-117shrg51701.htm","160.2 KB","","0 B","","0 B","","0 B"," CONGRESS SECOND SESSION SEPTEMBER 15, 2022 Printed for the use of the Committee on Foreign Relations [GRAPHIC(S) NOT AVAILABLE IN TIFF FORMAT] Available via http://www.govinfo.gov _________ U.S. GOVERNMENT PUBLISHING OFFICE 51-701 PDF WASHINGTON : 2023 COMMITTEE ON FOREIGN RELATIONS ROBERT MENENDEZ, New Jersey, Chairman BENJAMIN L. CARDIN, ...","","2022-09-15"
"69","Congressional Hearings","CHRG-117shrg51627","CHRG-117shrg51627","China's Role in the Middle East","https://www.govinfo.gov/app/details/CHRG-117shrg51627/CHRG-117shrg51627","https://www.govinfo.gov/content/pkg/CHRG-117shrg51627/pdf/CHRG-117shrg51627.pdf","285.4 KB","https://www.govinfo.gov/content/pkg/CHRG-117shrg51627/html/CHRG-117shrg51627.htm","84.6 KB","","0 B","","0 B","","0 B"," ON FOREIGN RELATIONS UNITED STATES SENATE ONE HUNDRED SEVENTEENTH CONGRESS SECOND SESSION AUGUST 4, 2022 Printed for the use of the Committee on Foreign Relations [GRAPHIC(S) NOT AVAILABLE IN TIFF FORMAT] Available via http://www.govinfo.gov U.S. GOVERNMENT PUBLISHING OFFICE 51-627PDF WASHINGTON : 2023 COMMITTEE ON FOREIGN RELATIONS ROBERT...","","2022-08-04"
"70","Congressional Hearings","CHRG-117shrg51626","CHRG-117shrg51626","U.S. National Security and Economic Statecraft: Ensuring U.S. Global Leadership for the 21st Century","https://www.govinfo.gov/app/details/CHRG-117shrg51626/CHRG-117shrg51626","https://www.govinfo.gov/content/pkg/CHRG-117shrg51626/pdf/CHRG-117shrg51626.pdf","367.8 KB","https://www.govinfo.gov/content/pkg/CHRG-117shrg51626/html/CHRG-117shrg51626.htm","213.9 KB","","0 B","","0 B","","0 B"," ON FOREIGN RELATIONS UNITED STATES SENATE ONE HUNDRED SEVENTEENTH CONGRESS SECOND SESSION JULY 27, 2022 Printed for the use of the Committee on Foreign Relations [GRAPHIC(S) NOT AVAILABLE IN TIFF FORMAT] Available via http://www.govinfo.gov ______ U.S. GOVERNMENT PUBLISHING OFFICE 51-626 WASHINGTON : 2023 COMMITTEE ON FOREIGN RELATIONS ROBERT ...","","2022-07-27"
"71","Congressional Hearings","CHRG-117shrg51544","CHRG-117shrg51544","Fiscal Year 2023 Budget Request for Africa","https://www.govinfo.gov/app/details/CHRG-117shrg51544/CHRG-117shrg51544","https://www.govinfo.gov/content/pkg/CHRG-117shrg51544/pdf/CHRG-117shrg51544.pdf","301.8 KB","https://www.govinfo.gov/content/pkg/CHRG-117shrg51544/html/CHRG-117shrg51544.htm","110.5 KB","","0 B","","0 B","","0 B"," RELATIONS UNITED STATES SENATE ONE HUNDRED SEVENTEENTH CONGRESS SECOND SESSION JULY 27, 2022 Printed for the use of the Committee on Foreign Relations [GRAPHIC NOT AVAILABLE IN TIFF FORMAT] Available via http://www.govinfo.gov U.S. GOVERNMENT PUBLISHING OFFICE 51-544 PDF WASHINGTON : 2023 COMMITTEE ON FOREIGN RELATIONS ROBERT MENENDEZ, New ...","","2022-07-27"
"72","Congressional Hearings","CHRG-117shrg51523","CHRG-117shrg51523","Diversity, Equity, Inclusion, and Accessibility in U.S. Diplomacy and Development","https://www.govinfo.gov/app/details/CHRG-117shrg51523/CHRG-117shrg51523","https://www.govinfo.gov/content/pkg/CHRG-117shrg51523/pdf/CHRG-117shrg51523.pdf","4.5 MB","https://www.govinfo.gov/content/pkg/CHRG-117shrg51523/html/CHRG-117shrg51523.htm","206.1 KB","","0 B","","0 B","","0 B"," STATES SENATE ONE HUNDRED SEVENTEENTH CONGRESS SECOND SESSION JULY 26, 2022 Printed for the use of the Committee on Foreign Relations [GRAPHIC(S) NOT AVAILABLE IN TIFF FORMAT] Available via http://www.govinfo.gov ______ U.S. GOVERNMENT PUBLISHING OFFICE 51-523PDF WASHINGTON : 2023 COMMITTEE ON FOREIGN RELATIONS ROBERT MENENDEZ, New Jersey, ...","","2022-07-26"
"73","Congressional Hearings","CHRG-117shrg51805","CHRG-117shrg51805","Global Food Security Crisis and the U.S. Response","https://www.govinfo.gov/app/details/CHRG-117shrg51805/CHRG-117shrg51805","https://www.govinfo.gov/content/pkg/CHRG-117shrg51805/pdf/CHRG-117shrg51805.pdf","2.0 MB","https://www.govinfo.gov/content/pkg/CHRG-117shrg51805/html/CHRG-117shrg51805.htm","234.1 KB","","0 B","","0 B","","0 B","SEVENTEENTH CONGRESS SECOND SESSION JULY 20, 2022 Printed for the use of the Committee on Foreign Relations [GRAPHIC(S) NOT AVAILABLE IN TIFF FORMAT] Available via http://www.govinfo.gov _________ U.S. GOVERNMENT PUBLISHING OFFICE 51-805 PDF WASHINGTON : 2023 COMMITTEE ON FOREIGN RELATIONS ROBERT MENENDEZ, New Jersey, Chairman BENJAMIN L. CARDIN, ...","","2022-07-20"
"74","Congressional Hearings","CHRG-117shrg50082","CHRG-117shrg50082","Instability and the State of Democracy in the Sahel and the U.S. Policy Response","https://www.govinfo.gov/app/details/CHRG-117shrg50082/CHRG-117shrg50082","https://www.govinfo.gov/content/pkg/CHRG-117shrg50082/pdf/CHRG-117shrg50082.pdf","349.9 KB","https://www.govinfo.gov/content/pkg/CHRG-117shrg50082/html/CHRG-117shrg50082.htm","190.9 KB","","0 B","","0 B","","0 B"," UNITED STATES SENATE ONE HUNDRED SEVENTEENTH CONGRESS SECOND SESSION JULY 12, 2022 Printed for the use of the Committee on Foreign Relations [GRAPHIC(S) NOT AVAILABLE IN TIFF FORMAT] Available via http://www.govinfo.gov ______ U.S. GOVERNMENT PUBLISHING OFFICE 50-082PDF WASHINGTON : 2023 COMMITTEE ON FOREIGN RELATIONS ROBERT MENENDEZ, New ...","","2022-07-12"
"75","Congressional Hearings","CHRG-117shrg51737","CHRG-117shrg51737","NOMINATIONS  OF THE 117TH CONGRESS, SECOND SESSION - PART II","https://www.govinfo.gov/app/details/CHRG-117shrg51737/CHRG-117shrg51737","https://www.govinfo.gov/content/pkg/CHRG-117shrg51737/pdf/CHRG-117shrg51737.pdf","3.2 MB","https://www.govinfo.gov/content/pkg/CHRG-117shrg51737/html/CHRG-117shrg51737.htm","3.0 MB","","0 B","","0 B","","0 B"," HUNDRED SEVENTEENTH CONGRESS SECOND SESSION Part II June 23, 2022 thru November 30, 2022 Printed for the use of the Committee on Foreign Relations [GRAPHIC NOT AVAILABLE IN TIFF FORMAT] Available via the World Wide Web: http://www.govinfo.gov U.S. GOVERNMENT PUBLISHING OFFICE 51-737 PDF WASHINGTON : 2023 COMMITTEE ON FOREIGN RELATIONS ROBERT ...","","2022-06-23"
"76","Congressional Hearings","CHRG-117shrg50081","CHRG-117shrg50081","NATO Enlargement: Examining the Proposed Accession of Sweden and Finland","https://www.govinfo.gov/app/details/CHRG-117shrg50081/CHRG-117shrg50081","https://www.govinfo.gov/content/pkg/CHRG-117shrg50081/pdf/CHRG-117shrg50081.pdf","278.5 KB","https://www.govinfo.gov/content/pkg/CHRG-117shrg50081/html/CHRG-117shrg50081.htm","76.9 KB","","0 B","","0 B","","0 B"," SENATE ONE HUNDRED SEVENTEENTH CONGRESS SECOND SESSION JUNE 22, 2022 Printed for the use of the Committee on Foreign Relations [GRAPHIC NOT AVAILABLE IN TIFF FORMAT] Available via http://www.govinfo.gov U.S. GOVERNMENT PUBLISHING OFFICE 50-081 PDF WASHINGTON : 2023 COMMITTEE ON FOREIGN RELATIONS ROBERT MENENDEZ, New Jersey, Chairman BENJAMIN L....","","2022-06-22"
"77","Congressional Hearings","CHRG-117shrg49947","CHRG-117shrg49947","European Energy Security: America's Role in Supporting Europe's Energy Diversification","https://www.govinfo.gov/app/details/CHRG-117shrg49947/CHRG-117shrg49947","https://www.govinfo.gov/content/pkg/CHRG-117shrg49947/pdf/CHRG-117shrg49947.pdf","26.3 MB","https://www.govinfo.gov/content/pkg/CHRG-117shrg49947/html/CHRG-117shrg49947.htm","135.3 KB","","0 B","","0 B","","0 B","REGIONAL SECURITY COOPERATION OF THE COMMITTEE ON FOREIGN RELATIONS UNITED STATES SENATE ONE HUNDRED SEVENTEENTH CONGRESS SECOND SESSION JUNE 9, 2022 Printed for the use of the Committee on Foreign Relations [GRAPHIC NOT AVAILABLE IN TIFF FORMAT] Available via http://www.govinfo.gov U.S. GOVERNMENT PUBLISHING OFFICE 49-947 PDF WASHINGTON : 2023 ...","","2022-06-09"
"78","Congressional Hearings","CHRG-117shrg49629","CHRG-117shrg49629","The Path Forward on U.S-Syria Policy: Strategy and Accountability","https://www.govinfo.gov/app/details/CHRG-117shrg49629/CHRG-117shrg49629","https://www.govinfo.gov/content/pkg/CHRG-117shrg49629/pdf/CHRG-117shrg49629.pdf","10.3 MB","https://www.govinfo.gov/content/pkg/CHRG-117shrg49629/html/CHRG-117shrg49629.htm","263.0 KB","","0 B","","0 B","","0 B"," ONE HUNDRED SEVENTEENTH CONGRESS SECOND SESSION JUNE 8, 2022 Printed for the use of the Committee on Foreign Relations [GRAPHIC(S) NOT AVAILABLE IN TIFF FORMAT] Available via http://www.govinfo.gov ______ U.S. GOVERNMENT PUBLISHING OFFICE 49-629PDF WASHINGTON : 2023 COMMITTEE ON FOREIGN RELATIONS ROBERT MENENDEZ, New Jersey, Chairman BENJAMIN L...","","2022-06-08"
"79","Congressional Hearings","CHRG-117shrg48980","CHRG-117shrg48980","Ninth Summit of the Americas","https://www.govinfo.gov/app/details/CHRG-117shrg48980/CHRG-117shrg48980","https://www.govinfo.gov/content/pkg/CHRG-117shrg48980/pdf/CHRG-117shrg48980.pdf","206.5 KB","https://www.govinfo.gov/content/pkg/CHRG-117shrg48980/html/CHRG-117shrg48980.htm","136.4 KB","","0 B","","0 B","","0 B",", HUMAN RIGHTS, AND GLOBAL WOMEN'S ISSUES OF THE COMMITTEE ON FOREIGN RELATIONS UNITED STATES SENATE ONE HUNDRED SEVENTEENTH CONGRESS SECOND SESSION MAY 26, 2022 Printed for the use of the Committee on Foreign Relations [GRAPHIC NOT AVAILABLE IN TIFF FORMAT] Available via http://www.govinfo.gov U.S. GOVERNMENT PUBLISHING OFFICE 48-980 WASHINGTON : ...","","2022-05-26"
"80","Congressional Hearings","CHRG-117shrg48979","CHRG-117shrg48979","The JCPOA Negotiations and United States' Policy on Iran Moving Forward","https://www.govinfo.gov/app/details/CHRG-117shrg48979/CHRG-117shrg48979","https://www.govinfo.gov/content/pkg/CHRG-117shrg48979/pdf/CHRG-117shrg48979.pdf","14.8 MB","https://www.govinfo.gov/content/pkg/CHRG-117shrg48979/html/CHRG-117shrg48979.htm","223.2 KB","","0 B","","0 B","","0 B"," SENATE ONE HUNDRED SEVENTEENTH CONGRESS SECOND SESSION May 25, 2022 Printed for the use of the Committee on Foreign Relations [GRAPHIC NOT AVAILABLE IN TIFF FORMAT] Available via http://www.govinfo.gov U.S. GOVERNMENT PUBLISHING OFFICE 48-979 WASHINGTON : 2022 COMMITTEE ON FOREIGN RELATIONS ROBERT MENENDEZ, New Jersey, Chairman BENJAMIN L. ...","","2022-05-25"
"81","Congressional Hearings","CHRG-117shrg49631","CHRG-117shrg49631","Review of the Fiscal Year 2023 Usaid Budget Request","https://www.govinfo.gov/app/details/CHRG-117shrg49631/CHRG-117shrg49631","https://www.govinfo.gov/content/pkg/CHRG-117shrg49631/pdf/CHRG-117shrg49631.pdf","4.9 MB","https://www.govinfo.gov/content/pkg/CHRG-117shrg49631/html/CHRG-117shrg49631.htm","391.1 KB","","0 B","","0 B","","0 B"," SEVENTEENTH CONGRESS SECOND SESSION MAY 11, 2022 Printed for the use of the Committee on Foreign Relations [GRAPHIC NOT AVAILABLE IN TIFF FORMAT] Available via http://www.govinfo.gov U.S. GOVERNMENT PUBLISHING OFFICE 49-631 PDF WASHINGTON : 2022 COMMITTEE ON FOREIGN RELATIONS ROBERT MENENDEZ, New Jersey, Chairman BENJAMIN L. CARDIN, Maryland ...","","2022-05-11"
"82","Congressional Hearings","CHRG-117shrg48969","CHRG-117shrg48969","State Department Authorization: Strengthening U.S. Diplomacy for the 21st Century","https://www.govinfo.gov/app/details/CHRG-117shrg48969/CHRG-117shrg48969","https://www.govinfo.gov/content/pkg/CHRG-117shrg48969/pdf/CHRG-117shrg48969.pdf","297.6 KB","https://www.govinfo.gov/content/pkg/CHRG-117shrg48969/html/CHRG-117shrg48969.htm","226.4 KB","","0 B","","0 B","","0 B"," STATES SENATE ONE HUNDRED SEVENTEENTH CONGRESS SECOND SESSION MAY 3, 2022 Printed for the use of the Committee on Foreign Relations [GRAPHIC(S) NOT AVAILABLE IN TIFF FORMAT] Available via http://www.govinfo.gov ______ U.S. GOVERNMENT PUBLISHING OFFICE 48-969 PDF WASHINGTON : 2022 COMMITTEE ON FOREIGN RELATIONS ROBERT MENENDEZ, New Jersey, ...","","2022-05-03"
"83","Congressional Hearings","CHRG-117shrg52322","CHRG-117shrg52322","American Diplomacy and Global Leadership: Review of the Fiscal Year 2023 State Department Budget Request","https://www.govinfo.gov/app/details/CHRG-117shrg52322/CHRG-117shrg52322","https://www.govinfo.gov/content/pkg/CHRG-117shrg52322/pdf/CHRG-117shrg52322.pdf","2.3 MB","https://www.govinfo.gov/content/pkg/CHRG-117shrg52322/html/CHRG-117shrg52322.htm","588.0 KB","","0 B","","0 B","","0 B"," ON FOREIGN RELATIONS UNITED STATES SENATE ONE HUNDRED SEVENTEENTH CONGRESS SECOND SESSION APRIL 26, 2022 Printed for the use of the Committee on Foreign Relations [GRAPHIC NOT AVAILABLE IN TIFF FORMAT] Available via http://www.govinfo.gov U.S. GOVERNMENT PUBLISHING OFFICE 52-322 PDF WASHINGTON : 2024 COMMITTEE ON FOREIGN RELATIONS ROBERT ...","","2022-04-26"
"84","Congressional Hearings","CHRG-117shrg48585","CHRG-117shrg48585","Treaties","https://www.govinfo.gov/app/details/CHRG-117shrg48585/CHRG-117shrg48585","https://www.govinfo.gov/content/pkg/CHRG-117shrg48585/pdf/CHRG-117shrg48585.pdf","4.1 MB","https://www.govinfo.gov/content/pkg/CHRG-117shrg48585/html/CHRG-117shrg48585.htm","149.2 KB","","0 B","","0 B","","0 B"," DATE HERE deg.APRIL 6, 2022 Printed for the use of the Committee on Foreign Relations [GRAPHIC(S) NOT AVAILABLE IN TIFF FORMAT] Available via http://www.govinfo.gov ______ U.S. GOVERNMENT PUBLISHING OFFICE 48-585 PDF WASHINGTON : 2022 COMMITTEE ON FOREIGN RELATIONS ROBERT MENENDEZ, New Jersey, Chairman BENJAMIN L. CARDIN, Maryland JAMES E. RISCH...","","2022-04-06"
"85","Congressional Hearings","CHRG-117shrg48968","CHRG-117shrg48968","China's Role in Latin America and the Caribbean","https://www.govinfo.gov/app/details/CHRG-117shrg48968/CHRG-117shrg48968","https://www.govinfo.gov/content/pkg/CHRG-117shrg48968/pdf/CHRG-117shrg48968.pdf","338.4 KB","https://www.govinfo.gov/content/pkg/CHRG-117shrg48968/html/CHRG-117shrg48968.htm","320.5 KB","","0 B","","0 B","","0 B","SECURITY, DEMOCRACY, HUMAN RIGHTS, AND GLOBAL WOMEN'S ISSUES OF THE COMMITTEE ON FOREIGN RELATIONS UNITED STATES SENATE ONE HUNDRED SEVENTEENTH CONGRESS SECOND SESSION MARCH 31, 2022 Printed for the use of the Committee on Foreign Relations [GRAPHIC NOT AVAILABLE IN TIFF FORMAT] Available via http://www.govinfo.gov U.S. GOVERNMENT PUBLISHING OFFICE...","","2022-03-31"
"86","Congressional Hearings","CHRG-117shrg48425","CHRG-117shrg48425","The Assault on Freedom of Expression in Asia","https://www.govinfo.gov/app/details/CHRG-117shrg48425/CHRG-117shrg48425","https://www.govinfo.gov/content/pkg/CHRG-117shrg48425/pdf/CHRG-117shrg48425.pdf","318.4 KB","https://www.govinfo.gov/content/pkg/CHRG-117shrg48425/html/CHRG-117shrg48425.htm","135.1 KB","","0 B","","0 B","","0 B"," POLICY OF THE COMMITTEE ON FOREIGN RELATIONS UNITED STATES SENATE ONE HUNDRED SEVENTEENTH CONGRESS SECOND SESSION MARCH 30, 2022 Printed for the use of the Committee on Foreign Relations [GRAPHIC(S) NOT AVAILABLE IN TIFF FORMAT] Available via http://www.govinfo.gov ______ U.S. GOVERNMENT PUBLISHING OFFICE 48-425PDF WASHINGTON : 2022 COMMITTEE ON...","","2022-03-30"
"87","Congressional Hearings","CHRG-117shrg48396","CHRG-117shrg48396","Combatting Authoritarianism: U.S. Tools and Responses","https://www.govinfo.gov/app/details/CHRG-117shrg48396/CHRG-117shrg48396","https://www.govinfo.gov/content/pkg/CHRG-117shrg48396/pdf/CHRG-117shrg48396.pdf","290.5 KB","https://www.govinfo.gov/content/pkg/CHRG-117shrg48396/html/CHRG-117shrg48396.htm","262.0 KB","","0 B","","0 B","","0 B"," SEVENTEENTH CONGRESS SECOND SESSION MARCH 15, 2022 Printed for the use of the Committee on Foreign Relations [GRAPHIC(S) NOT AVAILABLE IN TIFF FORMAT] Available via http://www.govinfo.gov ______ U.S. GOVERNMENT PUBLISHING OFFICE 48-396PDF WASHINGTON : 2022 COMMITTEE ON FOREIGN RELATIONS ROBERT MENENDEZ, New Jersey, Chairman BENJAMIN L. CARDIN, ...","","2022-03-15"
"88","Congressional Hearings","CHRG-117shrg52758","CHRG-117shrg52758","Examining U.S. Security Cooperation and Assistance","https://www.govinfo.gov/app/details/CHRG-117shrg52758/CHRG-117shrg52758","https://www.govinfo.gov/content/pkg/CHRG-117shrg52758/pdf/CHRG-117shrg52758.pdf","444.6 KB","https://www.govinfo.gov/content/pkg/CHRG-117shrg52758/html/CHRG-117shrg52758.htm","326.6 KB","","0 B","","0 B","","0 B"," SEVENTEENTH CONGRESS SECOND SESSION MARCH 10, 2022 Printed for the use of the Committee on Foreign Relations [GRAPHIC NOT AVAILABLE IN TIFF FORMAT] Available via http://www.govinfo.gov U.S. GOVERNMENT PUBLISHING OFFICE 52-758 PDF WASHINGTON : 2023 COMMITTEE ON FOREIGN RELATIONS ROBERT MENENDEZ, New Jersey, Chairman BENJAMIN L. CARDIN, Maryland ...","","2022-03-10"
"89","Congressional Hearings","CHRG-117shrg48350","CHRG-117shrg48350","Russia's Invasion of Ukraine: Assessing the U.S. and International Response","https://www.govinfo.gov/app/details/CHRG-117shrg48350/CHRG-117shrg48350","https://www.govinfo.gov/content/pkg/CHRG-117shrg48350/pdf/CHRG-117shrg48350.pdf","415.0 KB","https://www.govinfo.gov/content/pkg/CHRG-117shrg48350/html/CHRG-117shrg48350.htm","221.6 KB","","0 B","","0 B","","0 B","STATES SENATE ONE HUNDRED SEVENTEENTH CONGRESS SECOND SESSION MARCH 8, 2022 Printed for the use of the Committee on Foreign Relations [GRAPHIC(S) NOT AVAILABLE IN TIFF FORMAT] Available via http://www.govinfo.gov ______ U.S. GOVERNMENT PUBLISHING OFFICE 48-350 PDF WASHINGTON : 2022 COMMITTEE ON FOREIGN RELATIONS ROBERT MENENDEZ, New Jersey, ...","","2022-03-08"
"90","Congressional Hearings","CHRG-117shrg48117","CHRG-117shrg48117","U.S. Policy Towards India","https://www.govinfo.gov/app/details/CHRG-117shrg48117/CHRG-117shrg48117","https://www.govinfo.gov/content/pkg/CHRG-117shrg48117/pdf/CHRG-117shrg48117.pdf","186.3 KB","https://www.govinfo.gov/content/pkg/CHRG-117shrg48117/html/CHRG-117shrg48117.htm","107.3 KB","","0 B","","0 B","","0 B"," ON FOREIGN RELATIONS UNITED STATES SENATE ONE HUNDRED SEVENTEENTH CONGRESS SECOND SESSION MARCH 2, 2022 Printed for the use of the Committee on Foreign Relations [GRAPHIC NOT AVAILABLE IN TIFF FORMAT] Available via http://www.govinfo.gov U.S. GOVERNMENT PUBLISHING OFFICE 48-117 PDF WASHINGTON : 2022 COMMITTEE ON FOREIGN RELATIONS ROBERT MENENDEZ...","","2022-03-02"
"91","Congressional Hearings","CHRG-117shrg47757","CHRG-117shrg47757","Western Balkans: Supporting Peace and Prosperity","https://www.govinfo.gov/app/details/CHRG-117shrg47757/CHRG-117shrg47757","https://www.govinfo.gov/content/pkg/CHRG-117shrg47757/pdf/CHRG-117shrg47757.pdf","9.3 MB","https://www.govinfo.gov/content/pkg/CHRG-117shrg47757/html/CHRG-117shrg47757.htm","95.7 KB","","0 B","","0 B","","0 B"," ON FOREIGN RELATIONS UNITED STATES SENATE ONE HUNDRED SEVENTEENTH CONGRESS SECOND SESSION FEBRUARY 16, 2022 Printed for the use of the Committee on Foreign Relations [GRAPHIC NOT AVAILABLE IN TIFF FORMAT] Available via http://www.govinfo.gov U.S. GOVERNMENT PUBLISHING OFFICE 47-757 PDF WASHINGTON : 2022 COMMITTEE ON FOREIGN RELATIONS ...","","2022-02-16"
"92","Congressional Hearings","CHRG-117shrg48086","CHRG-117shrg48086","Reinvigorating U.S.-Colombia Relations","https://www.govinfo.gov/app/details/CHRG-117shrg48086/CHRG-117shrg48086","https://www.govinfo.gov/content/pkg/CHRG-117shrg48086/pdf/CHRG-117shrg48086.pdf","275.4 KB","https://www.govinfo.gov/content/pkg/CHRG-117shrg48086/html/CHRG-117shrg48086.htm","232.8 KB","","0 B","","0 B","","0 B"," CONGRESS SECOND SESSION FEBRUARY 16, 2022 Printed for the use of the Committee on Foreign Relations [GRAPHIC NOT AVAILABLE IN TIFF FORMAT] Available via http://www.govinfo.gov U.S. GOVERNMENT PUBLISHING OFFICE 48-086 PDF WASHINGTON : 2022 COMMITTEE ON FOREIGN RELATIONS ROBERT MENENDEZ, New Jersey, Chairman BENJAMIN L. CARDIN, Maryland JAMES E. ...","","2022-02-16"
"93","Congressional Hearings","CHRG-117shrg47756","CHRG-117shrg47756","Afghanistan: The Humanitarian Crisis and U.S. Response","https://www.govinfo.gov/app/details/CHRG-117shrg47756/CHRG-117shrg47756","https://www.govinfo.gov/content/pkg/CHRG-117shrg47756/pdf/CHRG-117shrg47756.pdf","202.0 KB","https://www.govinfo.gov/content/pkg/CHRG-117shrg47756/html/CHRG-117shrg47756.htm","124.3 KB","","0 B","","0 B","","0 B"," OF THE COMMITTEE ON FOREIGN RELATIONS UNITED STATES SENATE ONE HUNDRED SEVENTEENTH CONGRESS SECOND SESSION FEBRUARY 9, 2022 Printed for the use of the Committee on Foreign Relations [GRAPHIC(S) NOT AVAILABLE IN TIFF FORMAT] Available via http://www.govinfo.gov U.S. GOVERNMENT PUBLISHING OFFICE 47-756PDF WASHINGTON : 2022 COMMITTEE ON...","","2022-02-09"
"94","Congressional Hearings","CHRG-117shrg47713","CHRG-117shrg47713","Sudan's Imperiled Transition: U.S. Policy in the Wake of the October 25th Coup","https://www.govinfo.gov/app/details/CHRG-117shrg47713/CHRG-117shrg47713","https://www.govinfo.gov/content/pkg/CHRG-117shrg47713/pdf/CHRG-117shrg47713.pdf","1.3 MB","https://www.govinfo.gov/content/pkg/CHRG-117shrg47713/html/CHRG-117shrg47713.htm","229.7 KB","","0 B","","0 B","","0 B"," STATES SENATE ONE HUNDRED SEVENTEENTH CONGRESS SECOND SESSION FEBRUARY 1, 2022 Printed for the use of the Committee on Foreign Relations [GRAPHIC NOT AVAILABLE IN TIFF FORMAT] Available via http://www.govinfo.gov U.S. GOVERNMENT PUBLISHING OFFICE 47-713 PDF WASHINGTON : 2022 COMMITTEE ON FOREIGN RELATIONS ROBERT MENENDEZ, New Jersey, Chairman ...","","2022-02-01"
"95","Congressional Hearings","CHRG-117shrg51736","CHRG-117shrg51736","NOMINATIONS OF THE 117TH CONGRESS, SECOND SESSION - PART I","https://www.govinfo.gov/app/details/CHRG-117shrg51736/CHRG-117shrg51736","https://www.govinfo.gov/content/pkg/CHRG-117shrg51736/pdf/CHRG-117shrg51736.pdf","19.8 MB","https://www.govinfo.gov/content/pkg/CHRG-117shrg51736/html/CHRG-117shrg51736.htm","3.1 MB","","0 B","","0 B","","0 B","HUNDRED SEVENTEENTH CONGRESS SECOND SESSION Part I January 12, 2022 thru June 16, 2022 Printed for the use of the Committee on Foreign Relations [GRAPHIC NOT AVAILABLE IN TIFF FORMAT] Available via the World Wide Web: http://www.govinfo.gov U.S. GOVERNMENT PUBLISHING OFFICE 51-736 PDF WASHINGTON : 2023 COMMITTEE ON FOREIGN RELATIONS ROBERT MENENDEZ...","","2022-01-12"
"96","Congressional Hearings","CHRG-117shrg47712","CHRG-117shrg47712","The Future of U.S. Policy on Taiwan","https://www.govinfo.gov/app/details/CHRG-117shrg47712/CHRG-117shrg47712","https://www.govinfo.gov/content/pkg/CHRG-117shrg47712/pdf/CHRG-117shrg47712.pdf","225.7 KB","https://www.govinfo.gov/content/pkg/CHRG-117shrg47712/html/CHRG-117shrg47712.htm","158.2 KB","","0 B","","0 B","","0 B"," FIRST SESSION DECEMBER 8, 2021 Printed for the use of the Committee on Foreign Relations [GRAPHIC NOT AVAILABLE IN TIFF FORMAT] Available via http://www.govinfo.gov U.S. GOVERNMENT PUBLISHING OFFICE 47-712 PDF WASHINGTON : 2022 COMMITTEE ON FOREIGN RELATIONS ROBERT MENENDEZ, New Jersey, Chairman BENJAMIN L. CARDIN, Maryland JAMES E. RISCH, ...","","2021-12-08"
"97","Congressional Hearings","CHRG-117shrg47353","CHRG-117shrg47353","Update on U.S.-Russia Policy","https://www.govinfo.gov/app/details/CHRG-117shrg47353/CHRG-117shrg47353","https://www.govinfo.gov/content/pkg/CHRG-117shrg47353/pdf/CHRG-117shrg47353.pdf","904.4 KB","https://www.govinfo.gov/content/pkg/CHRG-117shrg47353/html/CHRG-117shrg47353.htm","127.0 KB","","0 B","","0 B","","0 B","FIRST SESSION DECEMBER 7, 2021 Printed for the use of the Committee on Foreign Relations [GRAPHIC NOT AVAILABLE IN TIFF FORMAT] Available via http://www.govinfo.gov U.S. GOVERNMENT PUBLISHING OFFICE 47-353 PDF WASHINGTON : 2022 COMMITTEE ON FOREIGN RELATIONS ROBERT MENENDEZ, New Jersey, Chairman BENJAMIN L. CARDIN, Maryland JAMES E. RISCH, Idaho ...","","2021-12-07"
"98","Congressional Hearings","CHRG-117shrg47326","CHRG-117shrg47326","U.S. Policy on Democracy in Latin America and the Caribbean","https://www.govinfo.gov/app/details/CHRG-117shrg47326/CHRG-117shrg47326","https://www.govinfo.gov/content/pkg/CHRG-117shrg47326/pdf/CHRG-117shrg47326.pdf","247.0 KB","https://www.govinfo.gov/content/pkg/CHRG-117shrg47326/html/CHRG-117shrg47326.htm","198.8 KB","","0 B","","0 B","","0 B"," HUNDRED SEVENTEENTH CONGRESS FIRST SESSION NOVEMBER 30, 2021 Printed for the use of the Committee on Foreign Relations [GRAPHIC NOT AVAILABLE IN TIFF FORMAT] Available via http://www.govinfo.gov U.S. GOVERNMENT PUBLISHING OFFICE 47-326 PDF WASHINGTON : 2022 COMMITTEE ON FOREIGN RELATIONS ROBERT MENENDEZ, New Jersey, Chairman BENJAMIN L. CARDIN, ...","","2021-11-30"
"99","Congressional Hearings","CHRG-117shrg47213","CHRG-117shrg47213","Vaccine Diplomacy in Latin America and the Caribbean: The Importance of U.S. Engagement","https://www.govinfo.gov/app/details/CHRG-117shrg47213/CHRG-117shrg47213","https://www.govinfo.gov/content/pkg/CHRG-117shrg47213/pdf/CHRG-117shrg47213.pdf","1.2 MB","https://www.govinfo.gov/content/pkg/CHRG-117shrg47213/html/CHRG-117shrg47213.htm","172.1 KB","","0 B","","0 B","","0 B",", TRANSNATIONAL CRIME, CIVILIAN SECURITY, DEMOCRACY, HUMAN RIGHTS, AND GLOBAL WOMEN'S ISSUES OF THE COMMITTEE ON FOREIGN RELATIONS UNITED STATES SENATE ONE HUNDRED SEVENTEENTH CONGRESS FIRST SESSION NOVEMBER 18, 2021 Printed for the use of the Committee on Foreign Relations [GRAPHIC NOT AVAILABLE IN TIFF FORMAT] Available via http://...","","2021-11-18"
"100","Congressional Hearings","CHRG-117shrg47212","CHRG-117shrg47212","Afghanistan 2001 to 2021: U.S. Policies Lessons Learned","https://www.govinfo.gov/app/details/CHRG-117shrg47212/CHRG-117shrg47212","https://www.govinfo.gov/content/pkg/CHRG-117shrg47212/pdf/CHRG-117shrg47212.pdf","216.4 KB","https://www.govinfo.gov/content/pkg/CHRG-117shrg47212/html/CHRG-117shrg47212.htm","144.9 KB","","0 B","","0 B","","0 B"," SEVENTEENTH CONGRESS FIRST SESSION NOVEMBER 17, 2021 Printed for the use of the Committee on Foreign Relations [GRAPHIC NOT AVAILABLE IN TIFF FORMAT] Available via http://www.govinfo.gov U.S. GOVERNMENT PUBLISHING OFFICE 47-212 PDF WASHINGTON : 2022 COMMITTEE ON FOREIGN RELATIONS ROBERT MENENDEZ, New Jersey, Chairman BENJAMIN L. CARDIN, ...","","2021-11-17"
"101","Congressional Hearings","CHRG-117shrg47173","CHRG-117shrg47173","Training the Department of State's Workforce for 21st Century Diplomacy","https://www.govinfo.gov/app/details/CHRG-117shrg47173/CHRG-117shrg47173","https://www.govinfo.gov/content/pkg/CHRG-117shrg47173/pdf/CHRG-117shrg47173.pdf","219.6 KB","https://www.govinfo.gov/content/pkg/CHRG-117shrg47173/html/CHRG-117shrg47173.htm","151.8 KB","","0 B","","0 B","","0 B"," MANAGEMENT, INTERNATIONAL OPERATIONS, AND BILATERAL INTERNATIONAL DEVELOPMENT OF THE COMMITTEE ON FOREIGN RELATIONS UNITED STATES SENATE ONE HUNDRED SEVENTEENTH CONGRESS FIRST SESSION INSERT DATE HERE deg.NOVEMBER 2, 2021 Printed for the use of the Committee on Foreign Relations [GRAPHIC(S) NOT AVAILABLE IN TIFF FORMAT] Available via http://...","","2021-11-02"
"102","Congressional Hearings","CHRG-117shrg47113","CHRG-117shrg47113","Black Sea Security: Reviving U.S. Policy Toward the Region","https://www.govinfo.gov/app/details/CHRG-117shrg47113/CHRG-117shrg47113","https://www.govinfo.gov/content/pkg/CHRG-117shrg47113/pdf/CHRG-117shrg47113.pdf","3.0 MB","https://www.govinfo.gov/content/pkg/CHRG-117shrg47113/html/CHRG-117shrg47113.htm","214.3 KB","","0 B","","0 B","","0 B"," OF THE COMMITTEE ON FOREIGN RELATIONS UNITED STATES SENATE ONE HUNDRED SEVENTEENTH CONGRESS FIRST SESSION OCTOBER 27, 2021 Printed for the use of the Committee on Foreign Relations [GRAPHIC NOT AVAILABLE IN TIFF FORMAT] Available via http://www.govinfo.gov U.S. GOVERNMENT PUBLISHING OFFICE 47-113 PDF WASHINGTON : 2022 COMMITTEE ON FOREIGN ...","","2021-10-27"
"103","Congressional Hearings","CHRG-117shrg46952","CHRG-117shrg46952","The State of the State Department and State Department Authorization","https://www.govinfo.gov/app/details/CHRG-117shrg46952/CHRG-117shrg46952","https://www.govinfo.gov/content/pkg/CHRG-117shrg46952/pdf/CHRG-117shrg46952.pdf","280.5 KB","https://www.govinfo.gov/content/pkg/CHRG-117shrg46952/html/CHRG-117shrg46952.htm","255.8 KB","","0 B","","0 B","","0 B","SENATE ONE HUNDRED SEVENTEENTH CONGRESS FIRST SESSION OCTOBER 27, 2021 Printed for the use of the Committee on Foreign Relations [GRAPHIC NOT AVAILABLE IN TIFF FORMAT] Available via http://www.govinfo.gov U.S. GOVERNMENT PUBLISHING OFFICE 46-952 PDF WASHINGTON : 2022 COMMITTEE ON FOREIGN RELATIONS ROBERT MENENDEZ, New Jersey, Chairman BENJAMIN L. ...","","2021-10-27"
"104","Congressional Hearings","CHRG-117shrg47863","CHRG-117shrg47863","Nominations of the 117th Congress, First Session - Part III","https://www.govinfo.gov/app/details/CHRG-117shrg47863/CHRG-117shrg47863","https://www.govinfo.gov/content/pkg/CHRG-117shrg47863/pdf/CHRG-117shrg47863.pdf","9.2 MB","https://www.govinfo.gov/content/pkg/CHRG-117shrg47863/html/CHRG-117shrg47863.htm","3.0 MB","","0 B","","0 B","","0 B"," HUNDRED SEVENTEENTH CONGRESS FIRST SESSION Part III October 5, 2021 thru December 14, 2021 Printed for the use of the Committee on Foreign Relations [GRAPHIC(S) NOT AVAILABLE IN TIFF FORMAT] Available via the World Wide Web: http://www.govinfo.gov NOMINATIONS OF THE 117TH CONGRESS, FIRST SESSION--PART III S. Hrg. 117-288 NOMINATIONS OF THE 117TH ...","","2021-10-05"
"105","Congressional Hearings","CHRG-117shrg48394","CHRG-117shrg48394","[ERRATA] Nominations of the 117th Congress, First Session - Part III","https://www.govinfo.gov/app/details/CHRG-117shrg48394/CHRG-117shrg48394","https://www.govinfo.gov/content/pkg/CHRG-117shrg48394/pdf/CHRG-117shrg48394.pdf","103.3 KB","https://www.govinfo.gov/content/pkg/CHRG-117shrg48394/html/CHRG-117shrg48394.htm","1.6 KB","","0 B","","0 B","","0 B"," ONE HUNDRED SEVENTEENTH CONGRESS FIRST SESSION Part III October 5, 2021 thru December 14, 2021 Printed for the use of the Committee on Foreign Relations [GRAPHIC NOT AVAILABLE IN TIFF FORMAT] Available via the World Wide Web: http://www.govinfo.gov U.S. GOVERNMENT PUBLISHING OFFICE 47-863 PDF WASHINGTON : 2022 ERRATA In the Table of Contents,...","","2021-10-05"
"106","Congressional Hearings","CHRG-117shrg46923","CHRG-117shrg46923","Examining the U.S. Withdrawal from Afghanistan","https://www.govinfo.gov/app/details/CHRG-117shrg46923/CHRG-117shrg46923","https://www.govinfo.gov/content/pkg/CHRG-117shrg46923/pdf/CHRG-117shrg46923.pdf","2.7 MB","https://www.govinfo.gov/content/pkg/CHRG-117shrg46923/html/CHRG-117shrg46923.htm","606.3 KB","","0 B","","0 B","","0 B"," CONGRESS FIRST SESSION SEPTEMBER 14, 2021 Printed for the use of the Committee on Foreign Relations [GRAPHIC NOT AVAILABLE IN TIFF FORMAT] Available via http://www.govinfo.gov U.S. GOVERNMENT PUBLISHING OFFICE 46-923 PDF WASHINGTON : 2022 COMMITTEE ON FOREIGN RELATIONS ROBERT MENENDEZ, New Jersey, Chairman BENJAMIN L. CARDIN, Maryland ...","","2021-09-14"
"107","Congressional Hearings","CHRG-117shrg46888","CHRG-117shrg46888","U.S. Security Assistance in the Middle East","https://www.govinfo.gov/app/details/CHRG-117shrg46888/CHRG-117shrg46888","https://www.govinfo.gov/content/pkg/CHRG-117shrg46888/pdf/CHRG-117shrg46888.pdf","200.0 KB","https://www.govinfo.gov/content/pkg/CHRG-117shrg46888/html/CHRG-117shrg46888.htm","124.7 KB","","0 B","","0 B","","0 B"," OF THE COMMITTEE ON FOREIGN RELATIONS UNITED STATES SENATE ONE HUNDRED SEVENTEENTH CONGRESS FIRST SESSION AUGUST 10, 2021 Printed for the use of the Committee on Foreign Relations [GRAPHIC NOT AVAILABLE IN TIFF FORMAT] Available via http://www.govinfo.gov U.S. GOVERNMENT PUBLISHING OFFICE 46-888 PDF WASHINGTON : 2022 COMMITTEE ON FOREIGN ...","","2021-08-10"
"108","Congressional Hearings","CHRG-117shrg47552","CHRG-117shrg47552","Authorizations of Use of Force: Administration Perspectives","https://www.govinfo.gov/app/details/CHRG-117shrg47552/CHRG-117shrg47552","https://www.govinfo.gov/content/pkg/CHRG-117shrg47552/pdf/CHRG-117shrg47552.pdf","215.8 KB","https://www.govinfo.gov/content/pkg/CHRG-117shrg47552/html/CHRG-117shrg47552.htm","149.9 KB","","0 B","","0 B","","0 B"," HUNDRED SEVENTEENTH CONGRESS FIRST SESSION AUGUST 3, 2021 Printed for the use of the Committee on Foreign Relations [GRAPHIC(S) NOT AVAILABLE IN TIFF FORMAT] Available via http://www.govinfo.gov ______ U.S. GOVERNMENT PUBLISHING OFFICE 47-552 PDF WASHINGTON : 2022 COMMITTEE ON FOREIGN RELATIONS ROBERT MENENDEZ, New Jersey, Chairman BENJAMIN L. ...","","2021-08-03"
"109","Congressional Hearings","CHRG-117shrg46867","CHRG-117shrg46867","Trade and Investment in Africa","https://www.govinfo.gov/app/details/CHRG-117shrg46867/CHRG-117shrg46867","https://www.govinfo.gov/content/pkg/CHRG-117shrg46867/pdf/CHRG-117shrg46867.pdf","6.6 MB","https://www.govinfo.gov/content/pkg/CHRG-117shrg46867/html/CHRG-117shrg46867.htm","178.6 KB","","0 B","","0 B","","0 B"," UNITED STATES SENATE ONE HUNDRED SEVENTEENTH CONGRESS FIRST SESSION JULY 28, 2021 Printed for the use of the Committee on Foreign Relations [GRAPHIC NOT AVAILABLE IN TIFF FORMAT] Available via http://www.govinfo.gov U.S. GOVERNMENT PUBLISHING OFFICE 46-867 PDF WASHINGTON : 2022 COMMITTEE ON FOREIGN RELATIONS ROBERT MENENDEZ, New Jersey, ...","","2021-07-28"
"110","Congressional Hearings","CHRG-117shrg47862","CHRG-117shrg47862","Nominations of the 117th Congress, First Session - Part II","https://www.govinfo.gov/app/details/CHRG-117shrg47862/CHRG-117shrg47862","https://www.govinfo.gov/content/pkg/CHRG-117shrg47862/pdf/CHRG-117shrg47862.pdf","2.6 MB","https://www.govinfo.gov/content/pkg/CHRG-117shrg47862/html/CHRG-117shrg47862.htm","2.8 MB","","0 B","","0 B","","0 B","HUNDRED SEVENTEENTH CONGRESS FIRST SESSION Part II July 27, 2021 thru September 30, 2021 Printed for the use of the Committee on Foreign Relations [GRAPHIC(S) NOT AVAILABLE IN TIFF FORMAT] Available via the World Wide Web: http://www.govinfo.gov NOMINATIONS OF THE 117TH CONGRESS, FIRST SESSION--PART II S. Hrg. 117-288 NOMINATIONS OF THE 117TH ...","","2021-07-27"
"111","Congressional Hearings","CHRG-117shrg48393","CHRG-117shrg48393","[ERRATA] Nominations of the 117th Congress, First Session - Part II","https://www.govinfo.gov/app/details/CHRG-117shrg48393/CHRG-117shrg48393","https://www.govinfo.gov/content/pkg/CHRG-117shrg48393/pdf/CHRG-117shrg48393.pdf","103.6 KB","https://www.govinfo.gov/content/pkg/CHRG-117shrg48393/html/CHRG-117shrg48393.htm","1.7 KB","","0 B","","0 B","","0 B"," ONE HUNDRED SEVENTEENTH CONGRESS FIRST SESSION Part II July 27, 2021 thru September 30, 2021 Printed for the use of the Committee on Foreign Relations [GRAPHIC NOT AVAILABLE IN TIFF FORMAT] Available via the World Wide Web: http://www.govinfo.gov U.S. GOVERNMENT PUBLISHING OFFICE 47-862 PDF WASHINGTON : 2022 ERRATA Throughout this volume, two ...","","2021-07-27"
"112","Congressional Hearings","CHRG-117shrg46375","CHRG-117shrg46375","U.S. Policy on Turkey","https://www.govinfo.gov/app/details/CHRG-117shrg46375/CHRG-117shrg46375","https://www.govinfo.gov/content/pkg/CHRG-117shrg46375/pdf/CHRG-117shrg46375.pdf","199.5 KB","https://www.govinfo.gov/content/pkg/CHRG-117shrg46375/html/CHRG-117shrg46375.htm","127.4 KB","","0 B","","0 B","","0 B"," JULY 21, 2021 Printed for the use of the Committee on Foreign Relations [GRAPHIC NOT AVAILABLE IN TIFF FORMAT] Available via http://www.govinfo.gov U.S. GOVERNMENT PUBLISHING OFFICE 46-375 PDF WASHINGTON : 2021 COMMITTEE ON FOREIGN RELATIONS ROBERT MENENDEZ, New Jersey, Chairman BENJAMIN L. CARDIN, Maryland JAMES E. RISCH, Idaho JEANNE ...","","2021-07-21"
"113","Congressional Hearings","CHRG-117shrg46388","CHRG-117shrg46388","Combating Climate Change in East Asia and the Pacific","https://www.govinfo.gov/app/details/CHRG-117shrg46388/CHRG-117shrg46388","https://www.govinfo.gov/content/pkg/CHRG-117shrg46388/pdf/CHRG-117shrg46388.pdf","2.0 MB","https://www.govinfo.gov/content/pkg/CHRG-117shrg46388/html/CHRG-117shrg46388.htm","261.8 KB","","0 B","","0 B","","0 B"," POLICY OF THE COMMITTEE ON FOREIGN RELATIONS UNITED STATES SENATE ONE HUNDRED SEVENTEENTH CONGRESS FIRST SESSION JULY 21, 2021 Printed for the use of the Committee on Foreign Relations [GRAPHIC NOT AVAILABLE IN TIFF FORMAT] Available via http://www.govinfo.gov U.S. GOVERNMENT PUBLISHING OFFICE 46-388 PDF WASHINGTON : 2021 COMMITTEE ON ...","","2021-07-21"
"114","Congressional Hearings","CHRG-117shrg46167","CHRG-117shrg46167","Modernizing the State Department for the 21st Century","https://www.govinfo.gov/app/details/CHRG-117shrg46167/CHRG-117shrg46167","https://www.govinfo.gov/content/pkg/CHRG-117shrg46167/pdf/CHRG-117shrg46167.pdf","192.3 KB","https://www.govinfo.gov/content/pkg/CHRG-117shrg46167/html/CHRG-117shrg46167.htm","116.9 KB","","0 B","","0 B","","0 B"," OPERATIONS, AND BILATERAL INTERNATIONAL DEVELOPMENT OF THE COMMITTEE ON FOREIGN RELATIONS UNITED STATES SENATE ONE HUNDRED SEVENTEENTH CONGRESS FIRST SESSION JULY 20, 2021 Printed for the use of the Committee on Foreign Relations [GRAPHIC NOT AVAILABLE IN TIFF FORMAT] Available via http://www.govinfo.gov U.S. GOVERNMENT PUBLISHING OFFICE ...","","2021-07-20"
"115","Congressional Hearings","CHRG-117shrg47551","CHRG-117shrg47551","Review of the Fiscal Year 2022 Usaid Budget Request","https://www.govinfo.gov/app/details/CHRG-117shrg47551/CHRG-117shrg47551","https://www.govinfo.gov/content/pkg/CHRG-117shrg47551/pdf/CHRG-117shrg47551.pdf","455.1 KB","https://www.govinfo.gov/content/pkg/CHRG-117shrg47551/html/CHRG-117shrg47551.htm","383.4 KB","","0 B","","0 B","","0 B"," SEVENTEENTH CONGRESS FIRST SESSION JULY 14, 2021 Printed for the use of the Committee on Foreign Relations [GRAPHIC NOT AVAILABLE IN TIFF FORMAT] Available via http://www.govinfo.gov U.S. GOVERNMENT PUBLISHING OFFICE 47-551 PDF WASHINGTON : 2022 COMMITTEE ON FOREIGN RELATIONS ROBERT MENENDEZ, New Jersey, Chairman BENJAMIN L. CARDIN, Maryland ...","","2021-07-14"
"116","Congressional Hearings","CHRG-117shrg45484","CHRG-117shrg45484","Strength Through Partnership: Building the U.S.-Taiwan Relationship","https://www.govinfo.gov/app/details/CHRG-117shrg45484/CHRG-117shrg45484","https://www.govinfo.gov/content/pkg/CHRG-117shrg45484/pdf/CHRG-117shrg45484.pdf","175.8 KB","https://www.govinfo.gov/content/pkg/CHRG-117shrg45484/html/CHRG-117shrg45484.htm","93.1 KB","","0 B","","0 B","","0 B"," CYBERSECURITY POLICY OF THE COMMITTEE ON FOREIGN RELATIONS UNITED STATES SENATE ONE HUNDRED SEVENTEENTH CONGRESS FIRST SESSION JUNE 17, 2021 Printed for the use of the Committee on Foreign Relations [GRAPHIC(S) NOT AVAILABLE IN TIFF FORMAT] Available via http://www.govinfo.gov ______ U.S. GOVERNMENT PUBLISHING OFFICE 45-484 PDF ...","","2021-06-17"
"117","Congressional Hearings","CHRG-117shrg46165","CHRG-117shrg46165","Atrocities in Xinjiang: Where Do We Go from Here?","https://www.govinfo.gov/app/details/CHRG-117shrg46165/CHRG-117shrg46165","https://www.govinfo.gov/content/pkg/CHRG-117shrg46165/pdf/CHRG-117shrg46165.pdf","4.9 MB","https://www.govinfo.gov/content/pkg/CHRG-117shrg46165/html/CHRG-117shrg46165.htm","149.2 KB","","0 B","","0 B","","0 B"," SECURITY, DEMOCRACY, HUMAN RIGHTS, AND GLOBAL WOMEN'S ISSUES; and SUBCOMMITTEE ON EAST ASIA, THE PACIFIC AND INTERNATIONAL CYBERSECURITY POLICY OF THE COMMITTEE ON FOREIGN RELATIONS UNITED STATES SENATE ONE HUNDRED SEVENTEENTH CONGRESS FIRST SESSION JUNE 10, 2021 Printed for the use of the Committee on Foreign Relations [GRAPHIC NOT AVAILABLE IN ...","","2021-06-10"
"118","Congressional Hearings","CHRG-117shrg45021","CHRG-117shrg45021","U.S. Policy on Belarus","https://www.govinfo.gov/app/details/CHRG-117shrg45021/CHRG-117shrg45021","https://www.govinfo.gov/content/pkg/CHRG-117shrg45021/pdf/CHRG-117shrg45021.pdf","202.0 KB","https://www.govinfo.gov/content/pkg/CHRG-117shrg45021/html/CHRG-117shrg45021.htm","127.7 KB","","0 B","","0 B","","0 B"," JUNE 9, 2021 Printed for the use of the Committee on Foreign Relations [GRAPHIC(S) NOT AVAILABLE IN TIFF FORMAT] Available via http://www.govinfo.gov ______ U.S. GOVERNMENT PUBLISHING OFFICE 45-021 PDF WASHINGTON : 2021 COMMITTEE ON FOREIGN RELATIONS ROBERT MENENDEZ, New Jersey, Chairman BENJAMIN L. CARDIN, Maryland JAMES E. RISCH, Idaho ...","","2021-06-09"
"119","Congressional Hearings","CHRG-117shrg45439","CHRG-117shrg45439","Review of the FY 2022 State Department Budget Request","https://www.govinfo.gov/app/details/CHRG-117shrg45439/CHRG-117shrg45439","https://www.govinfo.gov/content/pkg/CHRG-117shrg45439/pdf/CHRG-117shrg45439.pdf","709.1 KB","https://www.govinfo.gov/content/pkg/CHRG-117shrg45439/html/CHRG-117shrg45439.htm","305.5 KB","","0 B","","0 B","","0 B"," SEVENTEENTH CONGRESS FIRST SESSION JUNE 8, 2021 Printed for the use of the Committee on Foreign Relations [GRAPHIC NOT AVAILABLE IN TIFF FORMAT] Available via http://www.govinfo.gov U.S. GOVERNMENT PUBLISHING OFFICE 45-439 PDF WASHINGTON : 2022 COMMITTEE ON FOREIGN RELATIONS ROBERT MENENDEZ, New Jersey, Chairman BENJAMIN L. CARDIN, Maryland ...","","2021-06-08"
"120","Congressional Hearings","CHRG-117shrg45282","CHRG-117shrg45282","Ethiopia in Crisis: U.S. Strategy and Policy Response","https://www.govinfo.gov/app/details/CHRG-117shrg45282/CHRG-117shrg45282","https://www.govinfo.gov/content/pkg/CHRG-117shrg45282/pdf/CHRG-117shrg45282.pdf","198.2 KB","https://www.govinfo.gov/content/pkg/CHRG-117shrg45282/html/CHRG-117shrg45282.htm","125.0 KB","","0 B","","0 B","","0 B"," SEVENTEENTH CONGRESS FIRST SESSION MAY 27, 2021 Printed for the use of the Committee on Foreign Relations [GRAPHIC NOT AVAILABLE IN TIFF FORMAT] Available via http://www.govinfo.gov U.S. GOVERNMENT PUBLISHING OFFICE 45-282 PDF WASHINGTON : 2021 COMMITTEE ON FOREIGN RELATIONS ROBERT MENENDEZ, New Jersey, Chairman BENJAMIN L. CARDIN, Maryland ...","","2021-05-27"
"121","Congressional Hearings","CHRG-117shrg45535","CHRG-117shrg45535","COVID-19 Pandemic and the U.S. International Response","https://www.govinfo.gov/app/details/CHRG-117shrg45535/CHRG-117shrg45535","https://www.govinfo.gov/content/pkg/CHRG-117shrg45535/pdf/CHRG-117shrg45535.pdf","482.2 KB","https://www.govinfo.gov/content/pkg/CHRG-117shrg45535/html/CHRG-117shrg45535.htm","220.1 KB","","0 B","","0 B","","0 B"," SEVENTEENTH CONGRESS FIRST SESSION MAY 12, 2021 Printed for the use of the Committee on Foreign Relations [GRAPHIC(S) NOT AVAILABLE IN TIFF FORMAT] Available via http://www.govinfo.gov ______ U.S. GOVERNMENT PUBLISHING OFFICE 45-535 PDF WASHINGTON : 2021 COMMITTEE ON FOREIGN RELATIONS ROBERT MENENDEZ, New Jersey, Chairman BENJAMIN L. CARDIN, ...","","2021-05-12"
"122","Congressional Hearings","CHRG-117shrg44974","CHRG-117shrg44974","U.S. Policy on Afghanistan","https://www.govinfo.gov/app/details/CHRG-117shrg44974/CHRG-117shrg44974","https://www.govinfo.gov/content/pkg/CHRG-117shrg44974/pdf/CHRG-117shrg44974.pdf","543.9 KB","https://www.govinfo.gov/content/pkg/CHRG-117shrg44974/html/CHRG-117shrg44974.htm","132.9 KB","","0 B","","0 B","","0 B"," SESSION April 27, 2021 Printed for the use of the Committee on Foreign Relations [GRAPHIC(S) NOT AVAILABLE IN TIFF FORMAT] Available via http://www.govinfo.gov ______ U.S. GOVERNMENT PUBLISHING OFFICE 44-974 PDF WASHINGTON : 2021 COMMITTEE ON FOREIGN RELATIONS ROBERT MENENDEZ, New Jersey, Chairman BENJAMIN L. CARDIN, Maryland JAMES E. RISCH, ...","","2021-04-27"
"123","Congressional Hearings","CHRG-117shrg44973","CHRG-117shrg44973","U.S. Policy on Yemen","https://www.govinfo.gov/app/details/CHRG-117shrg44973/CHRG-117shrg44973","https://www.govinfo.gov/content/pkg/CHRG-117shrg44973/pdf/CHRG-117shrg44973.pdf","2.0 MB","https://www.govinfo.gov/content/pkg/CHRG-117shrg44973/html/CHRG-117shrg44973.htm","159.1 KB","","0 B","","0 B","","0 B","FOREIGN RELATIONS UNITED STATES SENATE ONE HUNDRED SEVENTEENTH CONGRESS FIRST SESSION APRIL 21, 2021 Printed for the use of the Committee on Foreign Relations [GRAPHIC NOT AVAILABLE IN TIFF FORMAT] Available via http://www.govinfo.gov U.S. GOVERNMENT PUBLISHING OFFICE 44-973 PDF WASHINGTON : 2021 COMMITTEE ON FOREIGN RELATIONS ROBERT MENENDEZ, New ...","","2021-04-21"
"124","Congressional Hearings","CHRG-117shrg44721","CHRG-117shrg44721","U.S. Response to the Coup in Burma","https://www.govinfo.gov/app/details/CHRG-117shrg44721/CHRG-117shrg44721","https://www.govinfo.gov/content/pkg/CHRG-117shrg44721/pdf/CHRG-117shrg44721.pdf","216.1 KB","https://www.govinfo.gov/content/pkg/CHRG-117shrg44721/html/CHRG-117shrg44721.htm","152.8 KB","","0 B","","0 B","","0 B"," THE COMMITTEE ON FOREIGN RELATIONS UNITED STATES SENATE ONE HUNDRED SEVENTEENTH CONGRESS FIRST SESSION MARCH 25, 2021 Printed for the use of the Committee on Foreign Relations [GRAPHIC(S) NOT AVAILABLE IN TIFF FORMAT] Available via http://www.govinfo.gov ______ U.S. GOVERNMENT PUBLISHING OFFICE 44-721 PDF WASHINGTON : 2021 COMMITTEE ON FOREIGN ...","","2021-03-25"
"125","Congressional Hearings","CHRG-117shrg44465","CHRG-117shrg44465","The State of Democracy in Latin America and the Caribbean","https://www.govinfo.gov/app/details/CHRG-117shrg44465/CHRG-117shrg44465","https://www.govinfo.gov/content/pkg/CHRG-117shrg44465/pdf/CHRG-117shrg44465.pdf","244.9 KB","https://www.govinfo.gov/content/pkg/CHRG-117shrg44465/html/CHRG-117shrg44465.htm","188.3 KB","","0 B","","0 B","","0 B"," SEVENTEENTH CONGRESS FIRST SESSION MARCH 24, 2021 Printed for the use of the Committee on Foreign Relations [GRAPHIC NOT AVAILABLE IN TIFF FORMAT] Available via http://www.govinfo.gov U.S. GOVERNMENT PUBLISHING OFFICE 44-465 PDF WASHINGTON : 2021 COMMITTEE ON FOREIGN RELATIONS ROBERT MENENDEZ, New Jersey, Chairman BENJAMIN L. CARDIN, ...","","2021-03-24"
"126","Congressional Hearings","CHRG-117shrg44406","CHRG-117shrg44406","Bolstering Democracy in Georgia","https://www.govinfo.gov/app/details/CHRG-117shrg44406/CHRG-117shrg44406","https://www.govinfo.gov/content/pkg/CHRG-117shrg44406/pdf/CHRG-117shrg44406.pdf","180.3 KB","https://www.govinfo.gov/content/pkg/CHRG-117shrg44406/html/CHRG-117shrg44406.htm","98.7 KB","","0 B","","0 B","","0 B"," RELATIONS UNITED STATES SENATE ONE HUNDRED SEVENTEENTH CONGRESS FIRST SESSION MARCH 23, 2021 Printed for the use of the Committee on Foreign Relations [GRAPHIC NOT AVAILABLE IN TIFF FORMAT] Available via http://www.govinfo.gov U.S. GOVERNMENT PUBLISHING OFFICE 44-406 PDF WASHINGTON : 2021 COMMITTEE ON FOREIGN RELATIONS ROBERT MENENDEZ, New Jersey...","","2021-03-23"
"127","Congressional Hearings","CHRG-117shrg44456","CHRG-117shrg44456","Advancing Effective U.S. Policy for Strategic Competition with China in the Twenty-First Century","https://www.govinfo.gov/app/details/CHRG-117shrg44456/CHRG-117shrg44456","https://www.govinfo.gov/content/pkg/CHRG-117shrg44456/pdf/CHRG-117shrg44456.pdf","5.5 MB","https://www.govinfo.gov/content/pkg/CHRG-117shrg44456/html/CHRG-117shrg44456.htm","147.2 KB","","0 B","","0 B","","0 B"," RELATIONS UNITED STATES SENATE ONE HUNDRED SEVENTEENTH CONGRESS FIRST SESSION MARCH 17, 2021 Printed for the use of the Committee on Foreign Relations [GRAPHIC NOT AVAILABLE IN TIFF FORMAT] Available via http://www.govinfo.gov U.S. GOVERNMENT PUBLISHING OFFICE 44-456 PDF WASHINGTON : 2021 COMMITTEE ON FOREIGN RELATIONS ROBERT MENENDEZ, New ...","","2021-03-17"
"128","Congressional Hearings","CHRG-117shrg44045","CHRG-117shrg44045","The State of Democracy Around the World","https://www.govinfo.gov/app/details/CHRG-117shrg44045/CHRG-117shrg44045","https://www.govinfo.gov/content/pkg/CHRG-117shrg44045/pdf/CHRG-117shrg44045.pdf","363.9 KB","https://www.govinfo.gov/content/pkg/CHRG-117shrg44045/html/CHRG-117shrg44045.htm","202.6 KB","","0 B","","0 B","","0 B","CONGRESS FIRST SESSION MARCH 10, 2021 Printed for the use of the Committee on Foreign Relations [GRAPHIC NOT AVAILABLE IN TIFF FORMAT] Available via the World Wide Web: http://www.govinfo.gov U.S. GOVERNMENT PUBLISHING OFFICE 44-045 PDF WASHINGTON : 2021 COMMITTEE ON FOREIGN RELATIONS ROBERT MENENDEZ, New Jersey, Chairman BENJAMIN L. CARDIN, ...","","2021-03-10"
"129","Congressional Hearings","CHRG-117shrg45209","CHRG-117shrg45209","Nomination of Hon. Linda Thomas- Greenfield to Be United States. Representative to the United Nations","https://www.govinfo.gov/app/details/CHRG-117shrg45209/CHRG-117shrg45209","https://www.govinfo.gov/content/pkg/CHRG-117shrg45209/pdf/CHRG-117shrg45209.pdf","1.4 MB","https://www.govinfo.gov/content/pkg/CHRG-117shrg45209/html/CHRG-117shrg45209.htm","433.5 KB","","0 B","","0 B","","0 B"," RELATIONS UNITED STATES SENATE ONE HUNDRED SEVENTEENTH CONGRESS FIRST SESSION JANUARY 27, 2021 Printed for the use of the Committee on Foreign Relations [GRAPHIC NOT AVAILABLE IN TIFF FORMAT] Available via the World Wide Web: http://www.govinfo.gov U.S. GOVERNMENT PUBLISHING OFFICE 45-209 PDF WASHINGTON : 2020 COMMITTEE ON FOREIGN RELATIONS ...","","2021-01-27"
"130","Congressional Hearings","CHRG-117shrg43890","CHRG-117shrg43890","Nomination of Antony J. Blinken to Be Secretary of State--Part I","https://www.govinfo.gov/app/details/CHRG-117shrg43890/CHRG-117shrg43890","https://www.govinfo.gov/content/pkg/CHRG-117shrg43890/pdf/CHRG-117shrg43890.pdf","155.4 MB","https://www.govinfo.gov/content/pkg/CHRG-117shrg43890/html/CHRG-117shrg43890.htm","295.4 KB","","0 B","","0 B","","0 B"," SENATE ONE HUNDRED SEVENTEENTH CONGRESS FIRST SESSION JANUARY 19, 2021 Printed for the use of the Committee on Foreign Relations [GRAPHIC NOT AVAILABLE IN TIFF FORMAT] Available via the World Wide Web: http://www.govinfo.gov U.S. GOVERNMENT PUBLISHING OFFICE 43-890 PDF WASHINGTON : 2021 COMMITTEE ON FOREIGN RELATIONS One Hundred Sixteenth ...","","2021-01-19"
"131","Congressional Hearings","CHRG-117shrg43891","CHRG-117shrg43891","Nomination of Hon. Antony J. Blinken to Be Secretary of State - Part II","https://www.govinfo.gov/app/details/CHRG-117shrg43891/CHRG-117shrg43891","https://www.govinfo.gov/content/pkg/CHRG-117shrg43891/pdf/CHRG-117shrg43891.pdf","40.2 MB","https://www.govinfo.gov/content/pkg/CHRG-117shrg43891/html/CHRG-117shrg43891.htm","11.0 KB","","0 B","","0 B","","0 B","SENATE ONE HUNDRED SEVENTEENTH CONGRESS FIRST SESSION JANUARY 19, 2021 Printed for the use of the Committee on Foreign Relations [GRAPHIC(S) NOT AVAILABLE IN TIFF FORMAT] Available via the World Wide Web: http://www.govinfo.gov NOMINATION OF ANTONY J. BLINKEN TO BE SECRETARY OF STATE--PART II S. Hrg. 117-4 NOMINATION OF HON. ANTONY J. BLINKEN TO BE...","","2021-01-19"
"132","Congressional Hearings","CHRG-117shrg48392","CHRG-117shrg48392","[ERRATA] Nominations of the 117th Congress, First Session - Part I","https://www.govinfo.gov/app/details/CHRG-117shrg48392/CHRG-117shrg48392","https://www.govinfo.gov/content/pkg/CHRG-117shrg48392/pdf/CHRG-117shrg48392.pdf","103.4 KB","https://www.govinfo.gov/content/pkg/CHRG-117shrg48392/html/CHRG-117shrg48392.htm","1.6 KB","","0 B","","0 B","","0 B"," ONE HUNDRED SEVENTEENTH CONGRESS FIRST SESSION Part I January 19, 2021 thru July 20, 2021 Printed for the use of the Committee on Foreign Relations [GRAPHIC NOT AVAILABLE IN TIFF FORMAT] Available via the World Wide Web: http://www.govinfo.gov U.S. GOVERNMENT PUBLISHING OFFICE 47-861 PDF WASHINGTON : 2022 ERRATA In the Table of Contents, two ...","","2021-01-19"
"133","Congressional Hearings","CHRG-117shrg47861","CHRG-117shrg47861","Nominations of the 117th Congress, First Session - Part I","https://www.govinfo.gov/app/details/CHRG-117shrg47861/CHRG-117shrg47861","https://www.govinfo.gov/content/pkg/CHRG-117shrg47861/pdf/CHRG-117shrg47861.pdf","6.8 MB","https://www.govinfo.gov/content/pkg/CHRG-117shrg47861/html/CHRG-117shrg47861.htm","2.8 MB","","0 B","","0 B","","0 B"," SEVENTEENTH CONGRESS FIRST SESSION Part I January 19, 2021 thru July 20, 2021 Printed for the use of the Committee on Foreign Relations [GRAPHIC(S) NOT AVAILABLE IN TIFF FORMAT] Available via the World Wide Web: http://www.govinfo.gov NOMINATIONS OF THE 117TH CONGRESS, FIRST SESSION--PART I S. Hrg. 117-288 NOMINATIONS OF THE 117TH CONGRESS, ...","","2021-01-19"
"134","Congressional Hearings","CHRG-116shrg48608","CHRG-116shrg48608","U.S. Policy in a Changing Middle East","https://www.govinfo.gov/app/details/CHRG-116shrg48608/CHRG-116shrg48608","https://www.govinfo.gov/content/pkg/CHRG-116shrg48608/pdf/CHRG-116shrg48608.pdf","253.4 KB","https://www.govinfo.gov/content/pkg/CHRG-116shrg48608/html/CHRG-116shrg48608.htm","208.5 KB","","0 B","","0 B","","0 B"," SECOND SESSION SEPTEMBER 24, 2020 Printed for the use of the Committee on Foreign Relations [GRAPHIC NOT AVAILABLE IN TIFF FORMAT] Available via http://www.govinfo.gov U.S. GOVERNMENT PUBLISHING OFFICE 48-608 PDF WASHINGTON : 2022 COMMITTEE ON FOREIGN RELATIONS JAMES E. RISCH, Idaho, Chairman MARCO RUBIO, Florida ROBERT MENENDEZ, New Jersey ...","","2020-09-24"
"135","Congressional Hearings","CHRG-116shrg48763","CHRG-116shrg48763","Review of the Fiscal Year 2021 State Department Budget Request","https://www.govinfo.gov/app/details/CHRG-116shrg48763/CHRG-116shrg48763","https://www.govinfo.gov/content/pkg/CHRG-116shrg48763/pdf/CHRG-116shrg48763.pdf","21.3 MB","https://www.govinfo.gov/content/pkg/CHRG-116shrg48763/html/CHRG-116shrg48763.htm","535.9 KB","","0 B","","0 B","","0 B"," ONE HUNDRED SIXTEENTH CONGRESS SECOND SESSION JULY 30, 2020 Printed for the use of the Committee on Foreign Relations [GRAPHIC NOT AVAILABLE IN TIFF FORMAT] Available via http://www.govinfo.gov ______ U.S. GOVERNMENT PUBLISHING OFFICE 48-763 PDF WASHINGTON : 2022 COMMITTEE ON FOREIGN RELATIONS JAMES E. RISCH, Idaho, Chairman MARCO RUBIO, Florida ...","","2020-07-30"
"136","Congressional Hearings","CHRG-116shrg41862","CHRG-116shrg41862","The Global Engagement Center: Leading the United States Government's Fight Against Global Disinformation Threat","https://www.govinfo.gov/app/details/CHRG-116shrg41862/CHRG-116shrg41862","https://www.govinfo.gov/content/pkg/CHRG-116shrg41862/pdf/CHRG-116shrg41862.pdf","336.7 KB","https://www.govinfo.gov/content/pkg/CHRG-116shrg41862/html/CHRG-116shrg41862.htm","278.3 KB","","0 B","","0 B","","0 B"," ON STATE DEPARTMENT AND USAID MANAGEMENT, INTERNATIONAL OPERATIONS, AND BILATERAL INTERNATIONAL DEVELOPMENT OF THE COMMITTEE ON FOREIGN RELATIONS UNITED STATES SENATE ONE HUNDRED SIXTEENTH CONGRESS SECOND SESSION MARCH 5, 2020 Printed for the use of the Committee on Foreign Relations [GRAPHIC NOT AVAILABLE IN TIFF FORMAT] Available via ...","","2020-03-05"
"137","Congressional Hearings","CHRG-116shrg40984","CHRG-116shrg40984","North Korea Policy One Year After Hanoi","https://www.govinfo.gov/app/details/CHRG-116shrg40984/CHRG-116shrg40984","https://www.govinfo.gov/content/pkg/CHRG-116shrg40984/pdf/CHRG-116shrg40984.pdf","250.3 KB","https://www.govinfo.gov/content/pkg/CHRG-116shrg40984/html/CHRG-116shrg40984.htm","182.8 KB","","0 B","","0 B","","0 B"," OF THE COMMITTEE ON FOREIGN RELATIONS UNITED STATES SENATE ONE HUNDRED SIXTEENTH CONGRESS SECOND SESSION FEBRUARY 25, 2020 Printed for the use of the Committee on Foreign Relations [GRAPHIC NOT AVAILABLE IN TIFF FORMAT] Available via the World Wide Web: http://www.govinfo.gov U.S. GOVERNMENT PUBLISHING OFFICE 40-984 PDF WASHINGTON : 2020 ...","","2020-02-25"
"138","Congressional Hearings","CHRG-116shrg40907","CHRG-116shrg40907","U.S.-Libya Policy","https://www.govinfo.gov/app/details/CHRG-116shrg40907/CHRG-116shrg40907","https://www.govinfo.gov/content/pkg/CHRG-116shrg40907/pdf/CHRG-116shrg40907.pdf","214.4 KB","https://www.govinfo.gov/content/pkg/CHRG-116shrg40907/html/CHRG-116shrg40907.htm","150.3 KB","","0 B","","0 B","","0 B"," FEBRUARY 12, 2020 Printed for the use of the Committee on Foreign Relations [GRAPHIC(S) NOT AVAILABLE IN TIFF FORMAT] Available via the World Wide Web: http://www.govinfo.gov ______ U.S. GOVERNMENT PUBLISHING OFFICE 40-907 PDF WASHINGTON : 2020 COMMITTEE ON FOREIGN RELATIONS JAMES E. RISCH, Idaho, Chairman MARCO RUBIO, Florida ROBERT MENENDEZ, ...","","2020-02-12"
"139","Congressional Hearings","CHRG-116shrg40801","CHRG-116shrg40801","Lebanon and Iraq Protests: Insights, Implications, and Objectives for U.S. Policy","https://www.govinfo.gov/app/details/CHRG-116shrg40801/CHRG-116shrg40801","https://www.govinfo.gov/content/pkg/CHRG-116shrg40801/pdf/CHRG-116shrg40801.pdf","183.0 KB","https://www.govinfo.gov/content/pkg/CHRG-116shrg40801/html/CHRG-116shrg40801.htm","99.9 KB","","0 B","","0 B","","0 B"," ASIA, CENTRAL ASIA, AND COUNTERTERRORISM OF THE COMMITTEE ON FOREIGN RELATIONS UNITED STATES SENATE ONE HUNDRED SIXTEENTH CONGRESS FIRST SESSION DECEMBER 4, 2019 Printed for the use of the Committee on Foreign Relations [GRAPHIC(S) NOT AVAILABLE IN TIFF FORMAT] Available via the World Wide Web: http://www.govinfo.gov ______ U.S. GOVERNMENT ...","","2019-12-04"
"140","Congressional Hearings","CHRG-116shrg40423","CHRG-116shrg40423","The Future of U.S. Policy Towards Russia","https://www.govinfo.gov/app/details/CHRG-116shrg40423/CHRG-116shrg40423","https://www.govinfo.gov/content/pkg/CHRG-116shrg40423/pdf/CHRG-116shrg40423.pdf","498.1 KB","https://www.govinfo.gov/content/pkg/CHRG-116shrg40423/html/CHRG-116shrg40423.htm","267.4 KB","","0 B","","0 B","","0 B"," CONGRESS FIRST SESSION DECEMBER 3, 2019 Printed for the use of the Committee on Foreign Relations [GRAPHIC(S) NOT AVAILABLE IN TIFF FORMAT] Available via the World Wide Web: http://www.govinfo.gov U.S. GOVERNMENT PUBLISHING OFFICE 40-423 PDF WASHINGTON : 2020 COMMITTEE ON FOREIGN RELATIONS JAMES E. RISCH, Idaho, Chairman MARCO RUBIO, Florida ...","","2019-12-03"
"141","Congressional Hearings","CHRG-116shrg40624","CHRG-116shrg40624","Challenges and Opportunities for Advancing U.S. Interests in the United Nations System","https://www.govinfo.gov/app/details/CHRG-116shrg40624/CHRG-116shrg40624","https://www.govinfo.gov/content/pkg/CHRG-116shrg40624/pdf/CHRG-116shrg40624.pdf","1.9 MB","https://www.govinfo.gov/content/pkg/CHRG-116shrg40624/html/CHRG-116shrg40624.htm","190.1 KB","","0 B","","0 B","","0 B"," INTERNATIONAL DEVELOPMENT, MULTILATERAL INSTITUTIONS, AND INTERNATIONAL ECONOMIC, ENERGY, AND ENVIRONMENTAL POLICY OF THE COMMITTEE ON FOREIGN RELATIONS UNITED STATES SENATE ONE HUNDRED SIXTEENTH CONGRESS FIRST SESSION NOVEMBER 20, 2019 Printed for the use of the Committee on Foreign Relations [GRAPHIC NOT AVAILABLE IN TIFF FORMAT] Available via ...","","2019-11-20"
"142","Congressional Hearings","CHRG-116shrg39466","CHRG-116shrg39466","An Examiniation of U.S.-Iran Policy","https://www.govinfo.gov/app/details/CHRG-116shrg39466/CHRG-116shrg39466","https://www.govinfo.gov/content/pkg/CHRG-116shrg39466/pdf/CHRG-116shrg39466.pdf","284.5 KB","https://www.govinfo.gov/content/pkg/CHRG-116shrg39466/html/CHRG-116shrg39466.htm","226.7 KB","","0 B","","0 B","","0 B"," FIRST SESSION OCTOBER 16, 2019 Printed for the use of the Committee on Foreign Relations [GRAPHIC NOT AVAILABLE IN TIFF FORMAT] Available via http://www.govinfo.gov U.S. GOVERNMENT PUBLISHING OFFICE 39-466 PDF WASHINGTON : 2022 COMMITTEE ON FOREIGN RELATIONS JAMES E. RISCH, Idaho, Chairman MARCO RUBIO, Florida ROBERT MENENDEZ, New Jersey RON ...","","2019-10-16"
"143","Congressional Hearings","CHRG-116shrg40504","CHRG-116shrg40504","Defense Cooperation: Use of Emergency Authorities Under the Arms Export Control Act","https://www.govinfo.gov/app/details/CHRG-116shrg40504/CHRG-116shrg40504","https://www.govinfo.gov/content/pkg/CHRG-116shrg40504/pdf/CHRG-116shrg40504.pdf","215.1 KB","https://www.govinfo.gov/content/pkg/CHRG-116shrg40504/html/CHRG-116shrg40504.htm","167.9 KB","","0 B","","0 B","","0 B"," UNITED STATES SENATE ONE HUNDRED SIXTEENTH CONGRESS FIRST SESSION JULY 10, 2019 Printed for the use of the Committee on Foreign Relations [GRAPHIC(S) NOT AVAILABLE IN TIFF FORMAT] Available via the World Wide Web: http://www.govinfo.gov U.S. GOVERNMENT PUBLISHING OFFICE 40-504 PDF WASHINGTON : 2020 COMMITTEE ON FOREIGN RELATIONS JAMES E. RISCH, ...","","2019-07-10"
"144","Congressional Hearings","CHRG-116shrg39942","CHRG-116shrg39942","Nomination of Hon. Kelly Craft, of Kentucky, to Be United States Ambassador to the United Nations","https://www.govinfo.gov/app/details/CHRG-116shrg39942/CHRG-116shrg39942","https://www.govinfo.gov/content/pkg/CHRG-116shrg39942/pdf/CHRG-116shrg39942.pdf","2.6 MB","https://www.govinfo.gov/content/pkg/CHRG-116shrg39942/html/CHRG-116shrg39942.htm","445.5 KB","","0 B","","0 B","","0 B"," RELATIONS UNITED STATES SENATE ONE HUNDRED SIXTEENTH CONGRESS FIRST SESSION JUNE 19, 2019 Printed for the use of the Committee on Foreign Relations [GRAPHIC(S) NOT AVAILABLE IN TIFF FORMAT] Available via the World Wide Web: http://www.govinfo.gov U.S. GOVERNMENT PUBLISHING OFFICE 39-942 PDF WASHINGTON : 2020 COMMITTEE ON FOREIGN RELATIONS ...","","2019-06-19"
"145","Congressional Hearings","CHRG-116shrg40550","CHRG-116shrg40550","Five Years After the Revolution of Dignity: Ukraine's Progress/Russia's Malign Activities","https://www.govinfo.gov/app/details/CHRG-116shrg40550/CHRG-116shrg40550","https://www.govinfo.gov/content/pkg/CHRG-116shrg40550/pdf/CHRG-116shrg40550.pdf","1.2 MB","https://www.govinfo.gov/content/pkg/CHRG-116shrg40550/html/CHRG-116shrg40550.htm","173.8 KB","","0 B","","0 B","","0 B"," REGIONAL SECURITY COOPERATION OF THE COMMITTEE ON FOREIGN RELATIONS UNITED STATES SENATE ONE HUNDRED SIXTEENTH CONGRESS FIRST SESSION JUNE 18, 2019 Printed for the use of the Committee on Foreign Relations [GRAPHIC NOT AVAILABLE IN TIFF FORMAT] Available via the World Wide Web: http://www.govinfo.gov U.S. GOVERNMENT PUBLISHING OFFICE 40-550 PDF ...","","2019-06-18"
"146","Congressional Hearings","CHRG-116shrg40484","CHRG-116shrg40484","Women in Conflict: Advancing Women's Role in Peace and Security","https://www.govinfo.gov/app/details/CHRG-116shrg40484/CHRG-116shrg40484","https://www.govinfo.gov/content/pkg/CHRG-116shrg40484/pdf/CHRG-116shrg40484.pdf","1.5 MB","https://www.govinfo.gov/content/pkg/CHRG-116shrg40484/html/CHRG-116shrg40484.htm","138.1 KB","","0 B","","0 B","","0 B","CRIME, CIVILIAN SECURITY, DEMOCRACY, HUMAN RIGHTS, AND GLOBAL WOMEN'S ISSUES OF THE COMMITTEE ON FOREIGN RELATIONS UNITED STATES SENATE ONE HUNDRED SIXTEENTH CONGRESS FIRST SESSION INSERT DATE HERE deg.JUNE 13, 2019 Printed for the use of the Committee on Foreign Relations [GRAPHIC(S) NOT AVAILABLE IN TIFF FORMAT] Available via the World Wide Web:...","","2019-06-13"
"147","Congressional Hearings","CHRG-116shrg39599","CHRG-116shrg39599","The Humanitarian Impact of Eight Years of War in Syria","https://www.govinfo.gov/app/details/CHRG-116shrg39599/CHRG-116shrg39599","https://www.govinfo.gov/content/pkg/CHRG-116shrg39599/pdf/CHRG-116shrg39599.pdf","230.1 KB","https://www.govinfo.gov/content/pkg/CHRG-116shrg39599/html/CHRG-116shrg39599.htm","180.5 KB","","0 B","","0 B","","0 B"," SIXTEENTH CONGRESS FIRST SESSION MAY 1, 2019 Printed for the use of the Committee on Foreign Relations [GRAPHIC NOT AVAILABLE IN TIFF FORMAT] Available via the World Wide Web: http://www.govinfo.gov U.S. GOVERNMENT PUBLISHING OFFICE 39-599 PDF WASHINGTON : 2020 COMMITTEE ON FOREIGN RELATIONS JAMES E. RISCH, Idaho, Chairman MARCO RUBIO, Florida...","","2019-05-01"
"148","Congressional Hearings","CHRG-116shrg40533","CHRG-116shrg40533","Review of the Fiscal Year 2020 State Department Budget Request","https://www.govinfo.gov/app/details/CHRG-116shrg40533/CHRG-116shrg40533","https://www.govinfo.gov/content/pkg/CHRG-116shrg40533/pdf/CHRG-116shrg40533.pdf","782.0 KB","https://www.govinfo.gov/content/pkg/CHRG-116shrg40533/html/CHRG-116shrg40533.htm","506.0 KB","","0 B","","0 B","","0 B"," ONE HUNDRED SIXTEENTH CONGRESS FIRST SESSION APRIL 10, 2019 Printed for the use of the Committee on Foreign Relations [GRAPHIC NOT AVAILABLE IN TIFF FORMAT] Available via the World Wide Web: http://www.govinfo.gov U.S. GOVERNMENT PUBLISHING OFFICE 40-533 PDF WASHINGTON : 2020 COMMITTEE ON FOREIGN RELATIONS JAMES E. RISCH, Idaho, Chairman MARCO ...","","2019-04-10"
"149","Congressional Hearings","CHRG-116shrg38966","CHRG-116shrg38966","NATO at 70: A Strategic Partnership for the 21st Century","https://www.govinfo.gov/app/details/CHRG-116shrg38966/CHRG-116shrg38966","https://www.govinfo.gov/content/pkg/CHRG-116shrg38966/pdf/CHRG-116shrg38966.pdf","203.3 KB","https://www.govinfo.gov/content/pkg/CHRG-116shrg38966/html/CHRG-116shrg38966.htm","121.3 KB","","0 B","","0 B","","0 B"," SIXTEENTH CONGRESS FIRST SESSION APRIL 2, 2019 Printed for the use of the Committee on Foreign Relations [GRAPHIC NOT AVAILABLE IN TIFF FORMAT] Available via the World Wide Web: http://www.govinfo.gov U.S. GOVERNMENT PUBLISHING OFFICE 38-966 PDF WASHINGTON : 2020 COMMITTEE ON FOREIGN RELATIONS JAMES E. RISCH, Idaho, Chairman MARCO RUBIO, ...","","2019-04-02"
"150","Congressional Hearings","CHRG-116shrg40599","CHRG-116shrg40599","U.S. Policy Toward North Korea After the Second Summit","https://www.govinfo.gov/app/details/CHRG-116shrg40599/CHRG-116shrg40599","https://www.govinfo.gov/content/pkg/CHRG-116shrg40599/pdf/CHRG-116shrg40599.pdf","351.5 KB","https://www.govinfo.gov/content/pkg/CHRG-116shrg40599/html/CHRG-116shrg40599.htm","103.0 KB","","0 B","","0 B","","0 B"," POLICY OF THE COMMITTEE ON FOREIGN RELATIONS UNITED STATES SENATE ONE HUNDRED SIXTEENTH CONGRESS FIRST SESSION MARCH 26, 2019 Printed for the use of the Committee on Foreign Relations [GRAPHIC(S) NOT AVAILABLE IN TIFF FORMAT] Available via the World Wide Web: http://www.govinfo.gov ______ U.S. GOVERNMENT PUBLISHING OFFICE 40-599 PDF ...","","2019-03-26"
"151","Congressional Hearings","CHRG-116shrg38975","CHRG-116shrg38975","U.S.-Venezuela Relations and the Path to a Democratic Transition","https://www.govinfo.gov/app/details/CHRG-116shrg38975/CHRG-116shrg38975","https://www.govinfo.gov/content/pkg/CHRG-116shrg38975/pdf/CHRG-116shrg38975.pdf","1.9 MB","https://www.govinfo.gov/content/pkg/CHRG-116shrg38975/html/CHRG-116shrg38975.htm","205.2 KB","","0 B","","0 B","","0 B"," CRIME, CIVILIAN SECURITY, DEMOCRACY, HUMAN RIGHTS, AND GLOBAL WOMEN'S ISSUES OF THE COMMITTEE ON FOREIGN RELATIONS UNITED STATES SENATE ONE HUNDRED SIXTEENTH CONGRESS FIRST SESSION MARCH 7, 2019 Printed for the use of the Committee on Foreign Relations [GRAPHIC NOT AVAILABLE IN TIFF FORMAT] Available via the World Wide Web: http://www.govinfo.gov ...","","2019-03-07"
"152","Congressional Hearings","CHRG-116shrg38613","CHRG-116shrg38613","Assessing the Role of the United States in the World","https://www.govinfo.gov/app/details/CHRG-116shrg38613/CHRG-116shrg38613","https://www.govinfo.gov/content/pkg/CHRG-116shrg38613/pdf/CHRG-116shrg38613.pdf","211.9 KB","https://www.govinfo.gov/content/pkg/CHRG-116shrg38613/html/CHRG-116shrg38613.htm","147.1 KB","","0 B","","0 B","","0 B"," SIXTEENTH CONGRESS FIRST SESSION FEBRUARY 27, 2019 Printed for the use of the Committee on Foreign Relations [GRAPHIC NOT AVAILABLE IN TIFF FORMAT] Available via the World Wide Web: http://www.govinfo.gov U.S. GOVERNMENT PUBLISHING OFFICE 38-613 PDF WASHINGTON : 2020 COMMITTEE ON FOREIGN RELATIONS JAMES E. RISCH, Idaho, Chairman MARCO RUBIO, ...","","2019-02-27"
"153","Congressional Hearings","CHRG-115shrg36433","CHRG-115shrg36433","Zimbabwe After the Elections","https://www.govinfo.gov/app/details/CHRG-115shrg36433/CHRG-115shrg36433","https://www.govinfo.gov/content/pkg/CHRG-115shrg36433/pdf/CHRG-115shrg36433.pdf","246.1 KB","https://www.govinfo.gov/content/pkg/CHRG-115shrg36433/html/CHRG-115shrg36433.htm","182.7 KB","","0 B","","0 B","","0 B"," UNITED STATES SENATE ONE HUNDRED FIFTEENTH CONGRESS SECOND SESSION DECEMBER 6, 2018 Printed for the use of the Committee on Foreign Relations [GRAPHICS NOT AVAILABLE IN TIFF FORMAT] Available via the World Wide Web: http://www.govinfo.gov U.S. GOVERNMENT PUBLISHING OFFICE 36-433 PDF WASHINGTON : 2019 For sale by the Superintendent of Documents, ...","","2018-12-06"
"154","Congressional Hearings","CHRG-115shrg40475","CHRG-115shrg40475","The Global Fight to End Modern Slavery","https://www.govinfo.gov/app/details/CHRG-115shrg40475/CHRG-115shrg40475","https://www.govinfo.gov/content/pkg/CHRG-115shrg40475/pdf/CHRG-115shrg40475.pdf","215.4 KB","https://www.govinfo.gov/content/pkg/CHRG-115shrg40475/html/CHRG-115shrg40475.htm","145.8 KB","","0 B","","0 B","","0 B"," SECOND SESSION NOVEMBER 28, 2018 Printed for the use of the Committee on Foreign Relations [GRAPHIC(S) NOT AVAILABLE IN TIFF FORMAT] Available via the World Wide Web: http://www.govinfo.gov U.S. GOVERNMENT PUBLISHING OFFICE 40-475 PDF WASHINGTON : 2020 COMMITTEE ON FOREIGN RELATIONS BOB CORKER, Tennessee, Chairman JAMES E. RISCH, Idaho ...","","2018-11-28"
"155","Congressional Hearings","CHRG-115shrg40552","CHRG-115shrg40552","U.S.-Russia Relations","https://www.govinfo.gov/app/details/CHRG-115shrg40552/CHRG-115shrg40552","https://www.govinfo.gov/content/pkg/CHRG-115shrg40552/pdf/CHRG-115shrg40552.pdf","274.3 KB","https://www.govinfo.gov/content/pkg/CHRG-115shrg40552/html/CHRG-115shrg40552.htm","239.6 KB","","0 B","","0 B","","0 B","SESSION AUGUST 21, 2018 Printed for the use of the Committee on Foreign Relations [GRAPHIC NOT AVAILABLE IN TIFF FORMAT] Available via the World Wide Web: http://www.govinfo.gov U.S. GOVERNMENT PUBLISHING OFFICE 40-552 PDF WASHINGTON : 2020 COMMITTEE ON FOREIGN RELATIONS BOB CORKER, Tennessee, Chairman JAMES E. RISCH, Idaho ROBERT MENENDEZ, New ...","","2018-08-21"
"156","Congressional Hearings","CHRG-115shrg40413","CHRG-115shrg40413","An Update on American Diplomacy To Advance Our National Security Strategy","https://www.govinfo.gov/app/details/CHRG-115shrg40413/CHRG-115shrg40413","https://www.govinfo.gov/content/pkg/CHRG-115shrg40413/pdf/CHRG-115shrg40413.pdf","2.3 MB","https://www.govinfo.gov/content/pkg/CHRG-115shrg40413/html/CHRG-115shrg40413.htm","400.9 KB","","0 B","","0 B","","0 B"," SENATE ONE HUNDRED FIFTEENTH CONGRESS SECOND SESSION JULY 25, 2018 Printed for the use of the Committee on Foreign Relations [GRAPHIC NOT AVAILABLE IN TIFF FORMAT] Available via the World Wide Web: http://www.govinfo.gov U.S. GOVERNMENT PUBLISHING OFFICE 40-413 PDF WASHINGTON : 2020 COMMITTEE ON FOREIGN RELATIONS BOB CORKER, Tennessee, ...","","2018-07-25"
"157","Congressional Hearings","CHRG-115shrg40371","CHRG-115shrg40371","U.S. Policy in Europe","https://www.govinfo.gov/app/details/CHRG-115shrg40371/CHRG-115shrg40371","https://www.govinfo.gov/content/pkg/CHRG-115shrg40371/pdf/CHRG-115shrg40371.pdf","361.4 KB","https://www.govinfo.gov/content/pkg/CHRG-115shrg40371/html/CHRG-115shrg40371.htm","131.2 KB","","0 B","","0 B","","0 B"," UNITED STATES SENATE ONE HUNDRED FIFTEENTH CONGRESS SECOND SESSION JUNE 26, 2018 Printed for the use of the Committee on Foreign Relations [GRAPHIC(S) NOT AVAILABLE IN TIFF FORMAT] Available via the World Wide Web: http://www.govinfo.gov U.S. GOVERNMENT PUBLISHING OFFICE 40-371 WASHINGTON : 2020 COMMITTEE ON FOREIGN RELATIONS BOB CORKER, ...","","2018-06-26"
"158","Congressional Hearings","CHRG-115shrg40669","CHRG-115shrg40669","Review of the Fiscal Year 2019 State Department Budget Request","https://www.govinfo.gov/app/details/CHRG-115shrg40669/CHRG-115shrg40669","https://www.govinfo.gov/content/pkg/CHRG-115shrg40669/pdf/CHRG-115shrg40669.pdf","823.6 KB","https://www.govinfo.gov/content/pkg/CHRG-115shrg40669/html/CHRG-115shrg40669.htm","511.6 KB","","0 B","","0 B","","0 B"," ONE HUNDRED FIFTEENTH CONGRESS SECOND SESSION MAY 24, 2018 Printed for the use of the Committee on Foreign Relations [GRAPHIC NOT AVAILABLE IN TIFF FORMAT] Available via the World Wide Web: http://www.govinfo.gov U.S. GOVERNMENT PUBLISHING OFFICE 40-669 PDF WASHINGTON : 2020 COMMITTEE ON FOREIGN RELATIONS BOB CORKER, Tennessee, Chairman JAMES E. ...","","2018-05-24"
"159","Congressional Hearings","CHRG-115shrg39831","CHRG-115shrg39831","Somalia's Current Security and Stability Status","https://www.govinfo.gov/app/details/CHRG-115shrg39831/CHRG-115shrg39831","https://www.govinfo.gov/content/pkg/CHRG-115shrg39831/pdf/CHRG-115shrg39831.pdf","224.6 KB","https://www.govinfo.gov/content/pkg/CHRG-115shrg39831/html/CHRG-115shrg39831.htm","146.5 KB","","0 B","","0 B","","0 B"," FOREIGN RELATIONS UNITED STATES SENATE ONE HUNDRED FIFTEENTH CONGRESS SECOND SESSION MARCH 14, 2018 Printed for the use of the Committee on Foreign Relations [GRAPHIC NOT AVAILABLE IN TIFF FORMAT] Available via the World Wide Web: http://www.govinfo.gov U.S. GOVERNMENT PUBLISHING OFFICE 39-831 PDF WASHINGTON : 2020 COMMITTEE ON FOREIGN RELATIONS ...","","2018-03-14"
"160","Congressional Hearings","CHRG-115shrg40579","CHRG-115shrg40579","Why Food Security Matters","https://www.govinfo.gov/app/details/CHRG-115shrg40579/CHRG-115shrg40579","https://www.govinfo.gov/content/pkg/CHRG-115shrg40579/pdf/CHRG-115shrg40579.pdf","273.1 KB","https://www.govinfo.gov/content/pkg/CHRG-115shrg40579/html/CHRG-115shrg40579.htm","221.9 KB","","0 B","","0 B","","0 B"," ECONOMIC, ENERGY, AND ENVIRONMENTAL POLICY OF THE COMMITTEE ON FOREIGN RELATIONS UNITED STATES SENATE ONE HUNDRED FIFTEENTH CONGRESS SECOND SESSION MARCH 14, 2018 Printed for the use of the Committee on Foreign Relations [GRAPHIC(S) NOT AVAILABLE IN TIFF FORMAT] Available via the World Wide Web: http://www.govinfo.gov ______ U.S. ...","","2018-03-14"
"161","Congressional Hearings","CHRG-115shrg39808","CHRG-115shrg39808","State Fragility, Growth, and Development: Designing Policy Approaches that Work","https://www.govinfo.gov/app/details/CHRG-115shrg39808/CHRG-115shrg39808","https://www.govinfo.gov/content/pkg/CHRG-115shrg39808/pdf/CHRG-115shrg39808.pdf","170.9 KB","https://www.govinfo.gov/content/pkg/CHRG-115shrg39808/html/CHRG-115shrg39808.htm","83.3 KB","","0 B","","0 B","","0 B"," STATES SENATE ONE HUNDRED FIFTEENTH CONGRESS SECOND SESSION MARCH 13, 2018 Printed for the use of the Committee on Foreign Relations [GRAPHICS NOT AVAILABLE IN TIFF FORMAT] Available via the World Wide Web: http://www.govinfo.gov U.S. GOVERNMENT PUBLISHING OFFICE 39-808 PDF WASHINGTON : 2020 COMMITTEE ON FOREIGN RELATIONS BOB CORKER, Tennessee,...","","2018-03-13"
"162","Congressional Hearings","CHRG-115shrg40384","CHRG-115shrg40384","The Economic Relationship Between the United States, Canada, and Mexico","https://www.govinfo.gov/app/details/CHRG-115shrg40384/CHRG-115shrg40384","https://www.govinfo.gov/content/pkg/CHRG-115shrg40384/pdf/CHRG-115shrg40384.pdf","219.9 KB","https://www.govinfo.gov/content/pkg/CHRG-115shrg40384/html/CHRG-115shrg40384.htm","155.5 KB","","0 B","","0 B","","0 B"," SENATE ONE HUNDRED FIFTEENTH CONGRESS SECOND SESSION JANUARY 30, 2018 Printed for the use of the Committee on Foreign Relations [GRAPHIC(S) NOT AVAILABLE IN TIFF FORMAT] Available via the World Wide Web: http://www.govinfo.gov ______ U.S. GOVERNMENT PUBLISHING OFFICE 40-384 PDF WASHINGTON : 2020 COMMITTEE ON FOREIGN RELATIONS BOB CORKER, ...","","2018-01-30"
"163","Congressional Hearings","CHRG-115shrg36576","CHRG-115shrg36576","Using Force: Strategic, Political, and Legal Considerations","https://www.govinfo.gov/app/details/CHRG-115shrg36576/CHRG-115shrg36576","https://www.govinfo.gov/content/pkg/CHRG-115shrg36576/pdf/CHRG-115shrg36576.pdf","443.6 KB","https://www.govinfo.gov/content/pkg/CHRG-115shrg36576/html/CHRG-115shrg36576.htm","162.5 KB","","0 B","","0 B","","0 B"," HUNDRED FIFTEENTH CONGRESS FIRST SESSION DECEMBER 13, 2017 Printed for the use of the Committee on Foreign Relations [GRAPHIC NOT AVAILABLE IN TIFF FORMAT] Available via the World Wide Web: http://www.govinfo.gov U.S. GOVERNMENT PUBLISHING OFFICE 36-576 PDF WASHINGTON : 2019 COMMITTEE ON FOREIGN RELATIONS BOB CORKER, Tennessee, Chairman JAMES E. ...","","2017-12-13"
"164","Congressional Hearings","CHRG-115shrg36644","CHRG-115shrg36644","The Future of Zimbabwe","https://www.govinfo.gov/app/details/CHRG-115shrg36644/CHRG-115shrg36644","https://www.govinfo.gov/content/pkg/CHRG-115shrg36644/pdf/CHRG-115shrg36644.pdf","229.3 KB","https://www.govinfo.gov/content/pkg/CHRG-115shrg36644/html/CHRG-115shrg36644.htm","146.8 KB","","0 B","","0 B","","0 B"," RELATIONS UNITED STATES SENATE ONE HUNDRED FIFTEENTH CONGRESS FIRST SESSION DECEMBER 12, 2017 Printed for the use of the Committee on Foreign Relations [GRAPHIC NOT AVAILABLE IN TIFF FORMAT] Available via the World Wide Web: http://www.govinfo.gov U.S. GOVERNMENT PUBLISHING OFFICE 36-644 PDF WASHINGTON : 2019 For sale by the Superintendent of ...","","2017-12-12"
"165","Congressional Hearings","CHRG-115shrg34311","CHRG-115shrg34311","Authority to Order the Use of Nuclear Weapons","https://www.govinfo.gov/app/details/CHRG-115shrg34311/CHRG-115shrg34311","https://www.govinfo.gov/content/pkg/CHRG-115shrg34311/pdf/CHRG-115shrg34311.pdf","1.2 MB","https://www.govinfo.gov/content/pkg/CHRG-115shrg34311/html/CHRG-115shrg34311.htm","159.0 KB","","0 B","","0 B","","0 B"," CONGRESS FIRST SESSION NOVEMBER 14, 2017 Printed for the use of the Committee on Foreign Relations [GRAPHIC(S) NOT AVAILABLE IN TIFF FORMAT] Available via the World Wide Web: http://www.fdsys.gpo.gov U.S. GOVERNMENT PUBLISHING OFFICE 34-311 PDF WASHINGTON : 2019 COMMITTEE ON FOREIGN RELATIONS BOB CORKER, Tennessee, Chairman JAMES E. RISCH, ...","","2017-11-14"
"166","Congressional Hearings","CHRG-115shrg37610","CHRG-115shrg37610","Assessing the Colombia Peace Process: The Way Forward in U.S.-Colombia Relations","https://www.govinfo.gov/app/details/CHRG-115shrg37610/CHRG-115shrg37610","https://www.govinfo.gov/content/pkg/CHRG-115shrg37610/pdf/CHRG-115shrg37610.pdf","277.0 KB","https://www.govinfo.gov/content/pkg/CHRG-115shrg37610/html/CHRG-115shrg37610.htm","218.9 KB","","0 B","","0 B","","0 B",", TRANSNATIONAL CRIME, CIVILIAN SECURITY, DEMOCRACY, HUMAN RIGHTS, AND GLOBAL WOMEN'S ISSUES OF THE COMMITTEE ON FOREIGN RELATIONS UNITED STATES SENATE ONE HUNDRED FIFTEENTH CONGRESS FIRST SESSION AUGUST 2, 2017 Printed for the use of the Committee on Foreign Relations [GRAPHIC NOT AVAILABLE IN TIFF FORMAT] Available via the World Wide Web: http:/...","","2017-08-02"
"167","Congressional Hearings","CHRG-115shrg37782","CHRG-115shrg37782","South Sudan's Conflict and Famine","https://www.govinfo.gov/app/details/CHRG-115shrg37782/CHRG-115shrg37782","https://www.govinfo.gov/content/pkg/CHRG-115shrg37782/pdf/CHRG-115shrg37782.pdf","231.2 KB","https://www.govinfo.gov/content/pkg/CHRG-115shrg37782/html/CHRG-115shrg37782.htm","154.1 KB","","0 B","","0 B","","0 B"," UNITED STATES SENATE ONE HUNDRED FIFTEENTH CONGRESS FIRST SESSION JULY 26, 2017 Printed for the use of the Committee on Foreign Relations Available via the World Wide Web: http://www.govinfo.gov U.S. GOVERNMENT PUBLISHING OFFICE 37-782 PDF WASHINGTON : 2019 COMMITTEE ON FOREIGN RELATIONS BOB CORKER, Tennessee, Chairman JAMES E. RISCH, Idaho ...","","2017-07-26"
"168","Congressional Hearings","CHRG-115shrg40415","CHRG-115shrg40415","Assessing the Maximum Pressure and Engagement Policy Toward North Korea","https://www.govinfo.gov/app/details/CHRG-115shrg40415/CHRG-115shrg40415","https://www.govinfo.gov/content/pkg/CHRG-115shrg40415/pdf/CHRG-115shrg40415.pdf","236.8 KB","https://www.govinfo.gov/content/pkg/CHRG-115shrg40415/html/CHRG-115shrg40415.htm","183.7 KB","","0 B","","0 B","","0 B"," INTERNATIONAL CYBERSECURITY POLICY OF THE COMMITTEE ON FOREIGN RELATIONS UNITED STATES SENATE ONE HUNDRED FIFTEENTH CONGRESS FIRST SESSION JULY 25, 2017 Printed for the use of the Committee on Foreign Relations [GRAPHIC NOT AVAILABLE IN TIFF FORMAT] Available via the World Wide Web: http://www.govinfo.gov U.S. GOVERNMENT PUBLISHING OFFICE 40-415 ...","","2017-07-25"
"169","Congressional Hearings","CHRG-115shrg38105","CHRG-115shrg38105","A Review of the State Department Reauthorization Bill for Fiscal Year 2018 and the State Department Reorganization Plans","https://www.govinfo.gov/app/details/CHRG-115shrg38105/CHRG-115shrg38105","https://www.govinfo.gov/content/pkg/CHRG-115shrg38105/pdf/CHRG-115shrg38105.pdf","666.7 KB","https://www.govinfo.gov/content/pkg/CHRG-115shrg38105/html/CHRG-115shrg38105.htm","233.0 KB","","0 B","","0 B","","0 B"," THE COMMITTEE ON FOREIGN RELATIONS UNITED STATES SENATE ONE HUNDRED FIFTEENTH CONGRESS FIRST SESSION JULY 17, 2017 Printed for the use of the Committee on Foreign Relations [GRAPHIC NOT AVAILABLE IN TIFF FORMAT] Available via the World Wide Web: http://www.govinfo.gov U.S. GOVERNMENT PUBLISHING OFFICE 29-639 PDF WASHINGTON : 2019 COMMITTEE ON ...","","2017-07-17"
"170","Congressional Hearings","CHRG-115shrg38138","CHRG-115shrg38138","Consideration of the Taylor Force Act","https://www.govinfo.gov/app/details/CHRG-115shrg38138/CHRG-115shrg38138","https://www.govinfo.gov/content/pkg/CHRG-115shrg38138/pdf/CHRG-115shrg38138.pdf","214.4 KB","https://www.govinfo.gov/content/pkg/CHRG-115shrg38138/html/CHRG-115shrg38138.htm","131.2 KB","","0 B","","0 B","","0 B"," FIRST SESSION JULY 12, 2017 Printed for the use of the Committee on Foreign Relations [GRAPHIC NOT AVAILABLE IN TIFF FORMAT] Available via the World Wide Web: http://www.govinfo.gov U.S. GOVERNMENT PUBLISHING OFFICE 38-138 PDF WASHINGTON : 2019 COMMITTEE ON FOREIGN RELATIONS BOB CORKER, Tennessee, Chairman JAMES E. RISCH, Idaho BENJAMIN L. ...","","2017-07-12"
"171","Congressional Hearings","CHRG-115shrg38365","CHRG-115shrg38365","Southeast Europe: Strengthening Democracy and Countering Malign Foreign Influence","https://www.govinfo.gov/app/details/CHRG-115shrg38365/CHRG-115shrg38365","https://www.govinfo.gov/content/pkg/CHRG-115shrg38365/pdf/CHRG-115shrg38365.pdf","377.9 KB","https://www.govinfo.gov/content/pkg/CHRG-115shrg38365/html/CHRG-115shrg38365.htm","171.0 KB","","0 B","","0 B","","0 B"," SECURITY COOPERATION OF THE COMMITTEE ON FOREIGN RELATIONS UNITED STATES SENATE ONE HUNDRED FIFTEENTH CONGRESS FIRST SESSION JUNE 14, 2017 Printed for the use of the Committee on Foreign Relations [GRAPHIC NOT AVAILABLE IN TIFF FORMAT] Available via the World Wide Web: http://www.govinfo.gov U.S. GOVERNMENT PUBLISHING OFFICE 38-365 PDF ...","","2017-06-14"
"172","Congressional Hearings","CHRG-115shrg39978","CHRG-115shrg39978","Assessing the United Nations Human Rights Council","https://www.govinfo.gov/app/details/CHRG-115shrg39978/CHRG-115shrg39978","https://www.govinfo.gov/content/pkg/CHRG-115shrg39978/pdf/CHRG-115shrg39978.pdf","250.1 KB","https://www.govinfo.gov/content/pkg/CHRG-115shrg39978/html/CHRG-115shrg39978.htm","172.8 KB","","0 B","","0 B","","0 B",", MULTILATERAL INSTITUTIONS, AND INTERNATIONAL ECONOMIC, ENERGY, AND ENVIRONMENTAL POLICY OF THE COMMITTEE ON FOREIGN RELATIONS UNITED STATES SENATE ONE HUNDRED FIFTEENTH CONGRESS FIRST SESSION INSERT DATE HERE deg.MAY 25, 2017 Printed for the use of the Committee on Foreign Relations [GRAPHIC(S) NOT AVAILABLE IN TIFF FORMAT] Available ...","","2017-05-25"
"173","Congressional Hearings","CHRG-115shrg39880","CHRG-115shrg39880","Global Philanthropy and Remittances and International Development","https://www.govinfo.gov/app/details/CHRG-115shrg39880/CHRG-115shrg39880","https://www.govinfo.gov/content/pkg/CHRG-115shrg39880/pdf/CHRG-115shrg39880.pdf","2.7 MB","https://www.govinfo.gov/content/pkg/CHRG-115shrg39880/html/CHRG-115shrg39880.htm","186.1 KB","","0 B","","0 B","","0 B",", MULTILATERAL INSTITUTIONS, AND INTERNATIONAL ECONOMIC, ENERGY, AND ENVIRONMENTAL POLICY OF THE COMMITTEE ON FOREIGN RELATIONS UNITED STATES SENATE ONE HUNDRED FIFTEENTH CONGRESS FIRST SESSION MAY 3, 2017 Printed for the use of the Committee on Foreign Relations [GRAPHIC(S) NOT AVAILABLE IN TIFF FORMAT] Available via the World Wide Web: http...","","2017-05-03"
"174","Congressional Hearings","CHRG-115shrg40430","CHRG-115shrg40430","A Progress Report on Conflict Minerals","https://www.govinfo.gov/app/details/CHRG-115shrg40430/CHRG-115shrg40430","https://www.govinfo.gov/content/pkg/CHRG-115shrg40430/pdf/CHRG-115shrg40430.pdf","10.7 MB","https://www.govinfo.gov/content/pkg/CHRG-115shrg40430/html/CHRG-115shrg40430.htm","133.0 KB","","0 B","","0 B","","0 B"," RELATIONS UNITED STATES SENATE ONE HUNDRED FIFTEENTH CONGRESS FIRST SESSION APRIL 5, 2017 Printed for the use of the Committee on Foreign Relations [GRAPHIC(S) NOT AVAILABLE IN TIFF FORMAT] U.S. GOVERNMENT PUBLISHING OFFICE 40-430 PDF WASHINGTON : 2020 Available via the World Wide Web: http://www.govinfo.gov COMMITTEE ON FOREIGN RELATIONS BOB ...","","2017-04-05"
"175","Congressional Hearings","CHRG-115shrg39919","CHRG-115shrg39919","The View from Congress: U.S. Policy on Iran","https://www.govinfo.gov/app/details/CHRG-115shrg39919/CHRG-115shrg39919","https://www.govinfo.gov/content/pkg/CHRG-115shrg39919/pdf/CHRG-115shrg39919.pdf","229.9 KB","https://www.govinfo.gov/content/pkg/CHRG-115shrg39919/html/CHRG-115shrg39919.htm","174.4 KB","","0 B","","0 B","","0 B"," CONGRESS FIRST SESSION MARCH 28, 2017 Printed for the use of the Committee on Foreign Relations [GRAPHIC NOT AVAILABLE IN TIFF FORMAT] Available via the World Wide Web: http://www.govinfo.gov U.S. GOVERNMENT PUBLISHING OFFICE 39-919 PDF WASHINGTON : 2020 COMMITTEE ON FOREIGN RELATIONS BOB CORKER, Tennessee, Chairman JAMES E. RISCH, Idaho ...","","2017-03-28"
"176","Congressional Hearings","CHRG-115shrg40436","CHRG-115shrg40436","Six Years of War in Syria: The Human Toll","https://www.govinfo.gov/app/details/CHRG-115shrg40436/CHRG-115shrg40436","https://www.govinfo.gov/content/pkg/CHRG-115shrg40436/pdf/CHRG-115shrg40436.pdf","326.3 KB","https://www.govinfo.gov/content/pkg/CHRG-115shrg40436/html/CHRG-115shrg40436.htm","223.7 KB","","0 B","","0 B","","0 B"," CONGRESS FIRST SESSION MARCH 15, 2017 Printed for the use of the Committee on Foreign Relations [GRAPHIC NOT AVAILABLE IN TIFF FORMAT] Available via the World Wide Web: http://www.govinfo.gov U.S. GOVERNMENT PUBLISHING OFFICE 40-436 PDF WASHINGTON : 2020 COMMITTEE ON FOREIGN RELATIONS BOB CORKER, Tennessee, Chairman JAMES E. RISCH, Idaho BENJAMIN...","","2017-03-15"
"177","Congressional Hearings","CHRG-115shrg40671","CHRG-115shrg40671","Democracy and Human Rights: The Case for U.S. Leadership","https://www.govinfo.gov/app/details/CHRG-115shrg40671/CHRG-115shrg40671","https://www.govinfo.gov/content/pkg/CHRG-115shrg40671/pdf/CHRG-115shrg40671.pdf","253.9 KB","https://www.govinfo.gov/content/pkg/CHRG-115shrg40671/html/CHRG-115shrg40671.htm","212.2 KB","","0 B","","0 B","","0 B","CIVILIAN SECURITY, DEMOCRACY, HUMAN RIGHTS, AND GLOBAL WOMEN'S ISSUES OF THE COMMITTEE ON FOREIGN RELATIONS UNITED STATES SENATE ONE HUNDRED FIFTEENTH CONGRESS FIRST SESSION FEBRUARY 16, 2017 Printed for the use of the Committee on Foreign Relations [GRAPHIC(S) NOT AVAILABLE IN TIFF FORMAT] Available via the World Wide Web: http://www.govinfo.gov ...","","2017-02-16"
"178","Congressional Hearings","CHRG-115shrg39736","CHRG-115shrg39736","The United States, the Russian Federation and the Challenges Ahead","https://www.govinfo.gov/app/details/CHRG-115shrg39736/CHRG-115shrg39736","https://www.govinfo.gov/content/pkg/CHRG-115shrg39736/pdf/CHRG-115shrg39736.pdf","420.9 KB","https://www.govinfo.gov/content/pkg/CHRG-115shrg39736/html/CHRG-115shrg39736.htm","190.3 KB","","0 B","","0 B","","0 B"," ONE HUNDRED FIFTEENTH CONGRESS FIRST SESSION FEBRUARY 9, 2017 Printed for the use of the Committee on Foreign Relations [GRAPHIC NOT AVAILABLE IN TIFF FORMAT] Available via the World Wide Web: http://www.govinfo.gov U.S. GOVERNMENT PUBLISHING OFFICE 39-736 PDF WASHINGTON : 2020 COMMITTEE ON FOREIGN RELATIONS BOB CORKER, Tennessee, Chairman ...","","2017-02-09"
"179","Congressional Hearings","CHRG-115shrg33623","CHRG-115shrg33623","Nomination Hearings of the 115th Congress-First Session","https://www.govinfo.gov/app/details/CHRG-115shrg33623/CHRG-115shrg33623","https://www.govinfo.gov/content/pkg/CHRG-115shrg33623/pdf/CHRG-115shrg33623.pdf","5.7 MB","https://www.govinfo.gov/content/pkg/CHRG-115shrg33623/html/CHRG-115shrg33623.htm","4.2 MB","","0 B","","0 B","","0 B"," FIFTEENTH CONGRESS FIRST SESSION JANUARY 3, 2017 TO JANUARY 3, 2018 Printed for the use of the Committee on Foreign Relations [GRAPHIC(S) NOT AVAILABLE IN TIFF FORMAT] Available via the World Wide Web: http://www.govinfo.gov S. Hrg. 115-413 NOMINATION HEARINGS OF THE 115TH CONGRESS-FIRST SESSION HEARINGS BEFORE THE COMMITTEE ON FOREIGN ...","","2017-01-03"
"180","Congressional Hearings","CHRG-114shrg26911","CHRG-114shrg26911","Regional Impact of the Syria Conflict: Syria, Turkey and Iraq","https://www.govinfo.gov/app/details/CHRG-114shrg26911/CHRG-114shrg26911","https://www.govinfo.gov/content/pkg/CHRG-114shrg26911/pdf/CHRG-114shrg26911.pdf","216.1 KB","https://www.govinfo.gov/content/pkg/CHRG-114shrg26911/html/CHRG-114shrg26911.htm","140.7 KB","","0 B","","0 B","","0 B","ONE HUNDRED FOURTEENTH CONGRESS SECOND SESSION SEPTEMBER 29, 2016 Printed for the use of the Committee on Foreign Relations [GRAPHIC(S) NOT AVAILABLE IN TIFF FORMAT] Available via the World Wide Web: http://www.fdsys.gpo.gov U.S. GOVERNMENT PUBLISHING OFFICE 26-911 PDF WASHINGTON : 2017 For sale by the Superintendent of Documents, U.S. Government ...","","2016-09-29"
"181","Congressional Hearings","CHRG-114shrg39435","CHRG-114shrg39435","Protecting Girls: Global Efforts to End Child Marriage","https://www.govinfo.gov/app/details/CHRG-114shrg39435/CHRG-114shrg39435","https://www.govinfo.gov/content/pkg/CHRG-114shrg39435/pdf/CHRG-114shrg39435.pdf","307.7 KB","https://www.govinfo.gov/content/pkg/CHRG-114shrg39435/html/CHRG-114shrg39435.htm","268.4 KB","","0 B","","0 B","","0 B"," SECURITY, DEMOCRACY, HUMAN RIGHTS, AND GLOBAL WOMEN'S ISSUES OF THE COMMITTEE ON FOREIGN RELATIONS UNITED STATES SENATE ONE HUNDRED FOURTEENTH CONGRESS SECOND SESSION SEPTEMBER 14, 2016 Printed for the use of the Committee on Foreign Relations [GRAPHIC(S) NOT AVAILABLE IN TIFF FORMAT] U.S. GOVERNMENT PUBLISHING OFFICE 39-435 PDF WASHINGTON :...","","2016-09-14"
"182","Congressional Hearings","CHRG-114shrg27231","CHRG-114shrg27231","U.S. Policy Options in the South China Sea","https://www.govinfo.gov/app/details/CHRG-114shrg27231/CHRG-114shrg27231","https://www.govinfo.gov/content/pkg/CHRG-114shrg27231/pdf/CHRG-114shrg27231.pdf","206.3 KB","https://www.govinfo.gov/content/pkg/CHRG-114shrg27231/html/CHRG-114shrg27231.htm","119.5 KB","","0 B","","0 B","","0 B","POLICY OF THE COMMITTEE ON FOREIGN RELATIONS UNITED STATES SENATE ONE HUNDRED FOURTEENTH CONGRESS SECOND SESSION JULY 13, 2016 Printed for the use of the Committee on Foreign Relations [GRAPHIC(S) NOT AVAILABLE IN TIFF FORMAT] Available via the World Wide Web: http://www.fdsys.gpo.gov U.S. GOVERNMENT PUBLISHING OFFICE 27-231 PDF WASHINGTON : 2017 ...","","2016-07-13"
"183","Congressional Hearings","CHRG-114shrg27230","CHRG-114shrg27230","Public-Private Partnerships in Foreign Aid: Leveraging U.S. Assistance for Greater Impact and Sustainability","https://www.govinfo.gov/app/details/CHRG-114shrg27230/CHRG-114shrg27230","https://www.govinfo.gov/content/pkg/CHRG-114shrg27230/pdf/CHRG-114shrg27230.pdf","257.8 KB","https://www.govinfo.gov/content/pkg/CHRG-114shrg27230/html/CHRG-114shrg27230.htm","207.6 KB","","0 B","","0 B","","0 B"," ON STATE DEPARTMENT AND USAID MANAGEMENT, INTERNATIONAL OPERATIONS, AND BILATERAL INTERNATIONAL DEVELOPMENT OF THE COMMITTEE ON FOREIGN RELATIONS UNITED STATES SENATE ONE HUNDRED FOURTEENTH CONGRESS SECOND SESSION JULY 12, 2016 Printed for the use of the Committee on Foreign Relations [GRAPHIC NOT AVAILABLE IN TIFF FORMAT] Available via the...","","2016-07-12"
"184","Congressional Hearings","CHRG-114shrg27873","CHRG-114shrg27873","An Assessment of U.S. Economic Assistance","https://www.govinfo.gov/app/details/CHRG-114shrg27873/CHRG-114shrg27873","https://www.govinfo.gov/content/pkg/CHRG-114shrg27873/pdf/CHRG-114shrg27873.pdf","1.7 MB","https://www.govinfo.gov/content/pkg/CHRG-114shrg27873/html/CHRG-114shrg27873.htm","148.4 KB","","0 B","","0 B","","0 B"," CONGRESS SECOND SESSION JULY 7, 2016 Printed for the use of the Committee on Foreign Relations [GRAPHIC NOT AVAILABLE IN TIFF FORMAT] Available via the World Wide Web: http://www.fdsys.gpo.gov U.S. GOVERNMENT PUBLISHING OFFICE 27-873 PDF WASHINGTON : 2018 For sale by the Superintendent of Documents, U.S. Government Publishing Office, http://...","","2016-07-07"
"185","Congressional Hearings","CHRG-114shrg27955","CHRG-114shrg27955","Corruption, Violent Extremism, Kleptocracy, and the Dangers of Failing Governance","https://www.govinfo.gov/app/details/CHRG-114shrg27955/CHRG-114shrg27955","https://www.govinfo.gov/content/pkg/CHRG-114shrg27955/pdf/CHRG-114shrg27955.pdf","290.3 KB","https://www.govinfo.gov/content/pkg/CHRG-114shrg27955/html/CHRG-114shrg27955.htm","247.9 KB","","0 B","","0 B","","0 B"," STATES SENATE ONE HUNDRED FOURTEENTH CONGRESS SECOND SESSION JUNE 30, 2016 Printed for the use of the Committee on Foreign Relations [GRAPHIC(S) NOT AVAILABLE IN TIFF FORMAT] Available via the World Wide Web: http://www.govinfo.gov U.S. GOVERNMENT PUBLISHING OFFICE 27-955 PDF WASHINGTON : 2018 For sale by the Superintendent of Documents, U.S....","","2016-06-30"
"186","Congressional Hearings","CHRG-114shrg28537","CHRG-114shrg28537","Barriers to Education Globally: Getting Girls in the Classroom","https://www.govinfo.gov/app/details/CHRG-114shrg28537/CHRG-114shrg28537","https://www.govinfo.gov/content/pkg/CHRG-114shrg28537/pdf/CHRG-114shrg28537.pdf","260.0 KB","https://www.govinfo.gov/content/pkg/CHRG-114shrg28537/html/CHRG-114shrg28537.htm","206.2 KB","","0 B","","0 B","","0 B",", CIVILIAN SECURITY, DEMOCRACY, HUMAN RIGHTS, AND WOMEN'S ISSUES OF THE COMMITTEE ON FOREIGN RELATIONS UNITED STATES SENATE ONE HUNDRED FOURTEENTH CONGRESS SECOND SESSION JUNE 15, 2016 Printed for the use of the Committee on Foreign Relations [GRAPHIC(S) NOT AVAILABLE IN TIFF FORMAT] Available via the World Wide Web: http://www.govinfo.gov U.S....","","2016-06-15"
"187","Congressional Hearings","CHRG-114shrg28077","CHRG-114shrg28077","Russian Violations of Borders, Treaties, and Human Rights","https://www.govinfo.gov/app/details/CHRG-114shrg28077/CHRG-114shrg28077","https://www.govinfo.gov/content/pkg/CHRG-114shrg28077/pdf/CHRG-114shrg28077.pdf","275.2 KB","https://www.govinfo.gov/content/pkg/CHRG-114shrg28077/html/CHRG-114shrg28077.htm","216.4 KB","","0 B","","0 B","","0 B","HUNDRED FOURTEENTH CONGRESS SECOND SESSION JUNE 7, 2016 Printed for the use of the Committee on Foreign Relations [GRAPHIC(S) NOT AVAILABLE IN TIFF FORMAT] Available via the World Wide Web: http://www.govinfo.gov U.S. GOVERNMENT PUBLISHING OFFICE 28-077 PDF WASHINGTON : 2018 For sale by the Superintendent of Documents, U.S. Government Publishing ...","","2016-06-07"
"188","Congressional Hearings","CHRG-114shrg29447","CHRG-114shrg29447","War in Syria: Next Steps to Mitigate the Crisis","https://www.govinfo.gov/app/details/CHRG-114shrg29447/CHRG-114shrg29447","https://www.govinfo.gov/content/pkg/CHRG-114shrg29447/pdf/CHRG-114shrg29447.pdf","7.6 MB","https://www.govinfo.gov/content/pkg/CHRG-114shrg29447/html/CHRG-114shrg29447.htm","172.6 KB","","0 B","","0 B","","0 B"," ONE HUNDRED FOURTEENTH CONGRESS SECOND SESSION INSERT DATE HERE deg.MAY 17, 2016 Printed for the use of the Committee on Foreign Relations [GRAPHIC(S) NOT AVAILABLE IN TIFF FORMAT] Available via the World Wide Web: http://www.govinfo.gov U.S. GOVERNMENT PUBLISHING OFFICE 29-447 PDF WASHINGTON : 2018 For sale by the Superintendent of Documents...","","2016-05-17"
"189","Congressional Hearings","CHRG-114shrg29581","CHRG-114shrg29581","Terrorism and Instability in Sub-Saharan Africa","https://www.govinfo.gov/app/details/CHRG-114shrg29581/CHRG-114shrg29581","https://www.govinfo.gov/content/pkg/CHRG-114shrg29581/pdf/CHRG-114shrg29581.pdf","387.3 KB","https://www.govinfo.gov/content/pkg/CHRG-114shrg29581/html/CHRG-114shrg29581.htm","404.1 KB","","0 B","","0 B","","0 B"," CONGRESS SECOND SESSION INSERT DATE HERE deg.MAY 10, 2016 Printed for the use of the Committee on Foreign Relations [GRAPHIC(S) NOT AVAILABLE IN TIFF FORMAT] Available via the World Wide Web: http://www.govinfo.gov U.S. GOVERNMENT PUBLISHING OFFICE 29-581 PDF WASHINGTON : 2018 For sale by the Superintendent of Documents, U.S. Government ...","","2016-05-10"
"190","Congressional Hearings","CHRG-114shrg30258","CHRG-114shrg30258","Central America and the Alliance for Prosperity: Identifying U.S. Priorities and Assessing Progress","https://www.govinfo.gov/app/details/CHRG-114shrg30258/CHRG-114shrg30258","https://www.govinfo.gov/content/pkg/CHRG-114shrg30258/pdf/CHRG-114shrg30258.pdf","307.3 KB","https://www.govinfo.gov/content/pkg/CHRG-114shrg30258/html/CHRG-114shrg30258.htm","270.2 KB","","0 B","","0 B","","0 B"," RELATIONS UNITED STATES SENATE ONE HUNDRED FOURTEENTH CONGRESS SECOND SESSION APRIL 19, 2016 Printed for the use of the Committee on Foreign Relations Available via the World Wide Web: http://www.govinfo.gov [GRAPHIC(S) NOT AVAILABLE IN TIFF FORMAT] ______ U.S. GOVERNMENT PUBLISHING OFFICE 30-258 PDF WASHINGTON : 2018 COMMITTEE ON FOREIGN ...","","2016-04-19"
"191","Congressional Hearings","CHRG-114shrg30358","CHRG-114shrg30358","The Spread of Isis and Transnational Terrorism","https://www.govinfo.gov/app/details/CHRG-114shrg30358/CHRG-114shrg30358","https://www.govinfo.gov/content/pkg/CHRG-114shrg30358/pdf/CHRG-114shrg30358.pdf","269.8 KB","https://www.govinfo.gov/content/pkg/CHRG-114shrg30358/html/CHRG-114shrg30358.htm","212.9 KB","","0 B","","0 B","","0 B"," CONGRESS SECOND SESSION APRIL 12, 2016 Printed for the use of the Committee on Foreign Relations [GRAPHIC NOT AVAILABLE IN TIFF FORMAT] Available via the World Wide Web: http://www.govinfo.gov U.S. GOVERNMENT PUBLISHING OFFICE 30-358 PDF WASHINGTON : 2018 For sale by the Superintendent of Documents, U.S. Government Publishing Office, http:/...","","2016-04-12"
"192","Congressional Hearings","CHRG-114shrg30396","CHRG-114shrg30396","A Progress Report on the West Africa Ebola Epidemic","https://www.govinfo.gov/app/details/CHRG-114shrg30396/CHRG-114shrg30396","https://www.govinfo.gov/content/pkg/CHRG-114shrg30396/pdf/CHRG-114shrg30396.pdf","238.9 KB","https://www.govinfo.gov/content/pkg/CHRG-114shrg30396/html/CHRG-114shrg30396.htm","161.4 KB","","0 B","","0 B","","0 B"," ON FOREIGN RELATIONS UNITED STATES SENATE ONE HUNDRED FOURTEENTH CONGRESS SECOND SESSION APRIL 7, 2016 Printed for the use of the Committee on Foreign Relations [GRAPHIC NOT AVAILABLE IN TIFF FORMAT] Available via the World Wide Web: http://www.govinfo.gov U.S. GOVERNMENT PUBLISHING OFFICE 30-396 PDF WASHINGTON : 2018 For sale by the ...","","2016-04-07"
"193","Congressional Hearings","CHRG-114shrg30634","CHRG-114shrg30634","Economic and Geopolitical Implications of Low Oil and Gas Prices","https://www.govinfo.gov/app/details/CHRG-114shrg30634/CHRG-114shrg30634","https://www.govinfo.gov/content/pkg/CHRG-114shrg30634/pdf/CHRG-114shrg30634.pdf","533.5 KB","https://www.govinfo.gov/content/pkg/CHRG-114shrg30634/html/CHRG-114shrg30634.htm","128.7 KB","","0 B","","0 B","","0 B"," ONE HUNDRED FOURTEENTH CONGRESS SECOND SESSION MARCH 2, 2016 Printed for the use of the Committee on Foreign Relations [GRAPHIC(S) NOT AVAILABLE IN TIFF FORMAT] Available via the World Wide Web: http://www.govinfo.gov U.S. GOVERNMENT PUBLISHING OFFICE 30-634 PDF WASHINGTON : 2018 COMMITTEE ON FOREIGN RELATIONS BOB CORKER, Tennessee, Chairman ...","","2016-03-02"
"194","Congressional Hearings","CHRG-114shrg30664","CHRG-114shrg30664","A Review of the Fiscal Year 2017 State and USAID Budget Request","https://www.govinfo.gov/app/details/CHRG-114shrg30664/CHRG-114shrg30664","https://www.govinfo.gov/content/pkg/CHRG-114shrg30664/pdf/CHRG-114shrg30664.pdf","371.2 KB","https://www.govinfo.gov/content/pkg/CHRG-114shrg30664/html/CHRG-114shrg30664.htm","381.6 KB","","0 B","","0 B","","0 B",", INTERNATIONAL OPERATIONS, AND BILATERAL INTERNATIONAL DEVELOPMENT OF THE COMMITTEE ON FOREIGN RELATIONS UNITED STATES SENATE ONE HUNDRED FOURTEENTH CONGRESS SECOND SESSION MARCH 1, 2016 Printed for the use of the Committee on Foreign Relations [GRAPHIC NOT AVAILABLE IN TIFF FORMAT] Available via the World Wide Web: http://www.govinfo.gov U.S. ...","","2016-03-01"
"195","Congressional Hearings","CHRG-114shrg30864","CHRG-114shrg30864","Ending Modern Slavery: Now Is the Time","https://www.govinfo.gov/app/details/CHRG-114shrg30864/CHRG-114shrg30864","https://www.govinfo.gov/content/pkg/CHRG-114shrg30864/pdf/CHRG-114shrg30864.pdf","230.2 KB","https://www.govinfo.gov/content/pkg/CHRG-114shrg30864/html/CHRG-114shrg30864.htm","151.4 KB","","0 B","","0 B","","0 B","CONGRESS SECOND SESSION FEBRUARY 24, 2016 Printed for the use of the Committee on Foreign Relations [GRAPHIC(S) NOT AVAILABLE IN TIFF FORMAT] Available via the World Wide Web: http://www.govinfo.gov U.S. GOVERNMENT PUBLISHING OFFICE 30-864 PDF WASHINGTON : 2018 COMMITTEE ON FOREIGN RELATIONS BOB CORKER, Tennessee, Chairman JAMES E. RISCH, Idaho ...","","2016-02-24"
"196","Congressional Hearings","CHRG-114shrg31168","CHRG-114shrg31168","Strains on the European Union: Implications for American Foreign Policy","https://www.govinfo.gov/app/details/CHRG-114shrg31168/CHRG-114shrg31168","https://www.govinfo.gov/content/pkg/CHRG-114shrg31168/pdf/CHRG-114shrg31168.pdf","231.6 KB","https://www.govinfo.gov/content/pkg/CHRG-114shrg31168/html/CHRG-114shrg31168.htm","148.1 KB","","0 B","","0 B","","0 B"," UNITED STATES SENATE ONE HUNDRED FOURTEENTH CONGRESS SECOND SESSION FEBRUARY 3, 2016 Printed for the use of the Committee on Foreign Relations [GRAPHIC(S) NOT AVAILABLE IN TIFF FORMAT] Available via the World Wide Web: http://www.govinfo.gov U.S. GOVERNMENT PUBLISHING OFFICE 31-168 PDF WASHINGTON : 2018 COMMITTEE ON FOREIGN RELATIONS BOB ...","","2016-02-03"
"197","Congressional Hearings","CHRG-114shrg21369","CHRG-114shrg21369","The Security Apolitical and Crisis in Burundi","https://www.govinfo.gov/app/details/CHRG-114shrg21369/CHRG-114shrg21369","https://www.govinfo.gov/content/pkg/CHRG-114shrg21369/pdf/CHRG-114shrg21369.pdf","274.8 KB","https://www.govinfo.gov/content/pkg/CHRG-114shrg21369/html/CHRG-114shrg21369.htm","195.5 KB","","0 B","","0 B","","0 B"," CONGRESS FIRST SESSION DECEMBER 9, 2015 Printed for the use of the Committee on Foreign Relations [GRAPHIC NOT AVAILABLE IN TIFF FORMAT] Available via the World Wide Web: http://www.gpo.gov/fdsys/ U.S. GOVERNMENT PUBLISHING OFFICE 21-369 PDF WASHINGTON : 2016 For sale by the Superintendent of Documents, U.S. Government Publishing Office, http...","","2015-12-09"
"198","Congressional Hearings","CHRG-114shrg23034","CHRG-114shrg23034","United Nations Peacekeeping and Opportunities for Reform","https://www.govinfo.gov/app/details/CHRG-114shrg23034/CHRG-114shrg23034","https://www.govinfo.gov/content/pkg/CHRG-114shrg23034/pdf/CHRG-114shrg23034.pdf","279.3 KB","https://www.govinfo.gov/content/pkg/CHRG-114shrg23034/html/CHRG-114shrg23034.htm","226.6 KB","","0 B","","0 B","","0 B"," FOURTEENTH CONGRESS FIRST SESSION DECEMBER 9, 2015 Printed for the use of the Committee on Foreign Relations [GRAPHIC(S) NOT AVAILABLE IN TIFF FORMAT] Available via the World Wide Web: http://www.gpo.gov/fdsys/ U.S. GOVERNMENT PUBLISHING OFFICE 23-034 PDF WASHINGTON : 2016 For sale by the Superintendent of Documents, U.S. Government ...","","2015-12-09"
"199","Congressional Hearings","CHRG-114shrg35995","CHRG-114shrg35995","Putin's Invasion of Ukraine and the Propaganda that Threatens Europe","https://www.govinfo.gov/app/details/CHRG-114shrg35995/CHRG-114shrg35995","https://www.govinfo.gov/content/pkg/CHRG-114shrg35995/pdf/CHRG-114shrg35995.pdf","254.3 KB","https://www.govinfo.gov/content/pkg/CHRG-114shrg35995/html/CHRG-114shrg35995.htm","181.6 KB","","0 B","","0 B","","0 B","COOPERATION OF THE COMMITTEE ON FOREIGN RELATIONS UNITED STATES SENATE ONE HUNDRED FOURTEENTH CONGRESS FIRST SESSION NOVEMBER 3, 2015 Printed for the use of the Committee on Foreign Relations [GRAPHIC NOT AVAILABLE IN TIFF FORMAT] Available via the World Wide Web: https://www.govinfo.gov U.S. GOVERNMENT PUBLISHING OFFICE 35-995 PDF WASHINGTON : ...","","2015-11-03"
"200","Congressional Hearings","CHRG-114shrg35962","CHRG-114shrg35962","The U.S. Role and Strategy in the Middle East","https://www.govinfo.gov/app/details/CHRG-114shrg35962/CHRG-114shrg35962","https://www.govinfo.gov/content/pkg/CHRG-114shrg35962/pdf/CHRG-114shrg35962.pdf","261.5 KB","https://www.govinfo.gov/content/pkg/CHRG-114shrg35962/html/CHRG-114shrg35962.htm","202.6 KB","","0 B","","0 B","","0 B"," CONGRESS FIRST SESSION OCTOBER 28, 2015 Printed for the use of the Committee on Foreign Relations [GRAPHIC(S) NOT AVAILABLE IN TIFF FORMAT] Available via the World Wide Web: https://www.govinfo.gov U.S. GOVERNMENT PUBLISHING OFFICE 35-962 PDF WASHINGTON : 2019 COMMITTEE ON FOREIGN RELATIONS BOB CORKER, TENNESSEE, Chairman JAMES E. RISCH, ...","","2015-10-28"
"201","Congressional Hearings","CHRG-114shrg34920","CHRG-114shrg34920","Financial Crisis in Greece: Implications and Lessons Learned","https://www.govinfo.gov/app/details/CHRG-114shrg34920/CHRG-114shrg34920","https://www.govinfo.gov/content/pkg/CHRG-114shrg34920/pdf/CHRG-114shrg34920.pdf","647.5 KB","https://www.govinfo.gov/content/pkg/CHRG-114shrg34920/html/CHRG-114shrg34920.htm","121.7 KB","","0 B","","0 B","","0 B"," OF THE COMMITTEE ON FOREIGN RELATIONS UNITED STATES SENATE ONE HUNDRED FOURTEENTH CONGRESS FIRST SESSION JULY 29, 2015 Printed for the use of the Committee on Foreign Relations [GRAPHIC(S) NOT AVAILABLE IN TIFF FORMAT] Available via the World Wide Web: https://www.govinfo.gov U.S. GOVERNMENT PUBLISHING OFFICE 34-920 PDF WASHINGTON : 2019 ...","","2015-07-29"
"202","Congressional Hearings","CHRG-114shrg29843","CHRG-114shrg29843","Wildlife Poaching","https://www.govinfo.gov/app/details/CHRG-114shrg29843/CHRG-114shrg29843","https://www.govinfo.gov/content/pkg/CHRG-114shrg29843/pdf/CHRG-114shrg29843.pdf","258.0 KB","https://www.govinfo.gov/content/pkg/CHRG-114shrg29843/html/CHRG-114shrg29843.htm","201.6 KB","","0 B","","0 B","","0 B"," SENATE ONE HUNDRED FOURTEENTH CONGRESS FIRST SESSION JULY 16, 2015 Printed for the use of the Committee on Foreign Relations [GRAPHIC NOT AVAILABLE IN TIFF FORMAT] Available via the World Wide Web: http://www.gpo.gov/fdsys/ U.S. GOVERNMENT PUBLISHING OFFICE 29-843 PDF WASHINGTON : 2019 For sale by the Superintendent of Documents, U.S. ...","","2015-07-16"
"203","Congressional Hearings","CHRG-114shrg28951","CHRG-114shrg28951","Security Assistance in Africa","https://www.govinfo.gov/app/details/CHRG-114shrg28951/CHRG-114shrg28951","https://www.govinfo.gov/content/pkg/CHRG-114shrg28951/pdf/CHRG-114shrg28951.pdf","606.1 KB","https://www.govinfo.gov/content/pkg/CHRG-114shrg28951/html/CHRG-114shrg28951.htm","212.7 KB","","0 B","","0 B","","0 B"," UNITED STATES SENATE ONE HUNDRED FOURTEENTH CONGRESS FIRST SESSION JUNE 4, 2015 Printed for the use of the Committee on Foreign Relations [GRAPHIC(S) NOT AVAILABLE IN TIFF FORMAT] Available via the World Wide Web: http://www.gpo.gov/fdsys/ U.S. GOVERNMENT PUBLISHING OFFICE 28-951 PDF WASHINGTON : 2018 For sale by the Superintendent of Documents, ...","","2015-06-04"
"204","Congressional Hearings","CHRG-114shrg20569","CHRG-114shrg20569","State Department Reauthorization: Ensuring Effective U.S. Diplomacy Within a Responsible Budget","https://www.govinfo.gov/app/details/CHRG-114shrg20569/CHRG-114shrg20569","https://www.govinfo.gov/content/pkg/CHRG-114shrg20569/pdf/CHRG-114shrg20569.pdf","273.5 KB","https://www.govinfo.gov/content/pkg/CHRG-114shrg20569/html/CHRG-114shrg20569.htm","236.6 KB","","0 B","","0 B","","0 B"," RELATIONS UNITED STATES SENATE ONE HUNDRED FOURTEENTH CONGRESS FIRST SESSION APRIL 22, 2015 Printed for the use of the Committee on Foreign Relations [GRAPHIC NOT AVAILABLE IN TIFF FORMAT] Available via the World Wide Web: http://www.gpo.gov/fdsys/ U.S. GOVERNMENT PUBLISHING OFFICE 20-569PDF WASHINGTON : 2016 For sale by the Superintendent of ...","","2015-04-22"
"205","Congressional Hearings","CHRG-114shrg96257","CHRG-114shrg96257","Deepening Political and Economic Crisis in Venezuela: Implications for U.S. Inter- Ests and the Western Hemisphere","https://www.govinfo.gov/app/details/CHRG-114shrg96257/CHRG-114shrg96257","https://www.govinfo.gov/content/pkg/CHRG-114shrg96257/pdf/CHRG-114shrg96257.pdf","1.1 MB","https://www.govinfo.gov/content/pkg/CHRG-114shrg96257/html/CHRG-114shrg96257.htm","325.5 KB","","0 B","","0 B","","0 B","SUBCOMMITTEE ON WESTERN HEMISPHERE TRANSNATIONAL CRIME, CIVILIAN SECURITY, DEMOCRACY, HUMAN RIGHTS, AND GLOBAL WOMEN'S ISSUES OF THE COMMITTEE ON FOREIGN RELATIONS UNITED STATES SENATE ONE HUNDRED FOURTEENTH CONGRESS FIRST SESSION MARCH 17, 2015 Printed for the use of the Committee on Foreign Relations [GRAPHIC NOT AVAILABLE IN TIFF FORMAT] ...","","2015-03-17"
"206","Congressional Hearings","CHRG-114shrg96801","CHRG-114shrg96801","The President's Request for Authorization to Use Force Against Isis: Military and Diplomatic Efforts","https://www.govinfo.gov/app/details/CHRG-114shrg96801/CHRG-114shrg96801","https://www.govinfo.gov/content/pkg/CHRG-114shrg96801/pdf/CHRG-114shrg96801.pdf","261.7 KB","https://www.govinfo.gov/content/pkg/CHRG-114shrg96801/html/CHRG-114shrg96801.htm","200.9 KB","","0 B","","0 B","","0 B"," RELATIONS UNITED STATES SENATE ONE HUNDRED FOURTEENTH CONGRESS FIRST SESSION MARCH 11, 2015 Printed for the use of the Committee on Foreign Relations [GRAPHIC NOT AVAILABLE IN TIFF FORMAT] Available via the World Wide Web: http://www.gpo.gov/fdsys/ U.S. GOVERNMENT PUBLISHING OFFICE 96-801 PDF WASHINGTON : 2015 For sale by the Superintendent ...","","2015-03-11"
"207","Congressional Hearings","CHRG-114shrg96256","CHRG-114shrg96256","Ending Modern Slavery: What Is the Best Way Forward?","https://www.govinfo.gov/app/details/CHRG-114shrg96256/CHRG-114shrg96256","https://www.govinfo.gov/content/pkg/CHRG-114shrg96256/pdf/CHRG-114shrg96256.pdf","402.5 KB","https://www.govinfo.gov/content/pkg/CHRG-114shrg96256/html/CHRG-114shrg96256.htm","364.6 KB","","0 B","","0 B","","0 B"," FEBRUARY 4 AND FEBRUARY 11, 2015 Printed for the use of the Committee on Foreign Relations [GRAPHIC(S) NOT AVAILABLE IN TIFF FORMAT] Available via the World Wide Web: http://www.gpo.gov/fdsys/ U.S. GOVERNMENT PUBLISHING OFFICE 96-256 PDF WASHINGTON : 2015 For sale by the Superintendent of Documents, U.S. Government Publishing Office Internet:...","","2015-02-04"
"208","Congressional Hearings","CHRG-114shrg26590","CHRG-114shrg26590","Examining The JCPOA (Joint Comprehensive Plan of Action)","https://www.govinfo.gov/app/details/CHRG-114shrg26590/CHRG-114shrg26590","https://www.govinfo.gov/content/pkg/CHRG-114shrg26590/pdf/CHRG-114shrg26590.pdf","20.9 MB","https://www.govinfo.gov/content/pkg/CHRG-114shrg26590/html/CHRG-114shrg26590.htm","2.7 MB","","0 B","","0 B","","0 B","HUNDRED FOURTEENTH CONGRESS CUMULATIVE JANUARY 21, JUNE 3, 24, 25, JULY 23, 29, 30, AUGUST 4, 5, AND DECEMBER 17, 2015 JANUARY 20, APRIL 5, JULY 14, AND DECEMBER 6, 2016 Printed for the use of the Committee on Foreign Relations [GRAPHIC NOT AVAILABLE IN TIFF FORMAT] Available via the World Wide Web: http://www.govinfo.gov U.S. GOVERNMENT PUBLISHING...","","2015-01-21"
"209","Congressional Hearings","CHRG-114shrg97532","CHRG-114shrg97532","Iran Nuclear Negotiations: Status of Talks and the Role of Congress","https://www.govinfo.gov/app/details/CHRG-114shrg97532/CHRG-114shrg97532","https://www.govinfo.gov/content/pkg/CHRG-114shrg97532/pdf/CHRG-114shrg97532.pdf","281.5 KB","https://www.govinfo.gov/content/pkg/CHRG-114shrg97532/html/CHRG-114shrg97532.htm","241.0 KB","","0 B","","0 B","","0 B"," ONE HUNDRED FOURTEENTH CONGRESS FIRST SESSION JANUARY 21, 2015 Printed for the use of the Committee on Foreign Relations [GRAPHIC(S) NOT AVAILABLE IN TIFF FORMAT] Available via the World Wide Web: http://www.gpo.gov/fdsys/ U.S. GOVERNMENT PUBLISHING OFFICE 97-532 PDF WASHINGTON : 2015 For sale by the Superintendent of Documents, U.S. ...","","2015-01-21"
"210","Congressional Hearings","CHRG-113shrg94193","CHRG-113shrg94193","The Ebola Epidemic: The Keys to Success for the International Responsea","https://www.govinfo.gov/app/details/CHRG-113shrg94193/CHRG-113shrg94193","https://www.govinfo.gov/content/pkg/CHRG-113shrg94193/pdf/CHRG-113shrg94193.pdf","7.1 MB","https://www.govinfo.gov/content/pkg/CHRG-113shrg94193/html/CHRG-113shrg94193.htm","202.7 KB","","0 B","","0 B","","0 B"," ON FOREIGN RELATIONS UNITED STATES SENATE ONE HUNDRED THIRTEENTH CONGRESS SECOND SESSION DECEMBER 10, 2014 Printed for the use of the Committee on Foreign Relations Available via the World Wide Web: http://www.gpo.gov/fdsys/ ______ U.S. GOVERNMENT PUBLISHING OFFICE 94-193 PDF WASHINGTON : 2015 For sale by the Superintendent of Documents, U.S...","","2014-12-10"
"211","Congressional Hearings","CHRG-113shrg95891","CHRG-113shrg95891","Authorization for the Use of Military Force Against ISIL","https://www.govinfo.gov/app/details/CHRG-113shrg95891/CHRG-113shrg95891","https://www.govinfo.gov/content/pkg/CHRG-113shrg95891/pdf/CHRG-113shrg95891.pdf","262.1 KB","https://www.govinfo.gov/content/pkg/CHRG-113shrg95891/html/CHRG-113shrg95891.htm","215.9 KB","","0 B","","0 B","","0 B"," THIRTEENTH CONGRESS SECOND SESSION DECEMBER 9, 2014 Printed for the use of the Committee on Foreign Relations [GRAPHIC NOT AVAILABLE IN TIFF FORMAT] Available via the World Wide Web: http://www.gpo.gov/fdsys/ U.S. GOVERNMENT PUBLISHING OFFICE 95-891 PDF WASHINGTON : 2015 For sale by the Superintendent of Documents, U.S. Government Publishing...","","2014-12-09"
"212","Congressional Hearings","CHRG-113shrg95460","CHRG-113shrg95460","Dismantling Iran's Nuclear Weapons Program: Next Steps to Achieve a Comprehensive Deal","https://www.govinfo.gov/app/details/CHRG-113shrg95460/CHRG-113shrg95460","https://www.govinfo.gov/content/pkg/CHRG-113shrg95460/pdf/CHRG-113shrg95460.pdf","483.0 KB","https://www.govinfo.gov/content/pkg/CHRG-113shrg95460/html/CHRG-113shrg95460.htm","243.0 KB","","0 B","","0 B","","0 B"," UNITED STATES SENATE ONE HUNDRED THIRTEENTH CONGRESS SECOND SESSION DECEMBER 3, 2014 Printed for the use of the Committee on Foreign Relations [GRAPHIC NOT AVAILABLE IN TIFF FORMAT] Available via the World Wide Web: http://www.gpo.gov/fdsys/ U.S. GOVERNMENT PUBLISHING OFFICE 95-460 PDF WASHINGTON : 2015 For sale by the Superintendent of ...","","2014-12-03"
"213","Congressional Hearings","CHRG-113shrg92750","CHRG-113shrg92750","Evaluating the Impact of the ""Umbrella Movement""","https://www.govinfo.gov/app/details/CHRG-113shrg92750/CHRG-113shrg92750","https://www.govinfo.gov/content/pkg/CHRG-113shrg92750/pdf/CHRG-113shrg92750.pdf","185.1 KB","https://www.govinfo.gov/content/pkg/CHRG-113shrg92750/html/CHRG-113shrg92750.htm","111.9 KB","","0 B","","0 B","","0 B"," ON FOREIGN RELATIONS UNITED STATES SENATE ONE HUNDRED THIRTEENTH CONGRESS SECOND SESSION DECEMBER 3, 2014 Printed for the use of the Committee on Foreign Relations Available via the World Wide Web: http://www.gpo.gov/fdsys/ U.S. GOVERNMENT PRINTING OFFICE 92-750 WASHINGTON : 2015 For sale by the Superintendent of Documents, U.S. Government ...","","2014-12-03"
"214","Congressional Hearings","CHRG-113shrg95102","CHRG-113shrg95102","United States Strategy to Defeat the Islamic State in Iraq and the Levant","https://www.govinfo.gov/app/details/CHRG-113shrg95102/CHRG-113shrg95102","https://www.govinfo.gov/content/pkg/CHRG-113shrg95102/pdf/CHRG-113shrg95102.pdf","314.3 KB","https://www.govinfo.gov/content/pkg/CHRG-113shrg95102/html/CHRG-113shrg95102.htm","299.5 KB","","0 B","","0 B","","0 B"," SENATE ONE HUNDRED THIRTEENTH CONGRESS SECOND SESSION SEPTEMBER 17, 2014 Printed for the use of the Committee on Foreign Relations [GRAPHIC(S) NOT AVAILABLE IN TIFF FORMAT] Available via the World Wide Web: http://www.gpo.gov/fdsys/ ______ U.S. GOVERNMENT PUBLISHING OFFICE 95-102 PDF WASHINGTON : 2015 For sale by the Superintendent of ...","","2014-09-17"
"215","Congressional Hearings","CHRG-113shrg93521","CHRG-113shrg93521","Iran: Status of the P5+1 Negotiations with Iran","https://www.govinfo.gov/app/details/CHRG-113shrg93521/CHRG-113shrg93521","https://www.govinfo.gov/content/pkg/CHRG-113shrg93521/pdf/CHRG-113shrg93521.pdf","286.4 KB","https://www.govinfo.gov/content/pkg/CHRG-113shrg93521/html/CHRG-113shrg93521.htm","263.0 KB","","0 B","","0 B","","0 B"," CONGRESS SECOND SESSION JULY 29, 2014 Printed for the use of the Committee on Foreign Relations [GRAPHIC(S) NOT AVAILABLE IN TIFF FORMAT] Available via the World Wide Web: http://www.gpo.gov/fdsys/ U.S. GOVERNMENT PUBLISHING OFFICE 93-521 PDF WASHINGTON : 2015 For sale by the Superintendent of Documents, U.S. Government Publishing Office ...","","2014-07-29"
"216","Congressional Hearings","CHRG-113shrg94805","CHRG-113shrg94805","Iraq at a Crossroads: Options for U.S. Policy","https://www.govinfo.gov/app/details/CHRG-113shrg94805/CHRG-113shrg94805","https://www.govinfo.gov/content/pkg/CHRG-113shrg94805/pdf/CHRG-113shrg94805.pdf","320.0 KB","https://www.govinfo.gov/content/pkg/CHRG-113shrg94805/html/CHRG-113shrg94805.htm","302.7 KB","","0 B","","0 B","","0 B"," CONGRESS SECOND SESSION JULY 24, 2014 Printed for the use of the Committee on Foreign Relations [GRAPHIC NOT AVAILABLE IN TIFF FORMAT] Available via the World Wide Web: http://www.gpo.gov/fdsys/ U.S. GOVERNMENT PUBLISHING OFFICE 94-805 PDF WASHINGTON : 2015 For sale by the Superintendent of Documents, U.S. Government Publishing Office, http:...","","2014-07-24"
"217","Congressional Hearings","CHRG-113shrg94134","CHRG-113shrg94134","U.S. Security Implications of International Energy and Climate Policies and Issues","https://www.govinfo.gov/app/details/CHRG-113shrg94134/CHRG-113shrg94134","https://www.govinfo.gov/content/pkg/CHRG-113shrg94134/pdf/CHRG-113shrg94134.pdf","4.6 MB","https://www.govinfo.gov/content/pkg/CHRG-113shrg94134/html/CHRG-113shrg94134.htm","371.2 KB","","0 B","","0 B","","0 B"," AND FOREIGN ASSISTANCE, ECONOMIC AFFAIRS, INTERNATIONAL ENVIRONMENTAL PROTECTION, AND PEACE CORPS OF THE COMMITTEE ON FOREIGN RELATIONS UNITED STATES SENATE ONE HUNDRED THIRTEENTH CONGRESS SECOND SESSION JULY 22, 2014 Printed for the use of the Committee on Foreign Relations [GRAPHIC NOT AVAILABLE IN TIFF FORMAT] Available via the World ...","","2014-07-22"
"218","Congressional Hearings","CHRG-113shrg94466","CHRG-113shrg94466","Dangerous Passage: Central","https://www.govinfo.gov/app/details/CHRG-113shrg94466/CHRG-113shrg94466","https://www.govinfo.gov/content/pkg/CHRG-113shrg94466/pdf/CHRG-113shrg94466.pdf","1.1 MB","https://www.govinfo.gov/content/pkg/CHRG-113shrg94466/html/CHRG-113shrg94466.htm","321.4 KB","","0 B","","0 B","","0 B"," UNITED STATES SENATE ONE HUNDRED THIRTEENTH CONGRESS SECOND SESSION JULY 17, 2014 Printed for the use of the Committee on Foreign Relations Available via the World Wide Web: http://www.gpo.gov/fdsys/ ______ U.S. GOVERNMENT PUBLISHING OFFICE 94-466 PDF WASHINGTON : 2015 For sale by the Superintendent of Documents, U.S. Government Publishing Office ...","","2014-07-17"
"219","Congressional Hearings","CHRG-113shrg91143","CHRG-113shrg91143","Indispensable Partners- Reenergizing U.S.-India Ties","https://www.govinfo.gov/app/details/CHRG-113shrg91143/CHRG-113shrg91143","https://www.govinfo.gov/content/pkg/CHRG-113shrg91143/pdf/CHRG-113shrg91143.pdf","267.0 KB","https://www.govinfo.gov/content/pkg/CHRG-113shrg91143/html/CHRG-113shrg91143.htm","222.3 KB","","0 B","","0 B","","0 B"," OF THE COMMITTEE ON FOREIGN RELATIONS UNITED STATES SENATE ONE HUNDRED THIRTEENTH CONGRESS SECOND SESSION JULY 16, 2014 Printed for the use of the Committee on Foreign Relations Available via the World Wide Web: http://www.gpo.gov/fdsys/ U.S. GOVERNMENT PRINTING OFFICE 91-143 PDF WASHINGTON : 2014 For sale by the Superintendent of Documents, ...","","2014-07-16"
"220","Congressional Hearings","CHRG-113shrg93035","CHRG-113shrg93035","Russia and Developments in Ukraine","https://www.govinfo.gov/app/details/CHRG-113shrg93035/CHRG-113shrg93035","https://www.govinfo.gov/content/pkg/CHRG-113shrg93035/pdf/CHRG-113shrg93035.pdf","233.7 KB","https://www.govinfo.gov/content/pkg/CHRG-113shrg93035/html/CHRG-113shrg93035.htm","175.7 KB","","0 B","","0 B","","0 B"," SECOND SESSION JULY 9, 2014 Printed for the use of the Committee on Foreign Relations [GRAPHIC(S) NOT AVAILABLE IN TIFF FORMAT] Available via the World Wide Web: http://www.gpo.gov/fdsys/ U.S. GOVERNMENT PUBLISHING OFFICE 93-035 PDF WASHINGTON : 2015 For sale by the Superintendent of Documents, U.S. Government Publishing Office, Internet:...","","2014-07-09"
"221","Congressional Hearings","CHRG-113shrg91141","CHRG-113shrg91141","Combating Forced Labor and Modern-Day Slavery in East Asia and the Pacific","https://www.govinfo.gov/app/details/CHRG-113shrg91141/CHRG-113shrg91141","https://www.govinfo.gov/content/pkg/CHRG-113shrg91141/pdf/CHRG-113shrg91141.pdf","241.1 KB","https://www.govinfo.gov/content/pkg/CHRG-113shrg91141/html/CHRG-113shrg91141.htm","192.6 KB","","0 B","","0 B","","0 B","AFFAIRS OF THE COMMITTEE ON FOREIGN RELATIONS UNITED STATES SENATE ONE HUNDRED THIRTEENTH CONGRESS SECOND SESSION JULY 8, 2014 Printed for the use of the Committee on Foreign Relations Available via the World Wide Web: http://www.gpo.gov/fdsys/ U.S. GOVERNMENT PRINTING OFFICE 91-141 PDF WASHINGTON : 2014 For sale by the Superintendent of Documents,...","","2014-07-08"
"222","Congressional Hearings","CHRG-113shrg91142","CHRG-113shrg91142","Renewed Focus on European Energy Security","https://www.govinfo.gov/app/details/CHRG-113shrg91142/CHRG-113shrg91142","https://www.govinfo.gov/content/pkg/CHRG-113shrg91142/pdf/CHRG-113shrg91142.pdf","319.8 KB","https://www.govinfo.gov/content/pkg/CHRG-113shrg91142/html/CHRG-113shrg91142.htm","242.4 KB","","0 B","","0 B","","0 B"," STATES SENATE ONE HUNDRED THIRTEENTH CONGRESS SECOND SESSION JULY 8, 2014 Printed for the use of the Committee on Foreign Relations [GRAPHIC(S) NOT AVAILABLE IN TIFF FORMAT] Available via the World Wide Web: http://www.gpo.gov/fdsys/ U.S. GOVERNMENT PRINTING OFFICE 91-142 PDF WASHINGTON : 2014 For sale by the Superintendent of Documents, U.S....","","2014-07-08"
"223","Congressional Hearings","CHRG-113shrg91140","CHRG-113shrg91140","The Future of U.S.-China Relations","https://www.govinfo.gov/app/details/CHRG-113shrg91140/CHRG-113shrg91140","https://www.govinfo.gov/content/pkg/CHRG-113shrg91140/pdf/CHRG-113shrg91140.pdf","202.7 KB","https://www.govinfo.gov/content/pkg/CHRG-113shrg91140/html/CHRG-113shrg91140.htm","131.0 KB","","0 B","","0 B","","0 B"," SECOND SESSION JUNE 25, 2014 Printed for the use of the Committee on Foreign Relations Available via the World Wide Web: http://www.gpo.gov/fdsys/ ______ U.S. GOVERNMENT PRINTING OFFICE 91-140 PDF WASHINGTON : 2014 For sale by the Superintendent of Documents, U.S. Government Printing Office Internet: bookstore.gpo.gov Phone: toll free (866) ...","","2014-06-25"
"224","Congressional Hearings","CHRG-113shrg93138","CHRG-113shrg93138","Combating Violence and Discrimination Against Women: A Global Call to Action","https://www.govinfo.gov/app/details/CHRG-113shrg93138/CHRG-113shrg93138","https://www.govinfo.gov/content/pkg/CHRG-113shrg93138/pdf/CHRG-113shrg93138.pdf","312.9 KB","https://www.govinfo.gov/content/pkg/CHRG-113shrg93138/html/CHRG-113shrg93138.htm","314.2 KB","","0 B","","0 B","","0 B"," AND ORGANIZATIONS, HUMAN RIGHTS, DEMOCRACY, AND GLOBAL WOMEN'S ISSUES OF THE COMMITTEE ON FOREIGN RELATIONS UNITED STATES SENATE ONE HUNDRED THIRTEENTH CONGRESS SECOND SESSION JUNE 24, 2014 Printed for the use of the Committee on Foreign Relations [GRAPHIC(S) NOT AVAILABLE IN TIFF FORMAT] Available via the World Wide Web: http://www.gpo.gov/...","","2014-06-24"
"225","Congressional Hearings","CHRG-113shrg94350","CHRG-113shrg94350","U.S. POLICY IN AFGHANISTAN AND THE REGIONAL IMPLICATIONS OF THE JUNE 2014 TRANSITION","https://www.govinfo.gov/app/details/CHRG-113shrg94350/CHRG-113shrg94350","https://www.govinfo.gov/content/pkg/CHRG-113shrg94350/pdf/CHRG-113shrg94350.pdf","211.9 KB","https://www.govinfo.gov/content/pkg/CHRG-113shrg94350/html/CHRG-113shrg94350.htm","151.0 KB","","0 B","","0 B","","0 B"," UNITED STATES SENATE ONE HUNDRED THIRTEENTH CONGRESS SECOND SESSION JUNE 18, 2014 Printed for the use of the Committee on Foreign Relations [GRAPHIC NOT AVAILABLE IN TIFF FORMAT] Available via the World Wide Web: http://www.gpo.gov/fdsys/ U.S. GOVERNMENT PUBLISHING OFFICE 94-350 PDF WASHINGTON : 2015 For sale by the Superintendent of Documents,...","","2014-06-18"
"226","Congressional Hearings","CHRG-113shrg94340","CHRG-113shrg94340","Regional Implications of a Nuclear Deal with Iran","https://www.govinfo.gov/app/details/CHRG-113shrg94340/CHRG-113shrg94340","https://www.govinfo.gov/content/pkg/CHRG-113shrg94340/pdf/CHRG-113shrg94340.pdf","224.5 KB","https://www.govinfo.gov/content/pkg/CHRG-113shrg94340/html/CHRG-113shrg94340.htm","165.8 KB","","0 B","","0 B","","0 B","THIRTEENTH CONGRESS SECOND SESSION JUNE 12, 2014 Printed for the use of the Committee on Foreign Relations Available via the World Wide Web: http://www.gpo.gov/fdsys/ U.S. GOVERNMENT PUBLISHING OFFICE 94-340 PDF WASHINGTON : 2015 For sale by the Superintendent of Documents, U.S. Government Publishing Office Internet: bookstore.gpo.gov Phone: toll ...","","2014-06-12"
"227","Congressional Hearings","CHRG-113shrg92458","CHRG-113shrg92458","Developments in Ukraine","https://www.govinfo.gov/app/details/CHRG-113shrg92458/CHRG-113shrg92458","https://www.govinfo.gov/content/pkg/CHRG-113shrg92458/pdf/CHRG-113shrg92458.pdf","268.4 KB","https://www.govinfo.gov/content/pkg/CHRG-113shrg92458/html/CHRG-113shrg92458.htm","233.1 KB","","0 B","","0 B","","0 B"," SESSION JUNE 5, 2014 Printed for the use of the Committee on Foreign Relations Available via the World Wide Web: http://www.gpo.gov/fdsys/ U.S. GOVERNMENT PRINTING OFFICE 92-458 WASHINGTON : 2015 For sale by the Superintendent of Documents, U.S. Government Printing Office Internet: bookstore.gpo.gov Phone: toll free (866) 512-1800; DC area (202) ...","","2014-06-05"
"228","Congressional Hearings","CHRG-113shrg91934","CHRG-113shrg91934","The Escalating International Wildlife Trafficking Crisis: Ecological,economic and National Security Issues","https://www.govinfo.gov/app/details/CHRG-113shrg91934/CHRG-113shrg91934","https://www.govinfo.gov/content/pkg/CHRG-113shrg91934/pdf/CHRG-113shrg91934.pdf","307.7 KB","https://www.govinfo.gov/content/pkg/CHRG-113shrg91934/html/CHRG-113shrg91934.htm","300.5 KB","","0 B","","0 B","","0 B"," ON AFRICAN AFFAIRS AND THE SUBCOMMITTEE ON EAST ASIAN AND PACIFIC AFFAIRS OF THE COMMITTEE ON FOREIGN RELATIONS UNITED STATES SENATE ONE HUNDRED THIRTEENTH CONGRESS SECOND SESSION MAY 21, 2014 Printed for the use of the Committee on Foreign Relations [GRAPHIC NOT AVAILABLE IN TIFF FORMAT] Available via the World Wide Web: http://...","","2014-05-21"
"229","Congressional Hearings","CHRG-113shrg91139","CHRG-113shrg91139","Authorization for Use of Military Force After Iraq and Afghanistan","https://www.govinfo.gov/app/details/CHRG-113shrg91139/CHRG-113shrg91139","https://www.govinfo.gov/content/pkg/CHRG-113shrg91139/pdf/CHRG-113shrg91139.pdf","339.2 KB","https://www.govinfo.gov/content/pkg/CHRG-113shrg91139/html/CHRG-113shrg91139.htm","329.7 KB","","0 B","","0 B","","0 B"," ONE HUNDRED THIRTEENTH CONGRESS SECOND SESSION MAY 21, 2014 Printed for the use of the Committee on Foreign Relations [GRAPHIC(S) NOT AVAILABLE IN TIFF FORMAT] Available via the World Wide Web: http://www.gpo.gov/fdsys/ U.S. GOVERNMENT PRINTING OFFICE 91-139 PDF WASHINGTON : 2014 For sale by the Superintendent of Documents, U.S. Government ...","","2014-05-21"
"230","Congressional Hearings","CHRG-113shrg94293","CHRG-113shrg94293","#bringbackourgirls: Addressing the Threat of Boko Haram","https://www.govinfo.gov/app/details/CHRG-113shrg94293/CHRG-113shrg94293","https://www.govinfo.gov/content/pkg/CHRG-113shrg94293/pdf/CHRG-113shrg94293.pdf","266.7 KB","https://www.govinfo.gov/content/pkg/CHRG-113shrg94293/html/CHRG-113shrg94293.htm","227.5 KB","","0 B","","0 B","","0 B"," RELATIONS UNITED STATES SENATE ONE HUNDRED THIRTEENTH CONGRESS SECOND SESSION MAY 15, 2014 Printed for the use of the Committee on Foreign Relations [GRAPHIC NOT AVAILABLE IN TIFF FORMAT] Available via the World Wide Web: http://www.gpo.gov/fdsys/ U.S. GOVERNMENT PUBLISHING OFFICE 94-293 PDF WASHINGTON : 2015 For sale by the Superintendent of ...","","2014-05-15"
"231","Congressional Hearings","CHRG-113shrg94361","CHRG-113shrg94361","Assessing Venezuela's Political Crisis: Human Rights Violations and Beyond","https://www.govinfo.gov/app/details/CHRG-113shrg94361/CHRG-113shrg94361","https://www.govinfo.gov/content/pkg/CHRG-113shrg94361/pdf/CHRG-113shrg94361.pdf","520.9 KB","https://www.govinfo.gov/content/pkg/CHRG-113shrg94361/html/CHRG-113shrg94361.htm","247.2 KB","","0 B","","0 B","","0 B"," SENATE ONE HUNDRED THIRTEENTH CONGRESS SECOND SESSION MAY 8, 2014 Printed for the use of the Committee on Foreign Relations [GRAPHIC NOT AVAILABLE IN TIFF FORMAT Available via the World Wide Web: http://www.gpo.gov/fdsys/ U.S. GOVERNMENT PUBLISHING OFFICE 94-361 PDF WASHINGTON : 2017 For sale by the Superintendent of Documents, U.S. ...","","2014-05-08"
"232","Congressional Hearings","CHRG-113shrg93841","CHRG-113shrg93841","Ukraine--Countering Russian Intervention and Supporting a Democratic State","https://www.govinfo.gov/app/details/CHRG-113shrg93841/CHRG-113shrg93841","https://www.govinfo.gov/content/pkg/CHRG-113shrg93841/pdf/CHRG-113shrg93841.pdf","312.8 KB","https://www.govinfo.gov/content/pkg/CHRG-113shrg93841/html/CHRG-113shrg93841.htm","294.7 KB","","0 B","","0 B","","0 B"," SENATE ONE HUNDRED THIRTEENTH CONGRESS SECOND SESSION MAY 6, 2014 Printed for the use of the Committee on Foreign Relations [GRAPHIC(S) NOT AVAILABLE IN TIFF FORMAT] Available via the World Wide Web: http://www.gpo.gov/fdsys/ U.S. GOVERNMENT PUBLISHING OFFICE 93-841 PDF WASHINGTON : 2015 For sale by the Superintendent of Documents, U.S. ...","","2014-05-06"
"233","Congressional Hearings","CHRG-113shrg91298","CHRG-113shrg91298","A TRANSFORMATION: AFGHANISTAN BEYOND 2014","https://www.govinfo.gov/app/details/CHRG-113shrg91298/CHRG-113shrg91298","https://www.govinfo.gov/content/pkg/CHRG-113shrg91298/pdf/CHRG-113shrg91298.pdf","251.0 KB","https://www.govinfo.gov/content/pkg/CHRG-113shrg91298/html/CHRG-113shrg91298.htm","212.9 KB","","0 B","","0 B","","0 B","COMMITTEE ON FOREIGN RELATIONS UNITED STATES SENATE ONE HUNDRED THIRTEENTH CONGRESS SECOND SESSION APRIL 30, 2014 Printed for the use of the Committee on Foreign Relations [GRAPHIC NOT AVAILABLE IN TIFF FORMAT] Available via the World Wide Web: http://www.gpo.gov/fdsys/ U.S.GOVERNMENT PRINTING OFFICE 91-298 PDF WASHINGTON: 2015 For sale by the ...","","2014-04-30"
"234","Congressional Hearings","CHRG-113shrg92457","CHRG-113shrg92457","International Development Priorities in the Fiscal Year 2015 Budget","https://www.govinfo.gov/app/details/CHRG-113shrg92457/CHRG-113shrg92457","https://www.govinfo.gov/content/pkg/CHRG-113shrg92457/pdf/CHRG-113shrg92457.pdf","248.4 KB","https://www.govinfo.gov/content/pkg/CHRG-113shrg92457/html/CHRG-113shrg92457.htm","200.6 KB","","0 B","","0 B","","0 B"," HUNDRED THIRTEENTH CONGRESS SECOND SESSION APRIL 10, 2014 Printed for the use of the Committee on Foreign Relations [GRAPHIC(S) NOT AVAILABLE IN TIFF FORMAT] Available via the World Wide Web: http://www.gpo.gov/fdsys/ U.S. GOVERNMENT PRINTING OFFICE 92-457 PDF WASHINGTON : 2015 For sale by the Superintendent of Documents, U.S. Government Printing ...","","2014-04-10"
"235","Congressional Hearings","CHRG-113shrg91297","CHRG-113shrg91297","Transatlantic Security Challenges: Central and Eastern Europe","https://www.govinfo.gov/app/details/CHRG-113shrg91297/CHRG-113shrg91297","https://www.govinfo.gov/content/pkg/CHRG-113shrg91297/pdf/CHRG-113shrg91297.pdf","220.7 KB","https://www.govinfo.gov/content/pkg/CHRG-113shrg91297/html/CHRG-113shrg91297.htm","156.5 KB","","0 B","","0 B","","0 B"," FOREIGN RELATIONS UNITED STATES SENATE ONE HUNDRED THIRTEENTH CONGRESS SECOND SESSION APRIL 10, 2014 Printed for the use of the Committee on Foreign Relations Available via the World Wide Web: http://www.gpo.gov/fdsys/ U.S. GOVERNMENT PRINTING OFFICE 91-297 PDF WASHINGTON : 2014 For sale by the Superintendent of Documents, U.S. Government Printing...","","2014-04-10"
"236","Congressional Hearings","CHRG-113shrg93615","CHRG-113shrg93615","National Security and Foreign Policy Priorities in the Fiscal Year 2015 International Affairs Budget","https://www.govinfo.gov/app/details/CHRG-113shrg93615/CHRG-113shrg93615","https://www.govinfo.gov/content/pkg/CHRG-113shrg93615/pdf/CHRG-113shrg93615.pdf","514.8 KB","https://www.govinfo.gov/content/pkg/CHRG-113shrg93615/html/CHRG-113shrg93615.htm","645.1 KB","","0 B","","0 B","","0 B","FOREIGN RELATIONS UNITED STATES SENATE ONE HUNDRED THIRTEENTH CONGRESS SECOND SESSION APRIL 8, 2014 Printed for the use of the Committee on Foreign Relations Available via the World Wide Web: http://www.gpo.gov/fdsys/ ______ U.S. GOVERNMENT PUBLISHING OFFICE 93-615 PDF WASHINGTON : 2015 For sale by the Superintendent of Documents, U.S. Government ...","","2014-04-08"
"237","Congressional Hearings","CHRG-113shrg91138","CHRG-113shrg91138","Evaluating U.S. Policy on Taiwan on the 35th Anniversary of the Taiwan Relations Act (Tra)","https://www.govinfo.gov/app/details/CHRG-113shrg91138/CHRG-113shrg91138","https://www.govinfo.gov/content/pkg/CHRG-113shrg91138/pdf/CHRG-113shrg91138.pdf","207.2 KB","https://www.govinfo.gov/content/pkg/CHRG-113shrg91138/html/CHRG-113shrg91138.htm","142.0 KB","","0 B","","0 B","","0 B"," AND PACIFIC AFFAIRS OF THE COMMITTEE ON FOREIGN RELATIONS UNITED STATES SENATE ONE HUNDRED THIRTEENTH CONGRESS SECOND SESSION APRIL 3, 2014 Printed for the use of the Committee on Foreign Relations [GRAPHIC(S) NOT AVAILABLE IN TIFF FORMAT] Available via the World Wide Web: http://www.gpo.gov/fdsys/ U.S. GOVERNMENT PRINTING OFFICE 91-138 PDF ...","","2014-04-03"
"238","Congressional Hearings","CHRG-113shrg94125","CHRG-113shrg94125","Powering Africa's Future: Examining the Power Africa Initiative","https://www.govinfo.gov/app/details/CHRG-113shrg94125/CHRG-113shrg94125","https://www.govinfo.gov/content/pkg/CHRG-113shrg94125/pdf/CHRG-113shrg94125.pdf","2.7 MB","https://www.govinfo.gov/content/pkg/CHRG-113shrg94125/html/CHRG-113shrg94125.htm","335.2 KB","","0 B","","0 B","","0 B"," FOREIGN RELATIONS UNITED STATES SENATE ONE HUNDRED THIRTEENTH CONGRESS SECOND SESSION MARCH 27, 2014 Printed for the use of the Committee on Foreign Relations [GRAPHIC(S) NOT AVAILABLE IN TIFF FORMAT] Available via the World Wide Web: http://www.gpo.gov/fdsys/ U.S. GOVERNMENT PUBLISHING OFFICE 94-125 PDF WASHINGTON : 2015 For sale by the ...","","2014-03-27"
"239","Congressional Hearings","CHRG-113shrg94280","CHRG-113shrg94280","Syria After Geneva: Next Steps for U.S. Policy","https://www.govinfo.gov/app/details/CHRG-113shrg94280/CHRG-113shrg94280","https://www.govinfo.gov/content/pkg/CHRG-113shrg94280/pdf/CHRG-113shrg94280.pdf","1.7 MB","https://www.govinfo.gov/content/pkg/CHRG-113shrg94280/html/CHRG-113shrg94280.htm","329.4 KB","","0 B","","0 B","","0 B"," CONGRESS SECOND SESSION MARCH 26, 2014 Printed for the use of the Committee on Foreign Relations Available via the World Wide Web: http://www.gpo.gov/fdsys/ ______ U.S. GOVERNMENT PUBLISHING OFFICE 94-280 PDF WASHINGTON : 2015 For sale by the Superintendent of Documents, U.S. Government Publishing Office Internet: bookstore.gpo.gov Phone: ...","","2014-03-26"
"240","Congressional Hearings","CHRG-113shrg93175","CHRG-113shrg93175","Keystone XL and the National Interest Determination","https://www.govinfo.gov/app/details/CHRG-113shrg93175/CHRG-113shrg93175","https://www.govinfo.gov/content/pkg/CHRG-113shrg93175/pdf/CHRG-113shrg93175.pdf","1.0 MB","https://www.govinfo.gov/content/pkg/CHRG-113shrg93175/html/CHRG-113shrg93175.htm","280.4 KB","","0 B","","0 B","","0 B"," THIRTEENTH CONGRESS SECOND SESSION MARCH 13, 2014 Printed for the use of the Committee on Foreign Relations Available via the World Wide Web: http://www.gpo.gov/fdsys/ U.S. GOVERNMENT PUBLISING OFFICE 93-175 WASHINGTON : 2015 For sale by the Superintendent of Documents, U.S. Government Publishing Office Internet: bookstore.gpo.gov Phone: toll ...","","2014-03-13"
"241","Congressional Hearings","CHRG-113shrg93842","CHRG-113shrg93842","Syria Spillover: The Growing Threat of Terrorism and Sectarianism in the Middle East and Ukraine Update","https://www.govinfo.gov/app/details/CHRG-113shrg93842/CHRG-113shrg93842","https://www.govinfo.gov/content/pkg/CHRG-113shrg93842/pdf/CHRG-113shrg93842.pdf","303.4 KB","https://www.govinfo.gov/content/pkg/CHRG-113shrg93842/html/CHRG-113shrg93842.htm","281.5 KB","","0 B","","0 B","","0 B","ON FOREIGN RELATIONS UNITED STATES SENATE ONE HUNDRED THIRTEENTH CONGRESS SECOND SESSION MARCH 6, 2014 Printed for the use of the Committee on Foreign Relations [GRAPHIC(S) NOT AVAILABLE IN TIFF FORMAT] Available via the World Wide Web: http://www.gpo.gov/fdsys/ U.S. GOVERNMENT PUBLISHING OFFICE 93-842 PDF WASHINGTON : 2015 For sale by the ...","","2014-03-06"
"242","Congressional Hearings","CHRG-113shrg91296","CHRG-113shrg91296","Strengthening U.S. Alliances in Northeast Asia","https://www.govinfo.gov/app/details/CHRG-113shrg91296/CHRG-113shrg91296","https://www.govinfo.gov/content/pkg/CHRG-113shrg91296/pdf/CHRG-113shrg91296.pdf","5.6 MB","https://www.govinfo.gov/content/pkg/CHRG-113shrg91296/html/CHRG-113shrg91296.htm","156.3 KB","","0 B","","0 B","","0 B","FOREIGN RELATIONS UNITED STATES SENATE ONE HUNDRED THIRTEENTH CONGRESS SECOND SESSION MARCH 4, 2014 Printed for the use of the Committee on Foreign Relations Available via the World Wide Web: http://www.gpo.gov/fdsys/ ______ U.S. GOVERNMENT PRINTING OFFICE 91-296 PDF WASHINGTON : 2015 For sale by the Superintendent of Documents, U.S. Government ...","","2014-03-04"
"243","Congressional Hearings","CHRG-113shrg93424","CHRG-113shrg93424","INTERNATIONAL PARENTAL CHILD ABDUCTION","https://www.govinfo.gov/app/details/CHRG-113shrg93424/CHRG-113shrg93424","https://www.govinfo.gov/content/pkg/CHRG-113shrg93424/pdf/CHRG-113shrg93424.pdf","448.6 KB","https://www.govinfo.gov/content/pkg/CHRG-113shrg93424/html/CHRG-113shrg93424.htm","2.2 KB","","0 B","","0 B","","0 B"," Phone: toll free (866) 512–1800; DC area (202) 512–1800 Fax: (202) 512–2104 Mail: Stop IDCC, Washington, DC 20402–0001 93–424 PDF 2015 S. HRG. 113–574 INTERNATIONAL PARENTAL CHILD ABDUCTION HEARING BEFORE THE COMMITTEE ON FOREIGN RELATIONS UNITED STATES SENATE ONE HUNDRED THIRTEENTH CONGRESS SECOND SESSION FEBRUARY 27, 2014 Printed for the use...","","2014-02-27"
"244","Congressional Hearings","CHRG-113shrg92601","CHRG-113shrg92601","Prospects for Peace in the Democratic Republic of Congo and Great Lakes Region","https://www.govinfo.gov/app/details/CHRG-113shrg92601/CHRG-113shrg92601","https://www.govinfo.gov/content/pkg/CHRG-113shrg92601/pdf/CHRG-113shrg92601.pdf","737.3 KB","https://www.govinfo.gov/content/pkg/CHRG-113shrg92601/html/CHRG-113shrg92601.htm","499.1 KB","","0 B","","0 B","","0 B"," STATES SENATE ONE HUNDRED THIRTEENTH CONGRESS SECOND SESSION FEBRUARY 26, 2014 Printed for the use of the Committee on Foreign Relations [GRAPHIC(S) NOT AVAILABLE IN TIFF FORMAT] Available via the World Wide Web: http://www.gpo.gov/fdsys/ U.S. GOVERNMENT PUBLISHING OFFICE 92-601 PDF WASHINGTON : 2015 For sale by the Superintendent of Documents, ...","","2014-02-26"
"245","Congressional Hearings","CHRG-113shrg91137","CHRG-113shrg91137","Lebanon at the Crossroads","https://www.govinfo.gov/app/details/CHRG-113shrg91137/CHRG-113shrg91137","https://www.govinfo.gov/content/pkg/CHRG-113shrg91137/pdf/CHRG-113shrg91137.pdf","219.5 KB","https://www.govinfo.gov/content/pkg/CHRG-113shrg91137/html/CHRG-113shrg91137.htm","160.0 KB","","0 B","","0 B","","0 B"," RELATIONS UNITED STATES SENATE ONE HUNDRED THIRTEENTH CONGRESS SECOND SESSION FEBRUARY 25, 2014 Printed for the use of the Committee on Foreign Relations [GRAPHIC(S) NOT AVAILABLE IN TIFF FORMAT] Available via the World Wide Web: http://www.gpo.gov/fdsys/ U.S. GOVERNMENT PRINTING OFFICE 91-137 PDF WASHINGTON : 2014 For sale by the ...","","2014-02-25"
"246","Congressional Hearings","CHRG-113shrg91389","CHRG-113shrg91389","Fisheries Treaties and Port State Measures Agreements","https://www.govinfo.gov/app/details/CHRG-113shrg91389/CHRG-113shrg91389","https://www.govinfo.gov/content/pkg/CHRG-113shrg91389/pdf/CHRG-113shrg91389.pdf","1.6 MB","https://www.govinfo.gov/content/pkg/CHRG-113shrg91389/html/CHRG-113shrg91389.htm","206.5 KB","","0 B","","0 B","","0 B"," THIRTEENTH CONGRESS SECOND SESSION FEBRUARY 12, 2014 Printed for the use of the Committee on Foreign Relations [GRAPHIC(S) NOT AVAILABLE IN TIFF FORMAT] Available via the World Wide Web: http://www.gpo.gov/fdsys/ U.S. GOVERNMENT PRINTING OFFICE 91-389 PDF WASHINGTON : 2014 For sale by the Superintendent of Documents, U.S. Government Printing ...","","2014-02-12"
"247","Congressional Hearings","CHRG-113shrg93686","CHRG-113shrg93686","Prospects for Democratic Reconciliation and Workers' Rights in Bangladesh","https://www.govinfo.gov/app/details/CHRG-113shrg93686/CHRG-113shrg93686","https://www.govinfo.gov/content/pkg/CHRG-113shrg93686/pdf/CHRG-113shrg93686.pdf","3.6 MB","https://www.govinfo.gov/content/pkg/CHRG-113shrg93686/html/CHRG-113shrg93686.htm","336.8 KB","","0 B","","0 B","","0 B"," SENATE ONE HUNDRED THIRTEENTH CONGRESS SECOND SESSION FEBURARY 11, 2014 Printed for the use of the Committee on Foreign Relations [GRAPHIC(S) NOT AVAILABLE IN TIFF FORMAT] Available via the World Wide Web: http://www.gpo.gov/fdsys/ U.S. GOVERNMENT PUBLISHING OFFICE 93-686 PDF WASHINGTON : 2015 For sale by the Superintendent of Documents, U.S. ...","","2014-02-11"
"248","Congressional Hearings","CHRG-113shrg92937","CHRG-113shrg92937","Negotiations on Iran's Nuclear Program","https://www.govinfo.gov/app/details/CHRG-113shrg92937/CHRG-113shrg92937","https://www.govinfo.gov/content/pkg/CHRG-113shrg92937/pdf/CHRG-113shrg92937.pdf","653.0 KB","https://www.govinfo.gov/content/pkg/CHRG-113shrg92937/html/CHRG-113shrg92937.htm","328.8 KB","","0 B","","0 B","","0 B","CONGRESS SECOND SESSION FEBRUARY 4, 2014 Printed for the use of the Committee on Foreign Relations [GRAPHIC NOT AVAILABLE IN TIFF FORMAT] Available via the World Wide Web: http://www.gpo.gov/fdsys/ U.S. GOVERNMENT PRINTING OFFICE 92-937 PDF WASHINGTON : 2015 For sale by the Superintendent of Documents, U.S. Government Publishing Office, http://...","","2014-02-04"
"249","Congressional Hearings","CHRG-113shrg93467","CHRG-113shrg93467","Section 123: Civilian Nuclear Cooperation Agreements","https://www.govinfo.gov/app/details/CHRG-113shrg93467/CHRG-113shrg93467","https://www.govinfo.gov/content/pkg/CHRG-113shrg93467/pdf/CHRG-113shrg93467.pdf","2.0 MB","https://www.govinfo.gov/content/pkg/CHRG-113shrg93467/html/CHRG-113shrg93467.htm","304.0 KB","","0 B","","0 B","","0 B"," THIRTEENTH CONGRESS SECOND SESSION JANUARY 30, 2014 Printed for the use of the Committee on Foreign Relations Available via the World Wide Web: http://www.gpo.gov/fdsys/ U.S. GOVERNMENT PUBLISHING OFFICE 93-467 WASHINGTON : 2015 For sale by the Superintendent of Documents, U.S. Government Publishing Office Internet: bookstore.gpo.gov Phone: toll...","","2014-01-30"
"250","Congressional Hearings","CHRG-113shrg96040","CHRG-113shrg96040","S. Hrg. 113-720 Nominations of the 113th Congress_second Session","https://www.govinfo.gov/app/details/CHRG-113shrg96040/CHRG-113shrg96040","https://www.govinfo.gov/content/pkg/CHRG-113shrg96040/pdf/CHRG-113shrg96040.pdf","3.2 MB","https://www.govinfo.gov/content/pkg/CHRG-113shrg96040/html/CHRG-113shrg96040.htm","3.2 MB","","0 B","","0 B","","0 B","THIRTEENTH CONGRESS SECOND SESSION JANUARY 16 THROUGH DECEMBER 2, 2014 Printed for the use of the Committee on Foreign Relations [GRAPHIC NOT AVAILABLE IN TIFF FORMAT] Available via the World Wide Web: http://www.gpo.gov/fdsys/ COMMITTEE ON FOREIGN RELATIONS 113th CONGRESS--SECOND SESSION ROBERT MENENDEZ, New Jersey, Chairman BARBARA BOXER, ...","","2014-01-16"
"251","Congressional Hearings","CHRG-113shrg91859","CHRG-113shrg91859","Implications of the Crisis in Ukraine","https://www.govinfo.gov/app/details/CHRG-113shrg91859/CHRG-113shrg91859","https://www.govinfo.gov/content/pkg/CHRG-113shrg91859/pdf/CHRG-113shrg91859.pdf","217.6 KB","https://www.govinfo.gov/content/pkg/CHRG-113shrg91859/html/CHRG-113shrg91859.htm","155.1 KB","","0 B","","0 B","","0 B"," SECOND SESSION JANUARY 15, 2014 Printed for the use of the Committee on Foreign Relations [GRAPHIC(S) NOT AVAILABLE IN TIFF FORMAT] Available via the World Wide Web: http://www.gpo.gov/fdsys/ U.S. GOVERNMENT PRINTING OFFICE 91-859 PDF WASHINGTON : 2014 For sale by the Superintendent of Documents, U.S. Government Printing Office Internet: ...","","2014-01-15"
"252","Congressional Hearings","CHRG-113shrg93484","CHRG-113shrg93484","The Situation in South Sudan","https://www.govinfo.gov/app/details/CHRG-113shrg93484/CHRG-113shrg93484","https://www.govinfo.gov/content/pkg/CHRG-113shrg93484/pdf/CHRG-113shrg93484.pdf","266.7 KB","https://www.govinfo.gov/content/pkg/CHRG-113shrg93484/html/CHRG-113shrg93484.htm","229.3 KB","","0 B","","0 B","","0 B"," SESSION JANUARY 9, 2014 Printed for the use of the Committee on Foreign Relations [GRAPHIC(S) NOT AVAILABLE IN TIFF FORMAT] Available via the World Wide Web: http://www.gpo.gov/fdsys/ U.S. GOVERNMENT PUBLISHING OFFICE 93-484 PDF WASHINGTON : 2015 For sale by the Superintendent of Documents, U.S. Government Publishing Office Internet: ...","","2014-01-09"
"253","Congressional Hearings","CHRG-113shrg86779","CHRG-113shrg86779","Rebalance to Asia IV: Economic Engagement in the Asia-Pacific Region","https://www.govinfo.gov/app/details/CHRG-113shrg86779/CHRG-113shrg86779","https://www.govinfo.gov/content/pkg/CHRG-113shrg86779/pdf/CHRG-113shrg86779.pdf","475.9 KB","https://www.govinfo.gov/content/pkg/CHRG-113shrg86779/html/CHRG-113shrg86779.htm","234.5 KB","","0 B","","0 B","","0 B"," OF THE COMMITTEE ON FOREIGN RELATIONS UNITED STATES SENATE ONE HUNDRED THIRTEENTH CONGRESS FIRST SESSION DECEMBER 18, 2013 Printed for the use of the Committee on Foreign Relations Available via the World Wide Web: http://www.gpo.gov/fdsys/ U.S. GOVERNMENT PRINTING OFFICE 86-779 PDF WASHINGTON : 2014 For sale by the Superintendent of Documents, ...","","2013-12-18"
"254","Congressional Hearings","CHRG-113shrg86778","CHRG-113shrg86778","Responding to the Humanitarian, Security and Governance Crisis in the Central African Republic","https://www.govinfo.gov/app/details/CHRG-113shrg86778/CHRG-113shrg86778","https://www.govinfo.gov/content/pkg/CHRG-113shrg86778/pdf/CHRG-113shrg86778.pdf","1.7 MB","https://www.govinfo.gov/content/pkg/CHRG-113shrg86778/html/CHRG-113shrg86778.htm","222.4 KB","","0 B","","0 B","","0 B"," AFFAIRS OF THE COMMITTEE ON FOREIGN RELATIONS UNITED STATES SENATE ONE HUNDRED THIRTEENTH CONGRESS FIRST SESSION DECEMBER 17, 2013 Printed for the use of the Committee on Foreign Relations Available via the World Wide Web: http://www.gpo.gov/fdsys/ U.S. GOVERNMENT PRINTING OFFICE 86-778 PDF WASHINGTON : 2014 For sale by the Superintendent of ...","","2013-12-17"
"255","Congressional Hearings","CHRG-113shrg90799","CHRG-113shrg90799","The Transition in Afghanistan","https://www.govinfo.gov/app/details/CHRG-113shrg90799/CHRG-113shrg90799","https://www.govinfo.gov/content/pkg/CHRG-113shrg90799/pdf/CHRG-113shrg90799.pdf","1.7 MB","https://www.govinfo.gov/content/pkg/CHRG-113shrg90799/html/CHRG-113shrg90799.htm","216.0 KB","","0 B","","0 B","","0 B","FIRST SESSION DECEMBER 10, 2013 Printed for the use of the Committee on Foreign Relations [GRAPHIC(S) NOT AVAILABLE IN TIFF FORMAT] Available via the World Wide Web: http://www.gpo.gov/fdsys/ U.S. GOVERNMENT PRINTING OFFICE 90-799 PDF WASHINGTON : 2014 For sale by the Superintendent of Documents, U.S. Government Printing Office Internet: ...","","2013-12-10"
"256","Congressional Hearings","CHRG-113shrg86355","CHRG-113shrg86355","Political, Economic, and Security Situation in North Africa","https://www.govinfo.gov/app/details/CHRG-113shrg86355/CHRG-113shrg86355","https://www.govinfo.gov/content/pkg/CHRG-113shrg86355/pdf/CHRG-113shrg86355.pdf","275.0 KB","https://www.govinfo.gov/content/pkg/CHRG-113shrg86355/html/CHRG-113shrg86355.htm","247.6 KB","","0 B","","0 B","","0 B"," AFFAIRS OF THE COMMITTEE ON FOREIGN RELATIONS UNITED STATES SENATE ONE HUNDRED THIRTEENTH CONGRESS FIRST SESSION NOVEMBER 21, 2013 Printed for the use of the Committee on Foreign Relations Available via the World Wide Web: http://www.gpo.gov/fdsys/ U.S. GOVERNMENT PRINTING OFFICE 86-355 PDF WASHINGTON : 2014 For sale by the Superintendent of ...","","2013-11-21"
"257","Congressional Hearings","CHRG-113shrg86354","CHRG-113shrg86354","Assessing the Response to Typhoon Yolanda/Haiyan","https://www.govinfo.gov/app/details/CHRG-113shrg86354/CHRG-113shrg86354","https://www.govinfo.gov/content/pkg/CHRG-113shrg86354/pdf/CHRG-113shrg86354.pdf","383.9 KB","https://www.govinfo.gov/content/pkg/CHRG-113shrg86354/html/CHRG-113shrg86354.htm","101.8 KB","","0 B","","0 B","","0 B"," FOREIGN RELATIONS UNITED STATES SENATE ONE HUNDRED THIRTEENTH CONGRESS FIRST SESSION NOVEMBER 19, 2013 Printed for the use of the Committee on Foreign Relations Available via the World Wide Web: http://www.gpo.gov/fdsys/ ? U.S. GOVERNMENT PRINTING OFFICE 86-354 WASHINGTON : 2014 For sale by the Superintendent of Documents, U.S. Government ...","","2013-11-19"
"258","Congressional Hearings","CHRG-113shrg86353","CHRG-113shrg86353","A Pivotal Moment for the Eastern Partnership: Outlook for Ukraine, Moldova, Georgia, Belarus, Armenia, and Azerbaijan","https://www.govinfo.gov/app/details/CHRG-113shrg86353/CHRG-113shrg86353","https://www.govinfo.gov/content/pkg/CHRG-113shrg86353/pdf/CHRG-113shrg86353.pdf","552.1 KB","https://www.govinfo.gov/content/pkg/CHRG-113shrg86353/html/CHRG-113shrg86353.htm","200.3 KB","","0 B","","0 B","","0 B","THE SUBCOMMITTEE ON EUROPEAN AFFAIRS OF THE COMMITTEE ON FOREIGN RELATIONS UNITED STATES SENATE ONE HUNDRED THIRTEENTH CONGRESS FIRST SESSION NOVEMBER 14, 2013 Printed for the use of the Committee on Foreign Relations [GRAPHIC NOT AVAILABLE IN TIFF FORMAT] Available via the World Wide Web: http://www.gpo.gov/fdsys/ U.S. GOVERNMENT PRINTING OFFICE ...","","2013-11-14"
"259","Congressional Hearings","CHRG-113shrg86865","CHRG-113shrg86865","Syria","https://www.govinfo.gov/app/details/CHRG-113shrg86865/CHRG-113shrg86865","https://www.govinfo.gov/content/pkg/CHRG-113shrg86865/pdf/CHRG-113shrg86865.pdf","233.0 KB","https://www.govinfo.gov/content/pkg/CHRG-113shrg86865/html/CHRG-113shrg86865.htm","178.9 KB","","0 B","","0 B","","0 B",", 2013 Printed for the use of the Committee on Foreign Relations Available via the World Wide Web: http://www.gpo.gov/fdsys/ U.S. GOVERNMENT PRINTING OFFICE 86-865 PDF WASHINGTON : 2014 For sale by the Superintendent of Documents, U.S. Government Printing Office Internet: bookstore.gpo.gov Phone: toll free (866) 512-1800; DC area (202) 512-1800 Fax...","","2013-10-31"
"260","Congressional Hearings","CHRG-113shrg86352","CHRG-113shrg86352","Security and Governance in Somalia: Consolidating Gains, Confronting Challenges, and Charting the Path Forward","https://www.govinfo.gov/app/details/CHRG-113shrg86352/CHRG-113shrg86352","https://www.govinfo.gov/content/pkg/CHRG-113shrg86352/pdf/CHRG-113shrg86352.pdf","261.9 KB","https://www.govinfo.gov/content/pkg/CHRG-113shrg86352/html/CHRG-113shrg86352.htm","220.2 KB","","0 B","","0 B","","0 B"," ON AFRICAN AFFAIRS OF THE COMMITTEE ON FOREIGN RELATIONS UNITED STATES SENATE ONE HUNDRED THIRTEENTH CONGRESS FIRST SESSION OCTOBER 8, 2013 Printed for the use of the Committee on Foreign Relations [GRAPHIC(S) NOT AVAILABLE IN TIFF FORMAT] Available via the World Wide Web: http://www.gpo.gov/fdsys/ U.S. GOVERNMENT PRINTING OFFICE 86-352 ...","","2013-10-08"
"261","Congressional Hearings","CHRG-113shrg86351","CHRG-113shrg86351","Reversing Iran's Nuclear Program","https://www.govinfo.gov/app/details/CHRG-113shrg86351/CHRG-113shrg86351","https://www.govinfo.gov/content/pkg/CHRG-113shrg86351/pdf/CHRG-113shrg86351.pdf","275.8 KB","https://www.govinfo.gov/content/pkg/CHRG-113shrg86351/html/CHRG-113shrg86351.htm","235.3 KB","","0 B","","0 B","","0 B"," FIRST SESSION OCTOBER 3, 2013 Printed for the use of the Committee on Foreign Relations Available via the World Wide Web: http://www.gpo.gov/fdsys/ ______ U.S. GOVERNMENT PRINTING OFFICE 86-351 WASHINGTON : 2014 For sale by the Superintendent of Documents, U.S. Government Printing Office, http://bookstore.gpo.gov. For more information, contact ...","","2013-10-03"
"262","Congressional Hearings","CHRG-113shrg91222","CHRG-113shrg91222","Insert Title Here the Authorization of Use of Force in Syria","https://www.govinfo.gov/app/details/CHRG-113shrg91222/CHRG-113shrg91222","https://www.govinfo.gov/content/pkg/CHRG-113shrg91222/pdf/CHRG-113shrg91222.pdf","258.9 KB","https://www.govinfo.gov/content/pkg/CHRG-113shrg91222/html/CHRG-113shrg91222.htm","212.7 KB","","0 B","","0 B","","0 B"," HUNDRED THIRTEENTH CONGRESS FIRST SESSION INSERT DATE HERE deg.SEPTEMBER 3, 2013 Printed for the use of the Committee on Foreign Relations Available via the World Wide Web: http://www.fdsys.gpo.gov U.S. GOVERNMENT PRINTING OFFICE 91-222 PDF WASHINGTON : 2014 For sale by the Superintendent of Documents, U.S. Government Printing Office, Internet:...","","2013-09-03"
"263","Congressional Hearings","CHRG-113shrg86350","CHRG-113shrg86350","Where Is Turkey Headed? Gezi Park, Taksim Square, and the Future of the Turkish Model","https://www.govinfo.gov/app/details/CHRG-113shrg86350/CHRG-113shrg86350","https://www.govinfo.gov/content/pkg/CHRG-113shrg86350/pdf/CHRG-113shrg86350.pdf","213.6 KB","https://www.govinfo.gov/content/pkg/CHRG-113shrg86350/html/CHRG-113shrg86350.htm","149.8 KB","","0 B","","0 B","","0 B"," OF THE COMMITTEE ON FOREIGN RELATIONS UNITED STATES SENATE ONE HUNDRED THIRTEENTH CONGRESS FIRST SESSION JULY 31, 2013 Printed for the use of the Committee on Foreign Relations Available via the World Wide Web: http://www.gpo.gov/fdsys/ U.S. GOVERNMENT PRINTING OFFICE 86-350 WASHINGTON : 2014 For sale by the Superintendent of Documents, U.S. ...","","2013-07-31"
"264","Congressional Hearings","CHRG-113shrg90798","CHRG-113shrg90798","Crisis in Egypt","https://www.govinfo.gov/app/details/CHRG-113shrg90798/CHRG-113shrg90798","https://www.govinfo.gov/content/pkg/CHRG-113shrg90798/pdf/CHRG-113shrg90798.pdf","224.7 KB","https://www.govinfo.gov/content/pkg/CHRG-113shrg90798/html/CHRG-113shrg90798.htm","161.5 KB","","0 B","","0 B","","0 B","JULY 25, 2013 Printed for the use of the Committee on Foreign Relations Available via the World Wide Web: http://www.gpo.gov/fdsys/ U.S. GOVERNMENT PRINTING OFFICE 90-798 WASHINGTON : 2014 For sale by the Superintendent of Documents, U.S. Government Printing Office Internet: bookstore.gpo.gov Phone: toll free (866) 512-1800; DC area (202) 512-1800 ...","","2013-07-25"
"265","Congressional Hearings","CHRG-113shrg86349","CHRG-113shrg86349","Rebalance to Asia III: Protecting the Environment and Ensuring Food and Water Security in East Asia and the Pacific","https://www.govinfo.gov/app/details/CHRG-113shrg86349/CHRG-113shrg86349","https://www.govinfo.gov/content/pkg/CHRG-113shrg86349/pdf/CHRG-113shrg86349.pdf","251.8 KB","https://www.govinfo.gov/content/pkg/CHRG-113shrg86349/html/CHRG-113shrg86349.htm","208.2 KB","","0 B","","0 B","","0 B"," SUBCOMMITTEE ON EAST ASIAN AND PACIFIC AFFAIRS OF THE COMMITTEE ON FOREIGN RELATIONS UNITED STATES SENATE ONE HUNDRED THIRTEENTH CONGRESS FIRST SESSION JULY 24, 2013 Printed for the use of the Committee on Foreign Relations Available via the World Wide Web: http://www.gpo.gov/fdsys/ U.S. GOVERNMENT PRINTING OFFICE 86-349 PDF WASHINGTON : 2014 For...","","2013-07-24"
"266","Congressional Hearings","CHRG-113shrg86864","CHRG-113shrg86864","S. 980--the Embassy Security and Personnel Protection Act of 2013","https://www.govinfo.gov/app/details/CHRG-113shrg86864/CHRG-113shrg86864","https://www.govinfo.gov/content/pkg/CHRG-113shrg86864/pdf/CHRG-113shrg86864.pdf","219.8 KB","https://www.govinfo.gov/content/pkg/CHRG-113shrg86864/html/CHRG-113shrg86864.htm","161.8 KB","","0 B","","0 B","","0 B"," ONE HUNDRED THIRTEENTH CONGRESS FIRST SESSION JULY 16, 2013 Printed for the use of the Committee on Foreign Relations [GRAPHIC(S) NOT AVAILABLE IN TIFF FORMAT] Available via the World Wide Web: http://www.gpo.gov/fdsys/ U.S. GOVERNMENT PRINTING OFFICE 86-864 PDF WASHINGTON : 2014 For sale by the Superintendent of Documents, U.S. Government ...","","2013-07-16"
"267","Congressional Hearings","CHRG-113shrg86348","CHRG-113shrg86348","Assessing the Transition in Afghanistan","https://www.govinfo.gov/app/details/CHRG-113shrg86348/CHRG-113shrg86348","https://www.govinfo.gov/content/pkg/CHRG-113shrg86348/pdf/CHRG-113shrg86348.pdf","277.6 KB","https://www.govinfo.gov/content/pkg/CHRG-113shrg86348/html/CHRG-113shrg86348.htm","255.5 KB","","0 B","","0 B","","0 B"," CONGRESS FIRST SESSION JULY 11, 2013 Printed for the use of the Committee on Foreign Relations Available via the World Wide Web: http://www.gpo.gov/fdsys/ COMMITTEE ON FOREIGN RELATIONS ROBERT MENENDEZ, New Jersey, Chairman BARBARA BOXER, California BOB CORKER, Tennessee BENJAMIN L. CARDIN, Maryland JAMES E. RISCH, Idaho ROBERT P. CASEY, Jr., ...","","2013-07-11"
"268","Congressional Hearings","CHRG-113shrg86777","CHRG-113shrg86777","Examining Prospects for Democratic Reform and Economic Recovery in Zimbabwe","https://www.govinfo.gov/app/details/CHRG-113shrg86777/CHRG-113shrg86777","https://www.govinfo.gov/content/pkg/CHRG-113shrg86777/pdf/CHRG-113shrg86777.pdf","247.6 KB","https://www.govinfo.gov/content/pkg/CHRG-113shrg86777/html/CHRG-113shrg86777.htm","196.4 KB","","0 B","","0 B","","0 B"," COMMITTEE ON FOREIGN RELATIONS UNITED STATES SENATE ONE HUNDRED THIRTEENTH CONGRESS FIRST SESSION JUNE 18, 2013 Printed for the use of the Committee on Foreign Relations Available via the World Wide Web: http://www.gpo.gov/fdsys/ U.S. GOVERNMENT PRINTING OFFICE 86-777 PDF WASHINGTON : 2014 For sale by the Superintendent of Documents, U.S. ...","","2013-06-18"
"269","Congressional Hearings","CHRG-113shrg86347","CHRG-113shrg86347","Security Cooperation in Mexico: Examining the Next Steps in the U.S.- Mexico Security Relationship","https://www.govinfo.gov/app/details/CHRG-113shrg86347/CHRG-113shrg86347","https://www.govinfo.gov/content/pkg/CHRG-113shrg86347/pdf/CHRG-113shrg86347.pdf","240.8 KB","https://www.govinfo.gov/content/pkg/CHRG-113shrg86347/html/CHRG-113shrg86347.htm","189.2 KB","","0 B","","0 B","","0 B"," WESTERN HEMISPHERE AND GLOBAL NARCOTICS AFFAIRS OF THE COMMITTEE ON FOREIGN RELATIONS UNITED STATES SENATE ONE HUNDRED THIRTEENTH CONGRESS FIRST SESSION JUNE 18, 2013 Printed for the use of the Committee on Foreign Relations [GRAPHIC(S) NOT AVAILABLE IN TIFF FORMAT] Available via the World Wide Web: http://www.gpo.gov/fdsys/ ______ U.S. GOVERNMENT...","","2013-06-18"
"270","Congressional Hearings","CHRG-113shrg86776","CHRG-113shrg86776","A Dangerous Slide Backwards: Russia's Deteriorating Human Rights","https://www.govinfo.gov/app/details/CHRG-113shrg86776/CHRG-113shrg86776","https://www.govinfo.gov/content/pkg/CHRG-113shrg86776/pdf/CHRG-113shrg86776.pdf","525.7 KB","https://www.govinfo.gov/content/pkg/CHRG-113shrg86776/html/CHRG-113shrg86776.htm","185.9 KB","","0 B","","0 B","","0 B"," ORGANIZATIONS, HUMAN RIGHTS, DEMOCRACY, AND GLOBAL WOMEN'S ISSUES AND THE SUBCOMMITTEE ON EUROPEAN AFFAIRS OF THE COMMITTEE ON FOREIGN RELATIONS UNITED STATES SENATE ONE HUNDRED THIRTEENTH CONGRESS FIRST SESSION JUNE 13, 2013 Printed for the use of the Committee on Foreign Relations [GRAPHIC(S) NOT AVAILABLE IN TIFF FORMAT] Available via the ...","","2013-06-13"
"271","Congressional Hearings","CHRG-113shrg86346","CHRG-113shrg86346","Labor Issues in Bangladesh","https://www.govinfo.gov/app/details/CHRG-113shrg86346/CHRG-113shrg86346","https://www.govinfo.gov/content/pkg/CHRG-113shrg86346/pdf/CHRG-113shrg86346.pdf","1.7 MB","https://www.govinfo.gov/content/pkg/CHRG-113shrg86346/html/CHRG-113shrg86346.htm","297.2 KB","","0 B","","0 B","","0 B"," SESSION JUNE 6, 2013 Printed for the use of the Committee on Foreign Relations [GRAPHIC(S) NOT AVAILABLE IN TIFF FORMAT] Available via the World Wide Web: http://www.gpo.gov/fdsys/ U.S. GOVERNMENT PRINTING OFFICE 86-346 PDF WASHINGTON : 2013 For sale by the Superintendent of Documents, U.S. Government Printing Office Internet: bookstore.gpo.gov ...","","2013-06-06"
"272","Congressional Hearings","CHRG-113shrg86863","CHRG-113shrg86863","European Union Economic Relations: Crisis and Opportunity","https://www.govinfo.gov/app/details/CHRG-113shrg86863/CHRG-113shrg86863","https://www.govinfo.gov/content/pkg/CHRG-113shrg86863/pdf/CHRG-113shrg86863.pdf","211.3 KB","https://www.govinfo.gov/content/pkg/CHRG-113shrg86863/html/CHRG-113shrg86863.htm","146.0 KB","","0 B","","0 B","","0 B","HUNDRED THIRTEENTH CONGRESS FIRST SESSION MAY 23, 2013 Printed for the use of the Committee on Foreign Relations Available via the World Wide Web: http://www.gpo.gov/fdsys/ U.S. GOVERNMENT PRINTING OFFICE 86-863 WASHINGTON : 2014 For sale by the Superintendent of Documents, U.S. Government Printing Office Internet: bookstore.gpo.gov Phone: toll ...","","2013-05-23"
"273","Congressional Hearings","CHRG-113shrg86151","CHRG-113shrg86151","Different Perspectives on International Development","https://www.govinfo.gov/app/details/CHRG-113shrg86151/CHRG-113shrg86151","https://www.govinfo.gov/content/pkg/CHRG-113shrg86151/pdf/CHRG-113shrg86151.pdf","2.7 MB","https://www.govinfo.gov/content/pkg/CHRG-113shrg86151/html/CHRG-113shrg86151.htm","135.0 KB","","0 B","","0 B","","0 B",", ECONOMIC AFFAIRS, INTERNATIONAL ENVIRONMENTAL PROTECTION, AND PEACE CORPS OF THE COMMITTEE ON FOREIGN RELATIONS UNITED STATES SENATE ONE HUNDRED THIRTEENTH CONGRESS FIRST SESSION MAY 22, 2013 Printed for the use of the Committee on Foreign Relations Available via the World Wide Web: http://www.gpo.gov/fdsys/ U.S. GOVERNMENT PRINTING OFFICE 86-...","","2013-05-22"
"274","Congressional Hearings","CHRG-113shrg86150","CHRG-113shrg86150","Prospects for Afghanistan's 2014 Elections","https://www.govinfo.gov/app/details/CHRG-113shrg86150/CHRG-113shrg86150","https://www.govinfo.gov/content/pkg/CHRG-113shrg86150/pdf/CHRG-113shrg86150.pdf","212.3 KB","https://www.govinfo.gov/content/pkg/CHRG-113shrg86150/html/CHRG-113shrg86150.htm","155.5 KB","","0 B","","0 B","","0 B"," COMMITTEE ON FOREIGN RELATIONS UNITED STATES SENATE ONE HUNDRED THIRTEENTH CONGRESS FIRST SESSION MAY 21, 2013 Printed for the use of the Committee on Foreign Relations Available via the World Wide Web: http://www.gpo.gov/fdsys/ U.S. GOVERNMENT PRINTING OFFICE 86-150 PDF WASHINGTON : 2014 For sale by the Superintendent of Documents, U.S. ...","","2013-05-21"
"275","Congressional Hearings","CHRG-113shrg86862","CHRG-113shrg86862","U.S. Policy Toward Iran","https://www.govinfo.gov/app/details/CHRG-113shrg86862/CHRG-113shrg86862","https://www.govinfo.gov/content/pkg/CHRG-113shrg86862/pdf/CHRG-113shrg86862.pdf","1.4 MB","https://www.govinfo.gov/content/pkg/CHRG-113shrg86862/html/CHRG-113shrg86862.htm","161.2 KB","","0 B","","0 B","","0 B","SESSION MAY 15, 2013 Printed for the use of the Committee on Foreign Relations [GRAPHIC NOT AVAILABLE IN TIFF FORMAT] Available via the World Wide Web: http://www.gpo.gov/fdsys/ U.S. GOVERNMENT PRINTING OFFICE 86-862 PDF WASHINGTON : 2014 For sale by the Superintendent of Documents, U.S. Government Printing Office, http://bookstore.gpo.gov. For ...","","2013-05-15"
"276","Congressional Hearings","CHRG-113shrg88305","CHRG-113shrg88305","Nominations of the 113th Congress","https://www.govinfo.gov/app/details/CHRG-113shrg88305/CHRG-113shrg88305","https://www.govinfo.gov/content/pkg/CHRG-113shrg88305/pdf/CHRG-113shrg88305.pdf","3.0 MB","https://www.govinfo.gov/content/pkg/CHRG-113shrg88305/html/CHRG-113shrg88305.htm","3.8 MB","","0 B","","0 B","","0 B","THIRTEENTH CONGRESS FIRST SESSION MAY 7 THROUGH DECEMBER 17, 2013 Printed for the use of the Committee on Foreign Relations [GRAPHIC(S) NOT AVAILABLE IN TIFF FORMAT] Available via the World Wide Web: http://www.gpo.gov/fdsys/ S. Hrg. 113-319 NOMINATIONS OF THE 113TH CONGRESS--FIRST SESSION HEARINGS BEFORE THE COMMITTEE ON FOREIGN RELATIONS UNITED ...","","2013-05-07"
"277","Congressional Hearings","CHRG-113shrg86149","CHRG-113shrg86149","Rebalance to Asia II: Security and Defense; Cooperation and Challenges","https://www.govinfo.gov/app/details/CHRG-113shrg86149/CHRG-113shrg86149","https://www.govinfo.gov/content/pkg/CHRG-113shrg86149/pdf/CHRG-113shrg86149.pdf","221.7 KB","https://www.govinfo.gov/content/pkg/CHRG-113shrg86149/html/CHRG-113shrg86149.htm","170.2 KB","","0 B","","0 B","","0 B"," OF THE COMMITTEE ON FOREIGN RELATIONS UNITED STATES SENATE ONE HUNDRED THIRTEENTH CONGRESS FIRST SESSION APRIL 25, 2013 Printed for the use of the Committee on Foreign Relations Available via the World Wide Web: http://www.gpo.gov/fdsys/ U.S. GOVERNMENT PRINTING OFFICE 86-149 PDF WASHINGTON : 2014 For sale by the Superintendent of Documents, ...","","2013-04-25"
"278","Congressional Hearings","CHRG-113shrg86148","CHRG-113shrg86148","International Development Priorities in the Fiscal Year 2014 Budget","https://www.govinfo.gov/app/details/CHRG-113shrg86148/CHRG-113shrg86148","https://www.govinfo.gov/content/pkg/CHRG-113shrg86148/pdf/CHRG-113shrg86148.pdf","327.6 KB","https://www.govinfo.gov/content/pkg/CHRG-113shrg86148/html/CHRG-113shrg86148.htm","326.2 KB","","0 B","","0 B","","0 B"," ONE HUNDRED THIRTEENTH CONGRESS FIRST SESSION APRIL 24, 2013 Printed for the use of the Committee on Foreign Relations [GRAPHIC(S) NOT AVAILABLE IN TIFF FORMAT] Available via the World Wide Web: http://www.gpo.gov/fdsys/ U.S. GOVERNMENT PRINTING OFFICE 86-148 PDF WASHINGTON : 2014 For sale by the Superintendent of Documents, U.S. Government ...","","2013-04-24"
"279","Congressional Hearings","CHRG-113shrg86860","CHRG-113shrg86860","National Security and Foreign Policy Priorities in the Fiscal Year 2014 International Affairs Budget","https://www.govinfo.gov/app/details/CHRG-113shrg86860/CHRG-113shrg86860","https://www.govinfo.gov/content/pkg/CHRG-113shrg86860/pdf/CHRG-113shrg86860.pdf","691.8 KB","https://www.govinfo.gov/content/pkg/CHRG-113shrg86860/html/CHRG-113shrg86860.htm","500.2 KB","","0 B","","0 B","","0 B","FOREIGN RELATIONS UNITED STATES SENATE ONE HUNDRED THIRTEENTH CONGRESS FIRST SESSION APRIL 18, 2013 Printed for the use of the Committee on Foreign Relations [GRAPHIC(S) NOT AVAILABLE IN TIFF FORMAT] Available via the World Wide Web: http://www.gpo.gov/fdsys/ U.S. GOVERNMENT PRINTING OFFICE 86-860 PDF WASHINGTON : 2014 For sale by the ...","","2013-04-18"
"280","Congressional Hearings","CHRG-113shrg86147","CHRG-113shrg86147","Examining Ongoing Conflict in Eastern Congo","https://www.govinfo.gov/app/details/CHRG-113shrg86147/CHRG-113shrg86147","https://www.govinfo.gov/content/pkg/CHRG-113shrg86147/pdf/CHRG-113shrg86147.pdf","6.5 MB","https://www.govinfo.gov/content/pkg/CHRG-113shrg86147/html/CHRG-113shrg86147.htm","170.0 KB","","0 B","","0 B","","0 B","UNITED STATES SENATE ONE HUNDRED THIRTEENTH CONGRESS FIRST SESSION APRIL 16, 2013 Printed for the use of the Committee on Foreign Relations [GRAPHIC(S) NOT AVAILABLE IN TIFF FORMAT] Available via the World Wide Web: http://www.gpo.gov/fdsys/ U.S. GOVERNMENT PRINTING OFFICE 86-147 PDF WASHINGTON : 2014 For sale by the Superintendent of Documents, ...","","2013-04-16"
"281","Congressional Hearings","CHRG-113shrg86861","CHRG-113shrg86861","U.S. Policy Toward Syria","https://www.govinfo.gov/app/details/CHRG-113shrg86861/CHRG-113shrg86861","https://www.govinfo.gov/content/pkg/CHRG-113shrg86861/pdf/CHRG-113shrg86861.pdf","234.1 KB","https://www.govinfo.gov/content/pkg/CHRG-113shrg86861/html/CHRG-113shrg86861.htm","185.4 KB","","0 B","","0 B","","0 B"," SESSION APRIL 11, 2013 Printed for the use of the Committee on Foreign Relations [GRAPHIC(S) NOT AVAILABLE IN TIFF FORMAT] Available via the World Wide Web: http://www.gpo.gov/fdsys/ U.S. GOVERNMENT PRINTING OFFICE 86-861 PDF WASHINGTON : 2014 For sale by the Superintendent of Documents, U.S. Government Printing Office Internet: bookstore.gpo.gov ...","","2013-04-11"
"282","Congressional Hearings","CHRG-113shrg81469","CHRG-113shrg81469","Rebalance to Asia: What Does IT Mean for Democracy, Good Governance and Human Rights?","https://www.govinfo.gov/app/details/CHRG-113shrg81469/CHRG-113shrg81469","https://www.govinfo.gov/content/pkg/CHRG-113shrg81469/pdf/CHRG-113shrg81469.pdf","218.4 KB","https://www.govinfo.gov/content/pkg/CHRG-113shrg81469/html/CHRG-113shrg81469.htm","164.3 KB","","0 B","","0 B","","0 B"," PACIFIC AFFAIRS OF THE COMMITTEE ON FOREIGN RELATIONS UNITED STATES SENATE ONE HUNDRED THIRTEENTH CONGRESS FIRST SESSION MARCH 21, 2013 Printed for the use of the Committee on Foreign Relations Available via the World Wide Web: http://www.gpo.gov/fdsys/ U.S. GOVERNMENT PRINTING OFFICE 81-469 WASHINGTON : 2013 For sale by the Superintendent of ...","","2013-03-21"
"283","Congressional Hearings","CHRG-113shrg86146","CHRG-113shrg86146","Counterterrorism Policies and Priorities: Addressing the Evolving Threat","https://www.govinfo.gov/app/details/CHRG-113shrg86146/CHRG-113shrg86146","https://www.govinfo.gov/content/pkg/CHRG-113shrg86146/pdf/CHRG-113shrg86146.pdf","198.5 KB","https://www.govinfo.gov/content/pkg/CHRG-113shrg86146/html/CHRG-113shrg86146.htm","125.4 KB","","0 B","","0 B","","0 B"," SENATE ONE HUNDRED THIRTEENTH CONGRESS FIRST SESSION MARCH 20, 2013 Printed for the use of the Committee on Foreign Relations [GRAPHIC(S) NOT AVAILABLE IN TIFF FORMAT] Available via the World Wide Web: http://www.gpo.gov/fdsys/ _____ U.S. GOVERNMENT PRINTING OFFICE 86-146 PDF WASHINGTON : 2014 For sale by the Superintendent of Documents, U.S. ...","","2013-03-20"
"284","Congressional Hearings","CHRG-113shrg86145","CHRG-113shrg86145","Syria's Humanitarian Crisis","https://www.govinfo.gov/app/details/CHRG-113shrg86145/CHRG-113shrg86145","https://www.govinfo.gov/content/pkg/CHRG-113shrg86145/pdf/CHRG-113shrg86145.pdf","270.9 KB","https://www.govinfo.gov/content/pkg/CHRG-113shrg86145/html/CHRG-113shrg86145.htm","240.1 KB","","0 B","","0 B","","0 B"," RELATIONS UNITED STATES SENATE ONE HUNDRED THIRTEENTH CONGRESS FIRST SESSION MARCH 19, 2013 Printed for the use of the Committee on Foreign Relations Available via the World Wide Web: http://www.gpo.gov/fdsys/ U.S. GOVERNMENT PRINTING OFFICE 86-145 WASHINGTON : 2014 For sale by the Superintendent of Documents, U.S. Government Printing Office...","","2013-03-19"
"285","Congressional Hearings","CHRG-113shrg81468","CHRG-113shrg81468","U.S. Policy Toward North Korea","https://www.govinfo.gov/app/details/CHRG-113shrg81468/CHRG-113shrg81468","https://www.govinfo.gov/content/pkg/CHRG-113shrg81468/pdf/CHRG-113shrg81468.pdf","237.9 KB","https://www.govinfo.gov/content/pkg/CHRG-113shrg81468/html/CHRG-113shrg81468.htm","187.6 KB","","0 B","","0 B","","0 B","FIRST SESSION MARCH 7, 2013 Printed for the use of the Committee on Foreign Relations Available via the World Wide Web: http://www.gpo.gov/fdsys/ U.S. GOVERNMENT PRINTING OFFICE 81-468 WASHINGTON : 2013 For sale by the Superintendent of Documents, U.S. Government Printing Office, http://bookstore.gpo.gov. For more information, contact the GPO ...","","2013-03-07"
"286","Congressional Hearings","CHRG-113shrg86451","CHRG-113shrg86451","Nomination of John F. Kerry to Be Secretary of State","https://www.govinfo.gov/app/details/CHRG-113shrg86451/CHRG-113shrg86451","https://www.govinfo.gov/content/pkg/CHRG-113shrg86451/pdf/CHRG-113shrg86451.pdf","642.9 KB","https://www.govinfo.gov/content/pkg/CHRG-113shrg86451/html/CHRG-113shrg86451.htm","870.0 KB","","0 B","","0 B","","0 B"," THIRTEENTH CONGRESS FIRST SESSION JANUARY 24, 2013 Printed for the use of the Committee on Foreign Relations Available via the World Wide Web: http://www.gpo.gov/fdsys/ U.S. GOVERNMENT PRINTING OFFICE 86-451 WASHINGTON : 2014 For sale by the Superintendent of Documents, U.S. Government Printing Office Internet: bookstore.gpo.gov Phone: toll free...","","2013-01-24"
"287","Congressional Hearings","CHRG-113shrg86780","CHRG-113shrg86780","Benghazi: The Attacks and the Lessons Learned","https://www.govinfo.gov/app/details/CHRG-113shrg86780/CHRG-113shrg86780","https://www.govinfo.gov/content/pkg/CHRG-113shrg86780/pdf/CHRG-113shrg86780.pdf","285.1 KB","https://www.govinfo.gov/content/pkg/CHRG-113shrg86780/html/CHRG-113shrg86780.htm","262.9 KB","","0 B","","0 B","","0 B"," CONGRESS FIRST SESSION JANUARY 23, 2013 Printed for the use of the Committee on Foreign Relations Available via the World Wide Web: http://www.gpo.gov/fdsys/ U.S. GOVERNMENT PRINTING OFFICE 86-780 PDF WASHINGTON : 2013 For sale by the Superintendent of Documents, U.S. Government Printing Office Internet: bookstore.gpo.gov Phone: toll free (...","","2013-01-23"
"288","Congressional Hearings","CHRG-112shrg79801","CHRG-112shrg79801","Benghazi: The Attacks and the Lessons Learned","https://www.govinfo.gov/app/details/CHRG-112shrg79801/CHRG-112shrg79801","https://www.govinfo.gov/content/pkg/CHRG-112shrg79801/pdf/CHRG-112shrg79801.pdf","1.4 MB","https://www.govinfo.gov/content/pkg/CHRG-112shrg79801/html/CHRG-112shrg79801.htm","117.8 KB","","0 B","","0 B","","0 B"," CONGRESS SECOND SESSION DECEMBER 20, 2012 Printed for the use of the Committee on Foreign Relations Available via the World Wide Web: http://www.gpo.gov/fdsys/ U.S. GOVERNMENT PRINTING OFFICE 79-801 WASHINGTON : 2013 For sale by the Superintendent of Documents, U.S. Government Printing Office Internet: bookstore.gpo.gov Phone: toll free (866) ...","","2012-12-20"
"289","Congressional Hearings","CHRG-112shrg79800","CHRG-112shrg79800","Terrorist Networks in Pakistan and the Proliferation of Ieds","https://www.govinfo.gov/app/details/CHRG-112shrg79800/CHRG-112shrg79800","https://www.govinfo.gov/content/pkg/CHRG-112shrg79800/pdf/CHRG-112shrg79800.pdf","173.1 KB","https://www.govinfo.gov/content/pkg/CHRG-112shrg79800/html/CHRG-112shrg79800.htm","94.7 KB","","0 B","","0 B","","0 B"," AFFAIRS OF THE COMMITTEE ON FOREIGN RELATIONS UNITED STATES SENATE ONE HUNDRED TWELFTH CONGRESS SECOND SESSION DECEMBER 13, 2012 Printed for the use of the Committee on Foreign Relations Available via the World Wide Web: http://www.gpo.gov/fdsys/ U.S. GOVERNMENT PRINTING OFFICE 79-800 WASHINGTON : 2013 For sale by the Superintendent of ...","","2012-12-13"
"290","Congressional Hearings","CHRG-112shrg79799","CHRG-112shrg79799","Assessing Developments in Mali: Restoring Democracy and Reclaiming the North","https://www.govinfo.gov/app/details/CHRG-112shrg79799/CHRG-112shrg79799","https://www.govinfo.gov/content/pkg/CHRG-112shrg79799/pdf/CHRG-112shrg79799.pdf","247.9 KB","https://www.govinfo.gov/content/pkg/CHRG-112shrg79799/html/CHRG-112shrg79799.htm","203.5 KB","","0 B","","0 B","","0 B"," COMMITTEE ON FOREIGN RELATIONS UNITED STATES SENATE ONE HUNDRED TWELFTH CONGRESS SECOND SESSION DECEMBER 5, 2012 Printed for the use of the Committee on Foreign Relations Available via the World Wide Web: http://www.gpo.gov/fdsys/ U.S. GOVERNMENT PRINTING OFFICE 79-799 WASHINGTON : 2013 For sale by the Superintendent of Documents, U.S. Government...","","2012-12-05"
"291","Congressional Hearings","CHRG-112shrg79798","CHRG-112shrg79798","Evaluating Current U.S. Global Food Security Efforts and Determining Future U.S. Leadership Opportunities","https://www.govinfo.gov/app/details/CHRG-112shrg79798/CHRG-112shrg79798","https://www.govinfo.gov/content/pkg/CHRG-112shrg79798/pdf/CHRG-112shrg79798.pdf","286.7 KB","https://www.govinfo.gov/content/pkg/CHRG-112shrg79798/html/CHRG-112shrg79798.htm","267.3 KB","","0 B","","0 B","","0 B"," ON INTERNATIONAL DEVELOPMENT AND FOREIGN ASSISTANCE, ECONOMIC AFFAIRS, AND INTERNATIONAL ENVIRONMENTAL PROTECTION OF THE COMMITTEE ON FOREIGN RELATIONS UNITED STATES SENATE ONE HUNDRED TWELFTH CONGRESS SECOND SESSION NOVEMBER 28, 2012 Printed for the use of the Committee on Foreign Relations Available via the World Wide Web: http://www.gpo.gov...","","2012-11-28"
"292","Congressional Hearings","CHRG-112shrg76697","CHRG-112shrg76697","Maritime Territorial Disputes and Sovereignty Issues in Asia","https://www.govinfo.gov/app/details/CHRG-112shrg76697/CHRG-112shrg76697","https://www.govinfo.gov/content/pkg/CHRG-112shrg76697/pdf/CHRG-112shrg76697.pdf","164.3 KB","https://www.govinfo.gov/content/pkg/CHRG-112shrg76697/html/CHRG-112shrg76697.htm","79.0 KB","","0 B","","0 B","","0 B"," COMMITTEE ON FOREIGN RELATIONS UNITED STATES SENATE ONE HUNDRED TWELFTH CONGRESS SECOND SESSION SEPTEMBER 20, 2012 Printed for the use of the Committee on Foreign Relations Available via the World Wide Web: http://www.gpo.gov/fdsys/ U.S. GOVERNMENT PRINTING OFFICE 76-697 WASHINGTON : 2012 For sale by the Superintendent of Documents, U.S. ...","","2012-09-20"
"293","Congressional Hearings","CHRG-112shrg76696","CHRG-112shrg76696","The Future of the Eurozone: Outlook and Lessons","https://www.govinfo.gov/app/details/CHRG-112shrg76696/CHRG-112shrg76696","https://www.govinfo.gov/content/pkg/CHRG-112shrg76696/pdf/CHRG-112shrg76696.pdf","276.3 KB","https://www.govinfo.gov/content/pkg/CHRG-112shrg76696/html/CHRG-112shrg76696.htm","245.5 KB","","0 B","","0 B","","0 B"," UNITED STATES SENATE ONE HUNDRED TWELFTH CONGRESS SECOND SESSION AUGUST 1, 2012 Printed for the use of the Committee on Foreign Relations Available via the World Wide Web: http://www.gpo.gov/fdsys/ U.S. GOVERNMENT PRINTING OFFICE 76-696 PDF WASHINGTON : 2012 For sale by the Superintendent of Documents, U.S. Government Printing Office Internet:...","","2012-08-01"
"294","Congressional Hearings","CHRG-112shrg76695","CHRG-112shrg76695","Next Steps in Syria","https://www.govinfo.gov/app/details/CHRG-112shrg76695/CHRG-112shrg76695","https://www.govinfo.gov/content/pkg/CHRG-112shrg76695/pdf/CHRG-112shrg76695.pdf","225.3 KB","https://www.govinfo.gov/content/pkg/CHRG-112shrg76695/html/CHRG-112shrg76695.htm","172.3 KB","","0 B","","0 B","","0 B"," AUGUST 1, 2012 Printed for the use of the Committee on Foreign Relations [GRAPHIC(S) NOT AVAILABLE IN TIFF FORMAT] Available via the World Wide Web: http://www.gpo.gov/fdsys/ _____ U.S. GOVERNMENT PRINTING OFFICE 76-695 PDF WASHINGTON : 2012 For sale by the Superintendent of Documents, U.S. Government Printing Office Internet: bookstore.gpo.gov ...","","2012-08-01"
"295","Congressional Hearings","CHRG-112shrg76694","CHRG-112shrg76694","Doing Business in Latin America: Positive Trends but Serious Challenges","https://www.govinfo.gov/app/details/CHRG-112shrg76694/CHRG-112shrg76694","https://www.govinfo.gov/content/pkg/CHRG-112shrg76694/pdf/CHRG-112shrg76694.pdf","250.8 KB","https://www.govinfo.gov/content/pkg/CHRG-112shrg76694/html/CHRG-112shrg76694.htm","202.8 KB","","0 B","","0 B","","0 B","CORPS, AND GLOBAL NARCOTICS AFFAIRS OF THE COMMITTEE ON FOREIGN RELATIONS UNITED STATES SENATE ONE HUNDRED TWELFTH CONGRESS SECOND SESSION JULY 31, 2012 Printed for the use of the Committee on Foreign Relations [GRAPHIC(S) NOT AVAILABLE IN TIFF FORMAT] Available via the World Wide Web: http://www.gpo.gov/fdsys/ U.S. GOVERNMENT PRINTING OFFICE 76-...","","2012-07-31"
"296","Congressional Hearings","CHRG-112shrg76693","CHRG-112shrg76693","Iran's Support for Terrorism in the Middle East","https://www.govinfo.gov/app/details/CHRG-112shrg76693/CHRG-112shrg76693","https://www.govinfo.gov/content/pkg/CHRG-112shrg76693/pdf/CHRG-112shrg76693.pdf","253.6 KB","https://www.govinfo.gov/content/pkg/CHRG-112shrg76693/html/CHRG-112shrg76693.htm","208.4 KB","","0 B","","0 B","","0 B"," THE COMMITTEE ON FOREIGN RELATIONS UNITED STATES SENATE ONE HUNDRED TWELFTH CONGRESS SECOND SESSION JULY 25, 2012 Printed for the use of the Committee on Foreign Relations [GRAPHIC(S) NOT AVAILABLE IN TIFF FORMAT] Available via the World Wide Web: http://www.gpo.gov/fdsys/ U.S. GOVERNMENT PRINTING OFFICE 76-693 PDF WASHINGTON : 2012 For sale by ...","","2012-07-25"
"297","Congressional Hearings","CHRG-112shrg76692","CHRG-112shrg76692","The Next Ten Years in the Fight Against Human Trafficking: Attacking the Problem with the Right Tools","https://www.govinfo.gov/app/details/CHRG-112shrg76692/CHRG-112shrg76692","https://www.govinfo.gov/content/pkg/CHRG-112shrg76692/pdf/CHRG-112shrg76692.pdf","261.7 KB","https://www.govinfo.gov/content/pkg/CHRG-112shrg76692/html/CHRG-112shrg76692.htm","219.4 KB","","0 B","","0 B","","0 B"," FOREIGN RELATIONS UNITED STATES SENATE ONE HUNDRED TWELFTH CONGRESS SECOND SESSION JULY 17, 2012 Printed for the use of the Committee on Foreign Relations [GRAPHIC(S) NOT AVAILABLE IN TIFF FORMAT] Available via the World Wide Web: http://www.gpo.gov/fdsys/ _____ U.S. GOVERNMENT PRINTING OFFICE 76-692 PDF WASHINGTON : 2012 For sale by the ...","","2012-07-17"
"298","Congressional Hearings","CHRG-112shrg76691","CHRG-112shrg76691","Economic Statecraft: Embracing Africa's Market Potential","https://www.govinfo.gov/app/details/CHRG-112shrg76691/CHRG-112shrg76691","https://www.govinfo.gov/content/pkg/CHRG-112shrg76691/pdf/CHRG-112shrg76691.pdf","197.4 KB","https://www.govinfo.gov/content/pkg/CHRG-112shrg76691/html/CHRG-112shrg76691.htm","133.3 KB","","0 B","","0 B","","0 B"," RELATIONS UNITED STATES SENATE ONE HUNDRED TWELFTH CONGRESS SECOND SESSION JUNE 28, 2012 Printed for the use of the Committee on Foreign Relations [GRAPHIC(S) NOT AVAILABLE IN TIFF FORMAT] Available via the World Wide Web: http://www.gpo.gov/fdsys/ _____ U.S. GOVERNMENT PRINTING OFFICE 76-691 PDF WASHINGTON : 2012 For sale by the Superintendent ...","","2012-06-28"
"299","Congressional Hearings","CHRG-112shrg77373","CHRG-112shrg77373","Implementation of the New Start Treaty, and Related Matters","https://www.govinfo.gov/app/details/CHRG-112shrg77373/CHRG-112shrg77373","https://www.govinfo.gov/content/pkg/CHRG-112shrg77373/pdf/CHRG-112shrg77373.pdf","248.4 KB","https://www.govinfo.gov/content/pkg/CHRG-112shrg77373/html/CHRG-112shrg77373.htm","223.1 KB","","0 B","","0 B","","0 B"," HUNDRED TWELFTH CONGRESS SECOND SESSION JUNE 21, 2012 Printed for the use of the Committee on Foreign Relations Available via the World Wide Web: http://www.gpo.gov/fdsys/ ? U.S. GOVERNMENT PRINTING OFFICE 77-373 WASHINGTON : 2012 For sale by the Superintendent of Documents, U.S. Government Printing Office, http://bookstore.gpo.gov. For more ...","","2012-06-21"
"300","Congressional Hearings","CHRG-112shrg76690","CHRG-112shrg76690","The Path to Freedom: Countering Repression and Strengthening Civil Society in Cuba","https://www.govinfo.gov/app/details/CHRG-112shrg76690/CHRG-112shrg76690","https://www.govinfo.gov/content/pkg/CHRG-112shrg76690/pdf/CHRG-112shrg76690.pdf","226.7 KB","https://www.govinfo.gov/content/pkg/CHRG-112shrg76690/html/CHRG-112shrg76690.htm","151.3 KB","","0 B","","0 B","","0 B",", PEACE CORPS, AND GLOBAL NARCOTICS AFFAIRS OF THE COMMITTEE ON FOREIGN RELATIONS UNITED STATES SENATE ONE HUNDRED TWELFTH CONGRESS SECOND SESSION JUNE 7, 2012 Printed for the use of the Committee on Foreign Relations 0Available via the World Wide Web: http://www.gpo.gov/fdsys/ U.S. GOVERNMENT PRINTING OFFICE 76-690 WASHINGTON : 2012 For sale by...","","2012-06-07"
"301","Congressional Hearings","CHRG-112shrg76689","CHRG-112shrg76689","Ivory and Insecurity: The Global Implications of Poaching in Africa","https://www.govinfo.gov/app/details/CHRG-112shrg76689/CHRG-112shrg76689","https://www.govinfo.gov/content/pkg/CHRG-112shrg76689/pdf/CHRG-112shrg76689.pdf","2.3 MB","https://www.govinfo.gov/content/pkg/CHRG-112shrg76689/html/CHRG-112shrg76689.htm","266.7 KB","","0 B","","0 B","","0 B"," ONE HUNDRED TWELFTH CONGRESS SECOND SESSION MAY 24, 2012 Printed for the use of the Committee on Foreign Relations Available via the World Wide Web: http://www.gpo.gov/fdsys/ U.S. GOVERNMENT PRINTING OFFICE 76-689 WASHINGTON : 2012 For sale by the Superintendent of Documents, U.S. Government Printing Office, http://bookstore.gpo.gov. For more...","","2012-05-24"
"302","Congressional Hearings","CHRG-112shrg77375","CHRG-112shrg77375","The Law of the Sea Convention (Treaty Doc. 103-39)","https://www.govinfo.gov/app/details/CHRG-112shrg77375/CHRG-112shrg77375","https://www.govinfo.gov/content/pkg/CHRG-112shrg77375/pdf/CHRG-112shrg77375.pdf","8.6 MB","https://www.govinfo.gov/content/pkg/CHRG-112shrg77375/html/CHRG-112shrg77375.htm","947.0 KB","","0 B","","0 B","","0 B"," TWELFTH CONGRESS SECOND SESSION MAY 23, JUNE 14, AND JUNE 28, 2012 Printed for the use of the Committee on Foreign Relations Available via the World Wide Web: http://www.gpo.gov/fdsys/ THE LAW OF THE SEA CONVENTION (TREATY DOC. 103-39) S. Hrg. 112-654 THE LAW OF THE SEA CONVENTION (TREATY DOC. 103-39) HEARINGS BEFORE THE COMMITTEE ON FOREIGN ...","","2012-05-23"
"303","Congressional Hearings","CHRG-112shrg76688","CHRG-112shrg76688","NATO: Chicago and Beyond","https://www.govinfo.gov/app/details/CHRG-112shrg76688/CHRG-112shrg76688","https://www.govinfo.gov/content/pkg/CHRG-112shrg76688/pdf/CHRG-112shrg76688.pdf","290.9 KB","https://www.govinfo.gov/content/pkg/CHRG-112shrg76688/html/CHRG-112shrg76688.htm","277.6 KB","","0 B","","0 B","","0 B"," MAY 10, 2012 Printed for the use of the Committee on Foreign Relations Available via the World Wide Web: http://www.gpo.gov/fdsys/ U.S. GOVERNMENT PRINTING OFFICE 76-688 WASHINGTON : 2012 For sale by the Superintendent of Documents, U.S. Government Printing Office, http://bookstore.gpo.gov. For more information, contact the GPO Customer ...","","2012-05-10"
"304","Congressional Hearings","CHRG-112shrg75418","CHRG-112shrg75418","U.S. Policy on Burma","https://www.govinfo.gov/app/details/CHRG-112shrg75418/CHRG-112shrg75418","https://www.govinfo.gov/content/pkg/CHRG-112shrg75418/pdf/CHRG-112shrg75418.pdf","231.5 KB","https://www.govinfo.gov/content/pkg/CHRG-112shrg75418/html/CHRG-112shrg75418.htm","188.1 KB","","0 B","","0 B","","0 B"," SENATE ONE HUNDRED TWELFTH CONGRESS SECOND SESSION APRIL 26, 2012 Printed for the use of the Committee on Foreign Relations Available via the World Wide Web: http://www.gpo.gov/fdsys/ U.S. GOVERNMENT PRINTING OFFICE 75-418 PDF WASHINGTON : 2012 For sale by the Superintendent of Documents, U.S. Government Printing Office Internet: ...","","2012-04-26"
"305","Congressional Hearings","CHRG-112shrg75023","CHRG-112shrg75023","U.S. Policy to Counter the Lord's Resistance Army","https://www.govinfo.gov/app/details/CHRG-112shrg75023/CHRG-112shrg75023","https://www.govinfo.gov/content/pkg/CHRG-112shrg75023/pdf/CHRG-112shrg75023.pdf","235.4 KB","https://www.govinfo.gov/content/pkg/CHRG-112shrg75023/html/CHRG-112shrg75023.htm","191.9 KB","","0 B","","0 B","","0 B"," UNITED STATES SENATE ONE HUNDRED TWELFTH CONGRESS SECOND SESSION APRIL 24, 2012 Printed for the use of the Committee on Foreign Relations Available via the World Wide Web: http://www.gpo.gov/fdsys/ U.S. GOVERNMENT PRINTING OFFICE 75-023 PDF WASHINGTON : 2012 For sale by the Superintendent of Documents, U.S. Government Printing Office Internet...","","2012-04-24"
"306","Congressional Hearings","CHRG-112shrg75417","CHRG-112shrg75417","Syria: U.S. Policy Options","https://www.govinfo.gov/app/details/CHRG-112shrg75417/CHRG-112shrg75417","https://www.govinfo.gov/content/pkg/CHRG-112shrg75417/pdf/CHRG-112shrg75417.pdf","200.5 KB","https://www.govinfo.gov/content/pkg/CHRG-112shrg75417/html/CHRG-112shrg75417.htm","131.5 KB","","0 B","","0 B","","0 B"," SESSION APRIL 19, 2012 Printed for the use of the Committee on Foreign Relations Available via the World Wide Web: http://www.gpo.gov/fdsys/ U.S. GOVERNMENT PRINTING OFFICE 75-417 PDF WASHINGTON : 2012 For sale by the Superintendent of Documents, U.S. Government Printing Office Internet: bookstore.gpo.gov Phone: toll free (866) 512-1800; DC area (...","","2012-04-19"
"307","Congressional Hearings","CHRG-112shrg75022","CHRG-112shrg75022","Examining the U.S. Policy Response to Entrenched African Leadership","https://www.govinfo.gov/app/details/CHRG-112shrg75022/CHRG-112shrg75022","https://www.govinfo.gov/content/pkg/CHRG-112shrg75022/pdf/CHRG-112shrg75022.pdf","227.9 KB","https://www.govinfo.gov/content/pkg/CHRG-112shrg75022/html/CHRG-112shrg75022.htm","178.4 KB","","0 B","","0 B","","0 B"," ON FOREIGN RELATIONS UNITED STATES SENATE ONE HUNDRED TWELFTH CONGRESS SECOND SESSION APRIL 18, 2012 Printed for the use of the Committee on Foreign Relations Available via the World Wide Web: http://www.gpo.gov/fdsys/ U.S. GOVERNMENT PRINTING OFFICE 75-022 WASHINGTON : 2012 For sale by the Superintendent of Documents, U.S. Government Printing ...","","2012-04-18"
"308","Congressional Hearings","CHRG-112shrg77372","CHRG-112shrg77372","A Closer Look at Nigeria: Security, Governance, and Trade","https://www.govinfo.gov/app/details/CHRG-112shrg77372/CHRG-112shrg77372","https://www.govinfo.gov/content/pkg/CHRG-112shrg77372/pdf/CHRG-112shrg77372.pdf","179.5 KB","https://www.govinfo.gov/content/pkg/CHRG-112shrg77372/html/CHRG-112shrg77372.htm","106.0 KB","","0 B","","0 B","","0 B"," RELATIONS UNITED STATES SENATE ONE HUNDRED TWELFTH CONGRESS SECOND SESSION MARCH 29, 2012 Printed for the use of the Committee on Foreign Relations Available via the World Wide Web: http://www.gpo.gov/fdsys/ U.S. GOVERNMENT PRINTING OFFICE 77-372 WASHINGTON : 2012 For sale by the Superintendent of Documents, U.S. Government Printing Office, ...","","2012-03-29"
"309","Congressional Hearings","CHRG-112shrg75021","CHRG-112shrg75021","High Stakes and Hard Choices: U.S. Policy on Iran","https://www.govinfo.gov/app/details/CHRG-112shrg75021/CHRG-112shrg75021","https://www.govinfo.gov/content/pkg/CHRG-112shrg75021/pdf/CHRG-112shrg75021.pdf","203.9 KB","https://www.govinfo.gov/content/pkg/CHRG-112shrg75021/html/CHRG-112shrg75021.htm","141.4 KB","","0 B","","0 B","","0 B","TWELFTH CONGRESS SECOND SESSION MARCH 28, 2012 Printed for the use of the Committee on Foreign Relations Available via the World Wide Web: http://www.gpo.gov/fdsys/ U.S. GOVERNMENT PRINTING OFFICE 75-021 WASHINGTON : 2012 For sale by the Superintendent of Documents, U.S. Government Printing Office Internet: bookstore.gpo.gov Phone: toll free (866) ...","","2012-03-28"
"310","Congressional Hearings","CHRG-112shrg75020","CHRG-112shrg75020","Sudan and South Sudan: Independence and Insecurity","https://www.govinfo.gov/app/details/CHRG-112shrg75020/CHRG-112shrg75020","https://www.govinfo.gov/content/pkg/CHRG-112shrg75020/pdf/CHRG-112shrg75020.pdf","248.0 KB","https://www.govinfo.gov/content/pkg/CHRG-112shrg75020/html/CHRG-112shrg75020.htm","204.5 KB","","0 B","","0 B","","0 B"," TWELFTH CONGRESS SECOND SESSION MARCH 14, 2012 Printed for the use of the Committee on Foreign Relations Available via the World Wide Web: http://www.gpo.gov/fdsys/ U.S. GOVERNMENT PRINTING OFFICE 75-020 PDF WASHINGTON : 2012 For sale by the Superintendent of Documents, U.S. Government Printing Office Internet: bookstore.gpo.gov Phone: toll free (...","","2012-03-14"
"311","Congressional Hearings","CHRG-112shrg76687","CHRG-112shrg76687","International Development Priorities in the Fiscal Year 2013 Budget","https://www.govinfo.gov/app/details/CHRG-112shrg76687/CHRG-112shrg76687","https://www.govinfo.gov/content/pkg/CHRG-112shrg76687/pdf/CHRG-112shrg76687.pdf","320.7 KB","https://www.govinfo.gov/content/pkg/CHRG-112shrg76687/html/CHRG-112shrg76687.htm","329.2 KB","","0 B","","0 B","","0 B"," ONE HUNDRED TWELFTH CONGRESS SECOND SESSION MARCH 6, 2012 Printed for the use of the Committee on Foreign Relations [GRAPHIC(S) NOT AVAILABLE IN TIFF FORMAT] Available via the World Wide Web: http://www.gpo.gov/fdsys/ U.S. GOVERNMENT PRINTING OFFICE 76-687 PDF WASHINGTON : 2012 For sale by the Superintendent of Documents, U.S. Government ...","","2012-03-06"
"312","Congressional Hearings","CHRG-112shrg75019","CHRG-112shrg75019","Syria: The Crisis and Its Implications","https://www.govinfo.gov/app/details/CHRG-112shrg75019/CHRG-112shrg75019","https://www.govinfo.gov/content/pkg/CHRG-112shrg75019/pdf/CHRG-112shrg75019.pdf","213.8 KB","https://www.govinfo.gov/content/pkg/CHRG-112shrg75019/html/CHRG-112shrg75019.htm","156.0 KB","","0 B","","0 B","","0 B"," SECOND SESSION MARCH 1, 2012 Printed for the use of the Committee on Foreign Relations Available via the World Wide Web: http://www.gpo.gov/fdsys/ U.S. GOVERNMENT PRINTING OFFICE 75-019 WASHINGTON : 2012 For sale by the Superintendent of Documents, U.S. Government Printing Office, http://bookstore.gpo.gov. For more information, contact the ...","","2012-03-01"
"313","Congressional Hearings","CHRG-112shrg76686","CHRG-112shrg76686","National Security and Foreign Policy Priorities in the FY 2013 International Affairs Budget","https://www.govinfo.gov/app/details/CHRG-112shrg76686/CHRG-112shrg76686","https://www.govinfo.gov/content/pkg/CHRG-112shrg76686/pdf/CHRG-112shrg76686.pdf","531.2 KB","https://www.govinfo.gov/content/pkg/CHRG-112shrg76686/html/CHRG-112shrg76686.htm","681.9 KB","","0 B","","0 B","","0 B"," UNITED STATES SENATE ONE HUNDRED TWELFTH CONGRESS SECOND SESSION FEBRUARY 28, 2012 Printed for the use of the Committee on Foreign Relations [GRAPHIC(S) NOT AVAILABLE IN TIFF FORMAT] Available via the World Wide Web: http://www.gpo.gov/fdsys/ U.S. GOVERNMENT PRINTING OFFICE 86-686 PDF WASHINGTON : 2012 For sale by the Superintendent of ...","","2012-02-28"
"314","Congressional Hearings","CHRG-112shrg73922","CHRG-112shrg73922","Iran's Influence and Activity in Latin America","https://www.govinfo.gov/app/details/CHRG-112shrg73922/CHRG-112shrg73922","https://www.govinfo.gov/content/pkg/CHRG-112shrg73922/pdf/CHRG-112shrg73922.pdf","617.8 KB","https://www.govinfo.gov/content/pkg/CHRG-112shrg73922/html/CHRG-112shrg73922.htm","216.8 KB","","0 B","","0 B","","0 B"," AFFAIRS OF THE COMMITTEE ON FOREIGN RELATIONS UNITED STATES SENATE ONE HUNDRED TWELFTH CONGRESS SECOND SESSION FEBRUARY 16, 2012 Printed for the use of the Committee on Foreign Relations Available via the World Wide Web: http://www.gpo.gov/fdsys/ U.S. GOVERNMENT PRINTING OFFICE 73-922 PDF WASHINGTON : 2012 For sale by the Superintendent of ...","","2012-02-16"
"315","Congressional Hearings","CHRG-112shrg79797","CHRG-112shrg79797","NOMINATIONS OF THE 112TH CONGRESS—SECOND SESSION","https://www.govinfo.gov/app/details/CHRG-112shrg79797/CHRG-112shrg79797","https://www.govinfo.gov/content/pkg/CHRG-112shrg79797/pdf/CHRG-112shrg79797.pdf","1.7 MB","https://www.govinfo.gov/content/pkg/CHRG-112shrg79797/html/CHRG-112shrg79797.htm","2.4 MB","","0 B","","0 B","","0 B"," TWELFTH CONGRESS SECOND SESSION FEBRUARY 7 THROUGH NOVEMBER 28, 2012 Printed for the use of the Committee on Foreign Relations Available via the World Wide Web: http://www.gpo.gov/fdsys/ S. Hrg. 112-735 NOMINATIONS OF THE 112TH CONGRESS--SECOND SESSION HEARINGS BEFORE THE COMMITTEE ON FOREIGN RELATIONS UNITED STATES SENATE ONE HUNDRED TWELFTH ...","","2012-02-07"
"316","Congressional Hearings","CHRG-112shrg75018","CHRG-112shrg75018","Ukraine at a Crossroads: What's at Stake for the U.S. and Europe?","https://www.govinfo.gov/app/details/CHRG-112shrg75018/CHRG-112shrg75018","https://www.govinfo.gov/content/pkg/CHRG-112shrg75018/pdf/CHRG-112shrg75018.pdf","4.0 MB","https://www.govinfo.gov/content/pkg/CHRG-112shrg75018/html/CHRG-112shrg75018.htm","215.2 KB","","0 B","","0 B","","0 B"," ON FOREIGN RELATIONS UNITED STATES SENATE ONE HUNDRED TWELFTH CONGRESS SECOND SESSION FEBRUARY 1, 2012 Printed for the use of the Committee on Foreign Relations Available via the World Wide Web: http://www.gpo.gov/fdsys/ U.S. GOVERNMENT PRINTING OFFICE 75-018 WASHINGTON : 2012 For sale by the Superintendent of Documents, U.S. Government Printing ...","","2012-02-01"
"317","Congressional Hearings","CHRG-112shrg73934","CHRG-112shrg73934","The U.S.-Caribbean Shared Security Partnership: Responding to the Growth of Trafficking and Narcotics in the Caribbean","https://www.govinfo.gov/app/details/CHRG-112shrg73934/CHRG-112shrg73934","https://www.govinfo.gov/content/pkg/CHRG-112shrg73934/pdf/CHRG-112shrg73934.pdf","3.7 MB","https://www.govinfo.gov/content/pkg/CHRG-112shrg73934/html/CHRG-112shrg73934.htm","190.8 KB","","0 B","","0 B","","0 B"," THE SUBCOMMITTEE ON WESTERN HEMISPHERE, PEACE CORPS, AND GLOBAL NARCOTICS AFFAIRS OF THE COMMITTEE ON FOREIGN RELATIONS UNITED STATES SENATE ONE HUNDRED TWELFTH CONGRESS FIRST SESSION DECEMBER 15, 2011 Printed for the use of the Committee on Foreign Relations Available via the World Wide Web: http://www.gpo.gov/fdsys/ U.S. GOVERNMENT PRINTING ...","","2011-12-15"
"318","Congressional Hearings","CHRG-112shrg73921","CHRG-112shrg73921","Improving Governance in the Democratic Republic of Congo","https://www.govinfo.gov/app/details/CHRG-112shrg73921/CHRG-112shrg73921","https://www.govinfo.gov/content/pkg/CHRG-112shrg73921/pdf/CHRG-112shrg73921.pdf","2.1 MB","https://www.govinfo.gov/content/pkg/CHRG-112shrg73921/html/CHRG-112shrg73921.htm","188.3 KB","","0 B","","0 B","","0 B"," RELATIONS UNITED STATES SENATE ONE HUNDRED TWELFTH CONGRESS FIRST SESSION DECEMBER 15, 2011 Printed for the use of the Committee on Foreign Relations Available via the World Wide Web: http://www.gpo.gov/fdsys/ U.S. GOVERNMENT PRINTING OFFICE 73-921 WASHINGTON : 2012 For sale by the Superintendent of Documents, U.S. Government Printing Office ...","","2011-12-15"
"319","Congressional Hearings","CHRG-112shrg73919","CHRG-112shrg73919","the State of Human Rights and the Rule of Law in Russia: U.S. Policy Options","https://www.govinfo.gov/app/details/CHRG-112shrg73919/CHRG-112shrg73919","https://www.govinfo.gov/content/pkg/CHRG-112shrg73919/pdf/CHRG-112shrg73919.pdf","1.8 MB","https://www.govinfo.gov/content/pkg/CHRG-112shrg73919/html/CHRG-112shrg73919.htm","202.3 KB","","0 B","","0 B","","0 B"," THE COMMITTEE ON FOREIGN RELATIONS UNITED STATES SENATE ONE HUNDRED TWELFTH CONGRESS FIRST SESSION DECEMBER 14, 2011 Printed for the use of the Committee on Foreign Relations Available via the World Wide Web: http://www.gpo.gov/fdsys/ U.S. GOVERNMENT PRINTING OFFICE 73-919 WASHINGTON : 2012 For sale by the Superintendent of Documents, U.S. ...","","2011-12-14"
"320","Congressional Hearings","CHRG-112shrg73918","CHRG-112shrg73918","U.S. Strategic Objectives Towards Iran","https://www.govinfo.gov/app/details/CHRG-112shrg73918/CHRG-112shrg73918","https://www.govinfo.gov/content/pkg/CHRG-112shrg73918/pdf/CHRG-112shrg73918.pdf","247.3 KB","https://www.govinfo.gov/content/pkg/CHRG-112shrg73918/html/CHRG-112shrg73918.htm","161.2 KB","","0 B","","0 B","","0 B"," FIRST SESSION DECEMBER 1, 2011 Printed for the use of the Committee on Foreign Relations Available via the World Wide Web: http://www.gpo.gov/fdsys/ U.S. GOVERNMENT PRINTING OFFICE 73-918 WASHINGTON : 2012 For sale by the Superintendent of Documents, U.S. Government Printing Office Internet: bookstore.gpo.gov Phone: toll free (866) 512-1800; ...","","2011-12-01"
"321","Congressional Hearings","CHRG-112shrg73917","CHRG-112shrg73917","U.S. Policy in Syria","https://www.govinfo.gov/app/details/CHRG-112shrg73917/CHRG-112shrg73917","https://www.govinfo.gov/content/pkg/CHRG-112shrg73917/pdf/CHRG-112shrg73917.pdf","242.0 KB","https://www.govinfo.gov/content/pkg/CHRG-112shrg73917/html/CHRG-112shrg73917.htm","199.0 KB","","0 B","","0 B","","0 B","RELATIONS UNITED STATES SENATE ONE HUNDRED TWELFTH CONGRESS FIRST SESSION NOVEMBER 9, 2011 Printed for the use of the Committee on Foreign Relations Available via the World Wide Web: http://www.gpo.gov/fdsys/ U.S. GOVERNMENT PRINTING OFFICE 73-917 PDF WASHINGTON : 2012 For sale by the Superintendent of Documents, U.S. Government Printing Office ...","","2011-11-09"
"322","Congressional Hearings","CHRG-112shrg72399","CHRG-112shrg72399","Women and the Arab Spring","https://www.govinfo.gov/app/details/CHRG-112shrg72399/CHRG-112shrg72399","https://www.govinfo.gov/content/pkg/CHRG-112shrg72399/pdf/CHRG-112shrg72399.pdf","5.4 MB","https://www.govinfo.gov/content/pkg/CHRG-112shrg72399/html/CHRG-112shrg72399.htm","257.7 KB","","0 B","","0 B","","0 B",", AND GLOBAL WOMEN'S ISSUES AND THE SUBCOMMITTEE ON NEAR EASTERN AND SOUTH AND CENTRAL ASIAN AFFAIRS OF THE COMMITTEE ON FOREIGN RELATIONS UNITED STATES SENATE ONE HUNDRED TWELFTH CONGRESS 0FIRST SESSION NOVEMBER 2, 2011 Printed for the use of the Committee on Foreign Relations Available via the World Wide Web: http://www.gpo.gov/fdsys/ U.S. ...","","2011-11-02"
"323","Congressional Hearings","CHRG-112shrg72398","CHRG-112shrg72398","The European Debt Crisis: Strategic Implications for the Transatlantic Alliance","https://www.govinfo.gov/app/details/CHRG-112shrg72398/CHRG-112shrg72398","https://www.govinfo.gov/content/pkg/CHRG-112shrg72398/pdf/CHRG-112shrg72398.pdf","4.9 MB","https://www.govinfo.gov/content/pkg/CHRG-112shrg72398/html/CHRG-112shrg72398.htm","183.0 KB","","0 B","","0 B","","0 B"," THE COMMITTEE ON FOREIGN RELATIONS UNITED STATES SENATE ONE HUNDRED TWELFTH CONGRESS FIRST SESSION NOVEMBER 2, 2011 Printed for the use of the Committee on Foreign Relations Available via the World Wide Web: http://www.gpo.gov/fdsys/ U.S. GOVERNMENT PRINTING OFFICE 72-398 WASHINGTON : 2012 For sale by the Superintendent of Documents, U.S. ...","","2011-11-02"
"324","Congressional Hearings","CHRG-112shrg72397","CHRG-112shrg72397","China's Role in Africa: Implications for U.S. Policy","https://www.govinfo.gov/app/details/CHRG-112shrg72397/CHRG-112shrg72397","https://www.govinfo.gov/content/pkg/CHRG-112shrg72397/pdf/CHRG-112shrg72397.pdf","356.0 KB","https://www.govinfo.gov/content/pkg/CHRG-112shrg72397/html/CHRG-112shrg72397.htm","182.8 KB","","0 B","","0 B","","0 B"," UNITED STATES SENATE ONE HUNDRED TWELFTH CONGRESS FIRST SESSION NOVEMBER 1, 2011 Printed for the use of the Committee on Foreign Relations Available via the World Wide Web: http://www.gpo.gov/fdsys/ U.S. GOVERNMENT PRINTING OFFICE 72-397 WASHINGTON : 2012 For sale by the Superintendent of Documents, U.S. Government Printing Office, http://...","","2011-11-01"
"325","Congressional Hearings","CHRG-112shrg72395","CHRG-112shrg72395","Peace Corps, the Next 50 Years","https://www.govinfo.gov/app/details/CHRG-112shrg72395/CHRG-112shrg72395","https://www.govinfo.gov/content/pkg/CHRG-112shrg72395/pdf/CHRG-112shrg72395.pdf","283.1 KB","https://www.govinfo.gov/content/pkg/CHRG-112shrg72395/html/CHRG-112shrg72395.htm","255.4 KB","","0 B","","0 B","","0 B"," COMMITTEE ON FOREIGN RELATIONS UNITED STATES SENATE ONE HUNDRED TWELFTH CONGRESS FIRST SESSION OCTOBER 6, 2011 Printed for the use of the Committee on Foreign Relations Available via the World Wide Web: http://www.gpo.gov/fdsys/ U.S. GOVERNMENT PRINTING OFFICE 72-395 WASHINGTON : 2012 For sale by the Superintendent of Documents, U.S. Government ...","","2011-10-06"
"326","Congressional Hearings","CHRG-112shrg72394","CHRG-112shrg72394","Afghanistan: Right Sizing the Development Footprint","https://www.govinfo.gov/app/details/CHRG-112shrg72394/CHRG-112shrg72394","https://www.govinfo.gov/content/pkg/CHRG-112shrg72394/pdf/CHRG-112shrg72394.pdf","201.0 KB","https://www.govinfo.gov/content/pkg/CHRG-112shrg72394/html/CHRG-112shrg72394.htm","130.4 KB","","0 B","","0 B","","0 B",", ECONOMIC AFFAIRS, AND INTERNATIONAL ENVIRONMENTAL PROTECTION OF THE COMMITTEE ON FOREIGN RELATIONS UNITED STATES SENATE ONE HUNDRED TWELFTH CONGRESS FIRST SESSION SEPTEMBER 8, 2011 Printed for the use of the Committee on Foreign Relations Available via the World Wide Web: http://www.gpo.gov/fdsys/ U.S. GOVERNMENT PRINTING OFFICE 72-394 PDF ...","","2011-09-08"
"327","Congressional Hearings","CHRG-112shrg72393","CHRG-112shrg72393","Responding to Drought and Famine in the Horn of Africa","https://www.govinfo.gov/app/details/CHRG-112shrg72393/CHRG-112shrg72393","https://www.govinfo.gov/content/pkg/CHRG-112shrg72393/pdf/CHRG-112shrg72393.pdf","1.4 MB","https://www.govinfo.gov/content/pkg/CHRG-112shrg72393/html/CHRG-112shrg72393.htm","246.6 KB","","0 B","","0 B","","0 B"," RELATIONS UNITED STATES SENATE ONE HUNDRED TWELFTH CONGRESS FIRST SESSION AUGUST 3, 2011 Printed for the use of the Committee on Foreign Relations Available via the World Wide Web: http://www.gpo.gov/fdsys/ _____ U.S. GOVERNMENT PRINTING OFFICE 72-393 PDF WASHINGTON : 2012 For sale by the Superintendent of Documents, U.S. Government Printing ...","","2011-08-03"
"328","Congressional Hearings","CHRG-112shrg73916","CHRG-112shrg73916","U.S. Policy in Yemen","https://www.govinfo.gov/app/details/CHRG-112shrg73916/CHRG-112shrg73916","https://www.govinfo.gov/content/pkg/CHRG-112shrg73916/pdf/CHRG-112shrg73916.pdf","228.8 KB","https://www.govinfo.gov/content/pkg/CHRG-112shrg73916/html/CHRG-112shrg73916.htm","181.6 KB","","0 B","","0 B","","0 B","RELATIONS UNITED STATES SENATE ONE HUNDRED TWELFTH CONGRESS FIRST SESSION JULY 19, 2011 Printed for the use of the Committee on Foreign Relations Available via the World Wide Web: http://www.gpo.gov/fdsys/ U.S. GOVERNMENT PRINTING OFFICE 73-916 PDF WASHINGTON : 2012 For sale by the Superintendent of Documents, U.S. Government Printing Office ...","","2011-07-19"
"329","Congressional Hearings","CHRG-112shrg68225","CHRG-112shrg68225","Two New Sudans: A Roadmap Forward","https://www.govinfo.gov/app/details/CHRG-112shrg68225/CHRG-112shrg68225","https://www.govinfo.gov/content/pkg/CHRG-112shrg68225/pdf/CHRG-112shrg68225.pdf","201.7 KB","https://www.govinfo.gov/content/pkg/CHRG-112shrg68225/html/CHRG-112shrg68225.htm","138.9 KB","","0 B","","0 B","","0 B","FIRST SESSION JULY 14, 2011 Printed for the use of the Committee on Foreign Relations Available via the World Wide Web: http://www.fdsys.gov U.S. GOVERNMENT PRINTING OFFICE 68-225 PDF WASHINGTON : 2011 For sale by the Superintendent of Documents, U.S. Government Printing Office Internet: bookstore.gpo.gov Phone: toll free (866) 512-1800; DC area (...","","2011-07-14"
"330","Congressional Hearings","CHRG-112shrg68242","CHRG-112shrg68242","The State of Democracy in the Americas","https://www.govinfo.gov/app/details/CHRG-112shrg68242/CHRG-112shrg68242","https://www.govinfo.gov/content/pkg/CHRG-112shrg68242/pdf/CHRG-112shrg68242.pdf","253.2 KB","https://www.govinfo.gov/content/pkg/CHRG-112shrg68242/html/CHRG-112shrg68242.htm","215.0 KB","","0 B","","0 B","","0 B"," OF THE COMMITTEE ON FOREIGN RELATIONS UNITED STATES SENATE ONE HUNDRED TWELFTH CONGRESS FIRST SESSION JUNE 30, 2011 Printed for the use of the Committee on Foreign Relations Available via the World Wide Web: http://www.fdsys.gov U.S. GOVERNMENT PRINTING OFFICE 68-242 PDF WASHINGTON : 2011 For sale by the Superintendent of Documents, U.S. ...","","2011-06-30"
"331","Congressional Hearings","CHRG-112shrg68241","CHRG-112shrg68241","Libya and War Powers","https://www.govinfo.gov/app/details/CHRG-112shrg68241/CHRG-112shrg68241","https://www.govinfo.gov/content/pkg/CHRG-112shrg68241/pdf/CHRG-112shrg68241.pdf","273.7 KB","https://www.govinfo.gov/content/pkg/CHRG-112shrg68241/html/CHRG-112shrg68241.htm","249.0 KB","","0 B","","0 B","","0 B"," JUNE 28, 2011 Printed for the use of the Committee on Foreign Relations Available via the World Wide Web: http://www.gpo.gov/fdsys/ U.S. GOVERNMENT PRINTING OFFICE 68-241 WASHINGTON : 2011 For sale by the Superintendent of Documents, U.S. Government Printing Office Internet: bookstore.gpo.gov Phone: toll free (866) 512-1800; DC area (202) 512-1800...","","2011-06-28"
"332","Congressional Hearings","CHRG-112shrg67893","CHRG-112shrg67893","Rebuilding Haiti in the Martelly Era","https://www.govinfo.gov/app/details/CHRG-112shrg67893/CHRG-112shrg67893","https://www.govinfo.gov/content/pkg/CHRG-112shrg67893/pdf/CHRG-112shrg67893.pdf","798.9 KB","https://www.govinfo.gov/content/pkg/CHRG-112shrg67893/html/CHRG-112shrg67893.htm","235.5 KB","","0 B","","0 B","","0 B","AFFAIRS AND THE SUBCOMMITTEE ON INTERNATIONAL DEVELOPMENT AND FOREIGN ASSISTANCE, ECONOMIC AFFAIRS, AND INTERNATIONAL ENVIRONMENTAL PROTECTION OF THE COMMITTEE ON FOREIGN RELATIONS UNITED STATES SENATE ONE HUNDRED TWELFTH CONGRESS FIRST SESSION JUNE 23, 2011 Printed for the use of the Committee on Foreign Relations Available via the World Wide Web:...","","2011-06-23"
"333","Congressional Hearings","CHRG-112shrg68326","CHRG-112shrg68326","Evaluating Goals and Progress in Afghanistan and Pakistan","https://www.govinfo.gov/app/details/CHRG-112shrg68326/CHRG-112shrg68326","https://www.govinfo.gov/content/pkg/CHRG-112shrg68326/pdf/CHRG-112shrg68326.pdf","1.1 MB","https://www.govinfo.gov/content/pkg/CHRG-112shrg68326/html/CHRG-112shrg68326.htm","202.9 KB","","0 B","","0 B","","0 B","HUNDRED TWELFTH CONGRESS FIRST SESSION JUNE 23, 2011 Printed for the use of the Committee on Foreign Relations Available via the World Wide Web: http://www.fdsys.gov U.S. GOVERNMENT PRINTING OFFICE 68-326 PDF WASHINGTON : 2011 For sale by the Superintendent of Documents, U.S. Government Printing Office Internet: bookstore.gpo.gov Phone: toll free (...","","2011-06-23"
"334","Congressional Hearings","CHRG-112shrg68224","CHRG-112shrg68224","Nomination of Ryan C. Crocker","https://www.govinfo.gov/app/details/CHRG-112shrg68224/CHRG-112shrg68224","https://www.govinfo.gov/content/pkg/CHRG-112shrg68224/pdf/CHRG-112shrg68224.pdf","180.5 KB","https://www.govinfo.gov/content/pkg/CHRG-112shrg68224/html/CHRG-112shrg68224.htm","102.2 KB","","0 B","","0 B","","0 B"," SESSION JUNE 8, 2011 Printed for the use of the Committee on Foreign Relations Available via the World Wide Web: http://www.fdsys.gov U.S. GOVERNMENT PRINTING OFFICE 68-224 WASHINGTON : 2011 For sale by the Superintendent of Documents, U.S. Government Printing Office, http://bookstore.gpo.gov. For more information, contact the GPO Customer ...","","2011-06-08"
"335","Congressional Hearings","CHRG-112shrg68223","CHRG-112shrg68223","Nomination of William J. Burns","https://www.govinfo.gov/app/details/CHRG-112shrg68223/CHRG-112shrg68223","https://www.govinfo.gov/content/pkg/CHRG-112shrg68223/pdf/CHRG-112shrg68223.pdf","238.7 KB","https://www.govinfo.gov/content/pkg/CHRG-112shrg68223/html/CHRG-112shrg68223.htm","198.0 KB","","0 B","","0 B","","0 B"," SESSION MAY 24, 2011 Printed for the use of the Committee on Foreign Relations Available via the World Wide Web: http://www.fdsys.gov U.S. GOVERNMENT PRINTING OFFICE 68-223 WASHINGTON : 2011 For sale by the Superintendent of Documents, U.S. Government Printing Office, http://bookstore.gpo.gov. For more information, contact the GPO Customer ...","","2011-05-24"
"336","Congressional Hearings","CHRG-112shrg67892","CHRG-112shrg67892","AL Qaeda, the Taliban, and Other Extremists Groups in Afghanistan and Pakistan","https://www.govinfo.gov/app/details/CHRG-112shrg67892/CHRG-112shrg67892","https://www.govinfo.gov/content/pkg/CHRG-112shrg67892/pdf/CHRG-112shrg67892.pdf","2.1 MB","https://www.govinfo.gov/content/pkg/CHRG-112shrg67892/html/CHRG-112shrg67892.htm","216.1 KB","","0 B","","0 B","","0 B"," STATES SENATE ONE HUNDRED TWELFTH CONGRESS FIRST SESSION MAY 24, 2011 Printed for the use of the Committee on Foreign Relations Available via the World Wide Web: http://www.fdsys.gov U.S. GOVERNMENT PRINTING OFFICE 67-892 PDF WASHINGTON : 2011 For sale by the Superintendent of Documents, U.S. Government Printing Office Internet: bookstore.gpo.gov...","","2011-05-24"
"337","Congressional Hearings","CHRG-112shrg73914","CHRG-112shrg73914","Next Steps in Cote D'Ivoire","https://www.govinfo.gov/app/details/CHRG-112shrg73914/CHRG-112shrg73914","https://www.govinfo.gov/content/pkg/CHRG-112shrg73914/pdf/CHRG-112shrg73914.pdf","258.4 KB","https://www.govinfo.gov/content/pkg/CHRG-112shrg73914/html/CHRG-112shrg73914.htm","223.9 KB","","0 B","","0 B","","0 B"," ONE HUNDRED TWELFTH CONGRESS FIRST SESSION MAY 19, 2011 Printed for the use of the Committee on Foreign Relations Available via the World Wide Web: http://www.gpo.gov/fdsys/ U.S. GOVERNMENT PRINTING OFFICE 73-914 PDF WASHINGTON : 2012 For sale by the Superintendent of Documents, U.S. Government Printing Office Internet: bookstore.gpo.gov Phone...","","2011-05-19"
"338","Congressional Hearings","CHRG-112shrg68222","CHRG-112shrg68222","Administration Priorities for Europe in the 112th Congress","https://www.govinfo.gov/app/details/CHRG-112shrg68222/CHRG-112shrg68222","https://www.govinfo.gov/content/pkg/CHRG-112shrg68222/pdf/CHRG-112shrg68222.pdf","1.4 MB","https://www.govinfo.gov/content/pkg/CHRG-112shrg68222/html/CHRG-112shrg68222.htm","146.8 KB","","0 B","","0 B","","0 B"," RELATIONS UNITED STATES SENATE ONE HUNDRED TWELFTH CONGRESS FIRST SESSION MAY 18, 2011 Printed for the use of the Committee on Foreign Relations Available via the World Wide Web: http://www.fdsys.gov U.S. GOVERNMENT PRINTING OFFICE 68-222 WASHINGTON : 2011 For sale by the Superintendent of Documents, U.S. Government Printing Office Internet: ...","","2011-05-18"
"339","Congressional Hearings","CHRG-112shrg67891","CHRG-112shrg67891","Strategic Implications of Pakistan and the Region","https://www.govinfo.gov/app/details/CHRG-112shrg67891/CHRG-112shrg67891","https://www.govinfo.gov/content/pkg/CHRG-112shrg67891/pdf/CHRG-112shrg67891.pdf","182.1 KB","https://www.govinfo.gov/content/pkg/CHRG-112shrg67891/html/CHRG-112shrg67891.htm","101.0 KB","","0 B","","0 B","","0 B"," CONGRESS FIRST SESSION MAY 17, 2011 Printed for the use of the Committee on Foreign Relations Available via the World Wide Web: http://www.fdsys.gov U.S. GOVERNMENT PRINTING OFFICE 67-891 PDF WASHINGTON : 2011 For sale by the Superintendent of Documents, U.S. Government Printing Office Internet: bookstore.gpo.gov Phone: toll free (866) 512-...","","2011-05-17"
"340","Congressional Hearings","CHRG-112shrg76698","CHRG-112shrg76698","Assessing the Situation in Libya","https://www.govinfo.gov/app/details/CHRG-112shrg76698/CHRG-112shrg76698","https://www.govinfo.gov/content/pkg/CHRG-112shrg76698/pdf/CHRG-112shrg76698.pdf","179.8 KB","https://www.govinfo.gov/content/pkg/CHRG-112shrg76698/html/CHRG-112shrg76698.htm","105.5 KB","","0 B","","0 B","","0 B","FIRST SESSION MAY 12, 2011 Printed for the use of the Committee on Foreign Relations [GRAPHIC(S) NOT AVAILABLE IN TIFF FORMAT] Available via the World Wide Web: http://www.gpo.gov/fdsys/ U.S. GOVERNMENT PRINTING OFFICE 76-698 PDF WASHINGTON : 2012 For sale by the Superintendent of Documents, U.S. Government Printing Office Internet: ...","","2011-05-12"
"341","Congressional Hearings","CHRG-112shrg68325","CHRG-112shrg68325","Human Rights and Democratic Reform in Iran","https://www.govinfo.gov/app/details/CHRG-112shrg68325/CHRG-112shrg68325","https://www.govinfo.gov/content/pkg/CHRG-112shrg68325/pdf/CHRG-112shrg68325.pdf","220.0 KB","https://www.govinfo.gov/content/pkg/CHRG-112shrg68325/html/CHRG-112shrg68325.htm","158.9 KB","","0 B","","0 B","","0 B"," COMMITTEE ON FOREIGN RELATIONS UNITED STATES SENATE ONE HUNDRED TWELFTH CONGRESS FIRST SESSION MAY 11, 2011 Printed for the use of the Committee on Foreign Relations Available via the World Wide Web: http://www.fdsys.gov U.S. GOVERNMENT PRINTING OFFICE 68-325 PDF WASHINGTON : 2011 For sale by the Superintendent of Documents, U.S. Government ...","","2011-05-11"
"342","Congressional Hearings","CHRG-112shrg67890","CHRG-112shrg67890","Steps Needed for a Successful 2014 Transition in Afghanistan","https://www.govinfo.gov/app/details/CHRG-112shrg67890/CHRG-112shrg67890","https://www.govinfo.gov/content/pkg/CHRG-112shrg67890/pdf/CHRG-112shrg67890.pdf","1.1 MB","https://www.govinfo.gov/content/pkg/CHRG-112shrg67890/html/CHRG-112shrg67890.htm","241.3 KB","","0 B","","0 B","","0 B"," HUNDRED TWELFTH CONGRESS FIRST SESSION MAY 10, 2011 Printed for the use of the Committee on Foreign Relations Available via the World Wide Web: http://www.fdsys.gpo.gov U.S. GOVERNMENT PRINTING OFFICE 67-890 WASHINGTON : 2011 For sale by the Superintendent of Documents, U.S. Government Printing Office, http://bookstore.gpo.gov. For more ...","","2011-05-10"
"343","Congressional Hearings","CHRG-112shrg67889","CHRG-112shrg67889","Assessing U.S. Policy and Its Limits in Pakistan","https://www.govinfo.gov/app/details/CHRG-112shrg67889/CHRG-112shrg67889","https://www.govinfo.gov/content/pkg/CHRG-112shrg67889/pdf/CHRG-112shrg67889.pdf","243.9 KB","https://www.govinfo.gov/content/pkg/CHRG-112shrg67889/html/CHRG-112shrg67889.htm","203.8 KB","","0 B","","0 B","","0 B"," CONGRESS FIRST SESSION MAY 5, 2011 Printed for the use of the Committee on Foreign Relations Available via the World Wide Web: http://www.fdsys.gpo.gov ? U.S. GOVERNMENT PRINTING OFFICE 67-889 WASHINGTON : 2011 For sale by the Superintendent of Documents, U.S. Government Printing Office, http://bookstore.gpo.gov. For more information, contact...","","2011-05-05"
"344","Congressional Hearings","CHRG-112shrg67888","CHRG-112shrg67888","Afghanistan: What Is an Acceptable End State, and How Do We Get There","https://www.govinfo.gov/app/details/CHRG-112shrg67888/CHRG-112shrg67888","https://www.govinfo.gov/content/pkg/CHRG-112shrg67888/pdf/CHRG-112shrg67888.pdf","243.0 KB","https://www.govinfo.gov/content/pkg/CHRG-112shrg67888/html/CHRG-112shrg67888.htm","196.1 KB","","0 B","","0 B","","0 B","SENATE ONE HUNDRED TWELFTH CONGRESS FIRST SESSION MAY 3, 2011 Printed for the use of the Committee on Foreign Relations Available via the World Wide Web: http://www.fdsys.gpo.gov U.S. GOVERNMENT PRINTING OFFICE 67-888 WASHINGTON : 2011 For sale by the Superintendent of Documents, U.S. Government Printing Office, http://bookstore.gpo.gov. For more ...","","2011-05-03"
"345","Congressional Hearings","CHRG-112shrg72391","CHRG-112shrg72391","Assessing the Fiscal Year 2012 Budget for Africa","https://www.govinfo.gov/app/details/CHRG-112shrg72391/CHRG-112shrg72391","https://www.govinfo.gov/content/pkg/CHRG-112shrg72391/pdf/CHRG-112shrg72391.pdf","363.4 KB","https://www.govinfo.gov/content/pkg/CHRG-112shrg72391/html/CHRG-112shrg72391.htm","390.2 KB","","0 B","","0 B","","0 B"," UNITED STATES SENATE ONE HUNDRED TWELFTH CONGRESS FIRST SESSION APRIL 14, 2011 Printed for the use of the Committee on Foreign Relations Available via the World Wide Web: http://www.gpo.gov/fdsys/ U.S. GOVERNMENT PRINTING OFFICE 72-391 WASHINGTON : 2012 For sale by the Superintendent of Documents, U.S. Government Printing Office, http://...","","2011-04-14"
"346","Congressional Hearings","CHRG-112shrg67887","CHRG-112shrg67887","International Development Policy Priorities in the FY 2012 Budget","https://www.govinfo.gov/app/details/CHRG-112shrg67887/CHRG-112shrg67887","https://www.govinfo.gov/content/pkg/CHRG-112shrg67887/pdf/CHRG-112shrg67887.pdf","982.8 KB","https://www.govinfo.gov/content/pkg/CHRG-112shrg67887/html/CHRG-112shrg67887.htm","305.2 KB","","0 B","","0 B","","0 B"," ONE HUNDRED TWELFTH CONGRESS FIRST SESSION APRIL 13, 2011 Printed for the use of the Committee on Foreign Relations Available via the World Wide Web: http://www.fdsys.gpo.gov U.S. GOVERNMENT PRINTING OFFICE 67-887 PDF WASHINGTON : 2011 For sale by the Superintendent of Documents, U.S. Government Printing Office Internet: bookstore.gpo.gov Phone:...","","2011-04-13"
"347","Congressional Hearings","CHRG-112shrg67802","CHRG-112shrg67802","Combating Human Trafficking in Asia","https://www.govinfo.gov/app/details/CHRG-112shrg67802/CHRG-112shrg67802","https://www.govinfo.gov/content/pkg/CHRG-112shrg67802/pdf/CHRG-112shrg67802.pdf","182.7 KB","https://www.govinfo.gov/content/pkg/CHRG-112shrg67802/html/CHRG-112shrg67802.htm","110.9 KB","","0 B","","0 B","","0 B"," UNITED STATES SENATE ONE HUNDRED TWELFTH CONGRESS FIRST SESSION APRIL 7, 2011 Printed for the use of the Committee on Foreign Relations Available via the World Wide Web: http://www.fdsys.gpo.go U.S. GOVERNMENT PRINTING OFFICE 67-802 WASHINGTON : 2011 For sale by the Superintendent of Documents, U.S. Government Printing Office Internet: ...","","2011-04-07"
"348","Congressional Hearings","CHRG-112shrg67801","CHRG-112shrg67801","Perspectives on the Crisis in Libya","https://www.govinfo.gov/app/details/CHRG-112shrg67801/CHRG-112shrg67801","https://www.govinfo.gov/content/pkg/CHRG-112shrg67801/pdf/CHRG-112shrg67801.pdf","202.1 KB","https://www.govinfo.gov/content/pkg/CHRG-112shrg67801/html/CHRG-112shrg67801.htm","140.2 KB","","0 B","","0 B","","0 B"," FIRST SESSION APRIL 6, 2011 Printed for the use of the Committee on Foreign Relations Available via the World Wide Web: http://www.fdsys.gpo.gov U.S. GOVERNMENT PRINTING OFFICE 67-801 PDF WASHINGTON : 2011 For sale by the Superintendent of Documents, U.S. Government Printing Office Internet: bookstore.gpo.gov Phone: toll free (866) 512-1800; DC ...","","2011-04-06"
"349","Congressional Hearings","CHRG-112shrg67800","CHRG-112shrg67800","A Shared Responsibility: Counternarcotics and Citizen Security in the Americas","https://www.govinfo.gov/app/details/CHRG-112shrg67800/CHRG-112shrg67800","https://www.govinfo.gov/content/pkg/CHRG-112shrg67800/pdf/CHRG-112shrg67800.pdf","290.8 KB","https://www.govinfo.gov/content/pkg/CHRG-112shrg67800/html/CHRG-112shrg67800.htm","283.4 KB","","0 B","","0 B","","0 B","PEACE CORPS, AND GLOBAL NARCOTICS AFFAIRS OF THE COMMITTEE ON FOREIGN RELATIONS UNITED STATES SENATE ONE HUNDRED TWELFTH CONGRESS FIRST SESSION MARCH 31, 2011 Printed for the use of the Committee on Foreign Relations Available via the World Wide Web: http://www.fdsys.gpo.gov U.S. GOVERNMENT PRINTING OFFICE 67-800 WASHINGTON : 2011 For sale by the ...","","2011-03-31"
"350","Congressional Hearings","CHRG-112shrg73913","CHRG-112shrg73913","Assessing the Situation in Libya","https://www.govinfo.gov/app/details/CHRG-112shrg73913/CHRG-112shrg73913","https://www.govinfo.gov/content/pkg/CHRG-112shrg73913/pdf/CHRG-112shrg73913.pdf","211.4 KB","https://www.govinfo.gov/content/pkg/CHRG-112shrg73913/html/CHRG-112shrg73913.htm","148.2 KB","","0 B","","0 B","","0 B","FIRST SESSION MARCH 31, 2011 Printed for the use of the Committee on Foreign Relations [GRAPHIC(S) NOT AVAILABLE IN TIFF FORMAT] Available via the World Wide Web: http://www.gpo.gov/fdsys/ U.S. GOVERNMENT PRINTING OFFICE 73-913 PDF WASHINGTON : 2012 For sale by the Superintendent of Documents, U.S. Government Printing Office Internet: ...","","2011-03-31"
"351","Congressional Hearings","CHRG-112shrg67799","CHRG-112shrg67799","Popular Uprising in the Middle East: The Implications for U.S. Policy","https://www.govinfo.gov/app/details/CHRG-112shrg67799/CHRG-112shrg67799","https://www.govinfo.gov/content/pkg/CHRG-112shrg67799/pdf/CHRG-112shrg67799.pdf","203.1 KB","https://www.govinfo.gov/content/pkg/CHRG-112shrg67799/html/CHRG-112shrg67799.htm","137.5 KB","","0 B","","0 B","","0 B","SENATE ONE HUNDRED TWELFTH CONGRESS FIRST SESSION MARCH 17, 2011 Printed for the use of the Committee on Foreign Relations Available via the World Wide Web: http://www.fdsys.gpo.gov U.S. GOVERNMENT PRINTING OFFICE 67-799 WASHINGTON : 2011 For sale by the Superintendent of Documents, U.S. Government Printing Office Internet: bookstore.gpo.gov Phone:...","","2011-03-17"
"352","Congressional Hearings","CHRG-112shrg74273","CHRG-112shrg74273","Nominations of the 112th Congress","https://www.govinfo.gov/app/details/CHRG-112shrg74273/CHRG-112shrg74273","https://www.govinfo.gov/content/pkg/CHRG-112shrg74273/pdf/CHRG-112shrg74273.pdf","4.7 MB","https://www.govinfo.gov/content/pkg/CHRG-112shrg74273/html/CHRG-112shrg74273.htm","3.4 MB","","0 B","","0 B","","0 B","TWELFTH CONGRESS FIRST SESSION MARCH 16 THROUGH DECEMBER 8, 2011 Printed for the use of the Committee on Foreign Relations Available via the World Wide Web: http://www.gpo.gov/fdsys/ S. Hrg. 112-399 NOMINATIONS OF THE 112TH CONGRESS--FIRST SESSION HEARINGS BEFORE THE COMMITTEE ON FOREIGN RELATIONS UNITED STATES SENATE ONE HUNDRED TWELFTH CONGRESS ...","","2011-03-16"
"353","Congressional Hearings","CHRG-112shrg68221","CHRG-112shrg68221","Navigating a Turbulent Global Economy: Implications for the United States","https://www.govinfo.gov/app/details/CHRG-112shrg68221/CHRG-112shrg68221","https://www.govinfo.gov/content/pkg/CHRG-112shrg68221/pdf/CHRG-112shrg68221.pdf","560.8 KB","https://www.govinfo.gov/content/pkg/CHRG-112shrg68221/html/CHRG-112shrg68221.htm","193.4 KB","","0 B","","0 B","","0 B"," SENATE ONE HUNDRED TWELFTH CONGRESS FIRST SESSION MARCH 3, 2011 Printed for the use of the Committee on Foreign Relations Available via the World Wide Web: http://www.fdsys.gov U.S. GOVERNMENT PRINTING OFFICE 68-221 WASHINGTON : 2011 For sale by the Superintendent of Documents, U.S. Government Printing Office, http://bookstore.gpo.gov. For more...","","2011-03-03"
"354","Congressional Hearings","CHRG-112shrg73904","CHRG-112shrg73904","National Security and Foreign Policy Priorities in the Fiscal Year 2012 International Affairs Budget","https://www.govinfo.gov/app/details/CHRG-112shrg73904/CHRG-112shrg73904","https://www.govinfo.gov/content/pkg/CHRG-112shrg73904/pdf/CHRG-112shrg73904.pdf","8.6 MB","https://www.govinfo.gov/content/pkg/CHRG-112shrg73904/html/CHRG-112shrg73904.htm","799.3 KB","","0 B","","0 B","","0 B","FOREIGN RELATIONS UNITED STATES SENATE ONE HUNDRED TWELFTH CONGRESS FIRST SESSION MARCH 2, 2011 Printed for the use of the Committee on Foreign Relations Available via the World Wide Web: http://www.gpo.gov/fdsys/ U.S. GOVERNMENT PRINTING OFFICE 73-904 PDF WASHINGTON : 2012 For sale by the Superintendent of Documents, U.S. Government Printing ...","","2011-03-02"
"355","Congressional Hearings","CHRG-112shrg68240","CHRG-112shrg68240","Breaking the Cycle of North Korean Provocations","https://www.govinfo.gov/app/details/CHRG-112shrg68240/CHRG-112shrg68240","https://www.govinfo.gov/content/pkg/CHRG-112shrg68240/pdf/CHRG-112shrg68240.pdf","328.0 KB","https://www.govinfo.gov/content/pkg/CHRG-112shrg68240/html/CHRG-112shrg68240.htm","328.0 KB","","0 B","","0 B","","0 B"," CONGRESS FIRST SESSION MARCH 1, 2011 Printed for the use of the Committee on Foreign Relations Available via the World Wide Web: http://www.fdsys.gov U.S. GOVERNMENT PRINTING OFFICE 68-240 WASHINGTON : 2011 For sale by the Superintendent of Documents, U.S. Government Printing Office, http://bookstore.gpo.gov. For more information, contact the ...","","2011-03-01"
"356","Congressional Hearings","CHRG-112shrg67798","CHRG-112shrg67798","U.S. Policy Toward Latin America","https://www.govinfo.gov/app/details/CHRG-112shrg67798/CHRG-112shrg67798","https://www.govinfo.gov/content/pkg/CHRG-112shrg67798/pdf/CHRG-112shrg67798.pdf","227.3 KB","https://www.govinfo.gov/content/pkg/CHRG-112shrg67798/html/CHRG-112shrg67798.htm","184.1 KB","","0 B","","0 B","","0 B"," COMMITTEE ON FOREIGN RELATIONS UNITED STATES SENATE ONE HUNDRED TWELFTH CONGRESS FIRST SESSION FEBRUARY 17, 2011 Printed for the use of the Committee on Foreign Relations Available via the World Wide Web: http://www.fdsys.gpo.gov U.S. GOVERNMENT PRINTING OFFICE 67-798 WASHINGTON : 2011 For sale by the Superintendent of Documents, U.S. Government...","","2011-02-17"
"357","Congressional Hearings","CHRG-112shrg73903","CHRG-112shrg73903","Iraq: The Challenging Transition to a Civilian Mission","https://www.govinfo.gov/app/details/CHRG-112shrg73903/CHRG-112shrg73903","https://www.govinfo.gov/content/pkg/CHRG-112shrg73903/pdf/CHRG-112shrg73903.pdf","235.5 KB","https://www.govinfo.gov/content/pkg/CHRG-112shrg73903/html/CHRG-112shrg73903.htm","185.6 KB","","0 B","","0 B","","0 B"," TWELFTH CONGRESS FIRST SESSION FEBRUARY 1, 2011 Printed for the use of the Committee on Foreign Relations Available via the World Wide Web: http://www.gpo.gov/fdsys/ _____ U.S. GOVERNMENT PRINTING OFFICE 73-903 PDF WASHINGTON : 2012 For sale by the Superintendent of Documents, U.S. Government Printing Office Internet: bookstore.gpo.gov Phone: ...","","2011-02-01"
"358","Congressional Hearings","CHRG-112shrg67797","CHRG-112shrg67797","Crackdown in Belarus: Responding to the Lukashenko Regime","https://www.govinfo.gov/app/details/CHRG-112shrg67797/CHRG-112shrg67797","https://www.govinfo.gov/content/pkg/CHRG-112shrg67797/pdf/CHRG-112shrg67797.pdf","244.4 KB","https://www.govinfo.gov/content/pkg/CHRG-112shrg67797/html/CHRG-112shrg67797.htm","200.7 KB","","0 B","","0 B","","0 B"," RELATIONS UNITED STATES SENATE ONE HUNDRED TWELFTH CONGRESS FIRST SESSION JANUARY 27, 2011 Printed for the use of the Committee on Foreign Relations Available via the World Wide Web: http://www.fdsys.gov U.S. GOVERNMENT PRINTING OFFICE 67-797 WASHINGTON : 2011 For sale by the Superintendent of Documents, U.S. Government Printing Office Internet...","","2011-01-27"
"359","Congressional Hearings","CHRG-111shrg63237","CHRG-111shrg63237","Insert Title Here Latin America in 2010: Opportunities, Challenges and the Future of U.S. Policy in the Hemisphere","https://www.govinfo.gov/app/details/CHRG-111shrg63237/CHRG-111shrg63237","https://www.govinfo.gov/content/pkg/CHRG-111shrg63237/pdf/CHRG-111shrg63237.pdf","251.1 KB","https://www.govinfo.gov/content/pkg/CHRG-111shrg63237/html/CHRG-111shrg63237.htm","206.2 KB","","0 B","","0 B","","0 B"," COMMITTEE ON FOREIGN RELATIONS UNITED STATES SENATE ONE HUNDRED ELEVENTH CONGRESS SECOND SESSION INSERT DATE HERE deg.DECEMBER 1, 2010 Printed for the use of the Committee on Foreign Relations Available via the World Wide Web: http://www.fdsys.gpo.gov U.S. GOVERNMENT PRINTING OFFICE 63-237 PDF WASHINGTON : 2011 For sale by the Superintendent of ...","","2010-12-01"
"360","Congressional Hearings","CHRG-111shrg63236","CHRG-111shrg63236","Jamming the Ied Assembly Line: Impeding the Flow of Ammonium Nitrate in South and Central Asia","https://www.govinfo.gov/app/details/CHRG-111shrg63236/CHRG-111shrg63236","https://www.govinfo.gov/content/pkg/CHRG-111shrg63236/pdf/CHRG-111shrg63236.pdf","184.7 KB","https://www.govinfo.gov/content/pkg/CHRG-111shrg63236/html/CHRG-111shrg63236.htm","107.9 KB","","0 B","","0 B","","0 B"," EASTERN AND SOUTH AND CENTRAL ASIAN AFFAIRS OF THE COMMITTEE ON FOREIGN RELATIONS UNITED STATES SENATE ONE HUNDRED ELEVENTH CONGRESS SECOND SESSION NOVEMBER 18, 2010 Printed for the use of the Committee on Foreign Relations Available via the World Wide Web: http://www.gpoaccess.gov/congress/ index.html U.S. GOVERNMENT PRINTING OFFICE 63-236 PDF ...","","2010-11-18"
"361","Congressional Hearings","CHRG-111shrg63235","CHRG-111shrg63235","The AL-Megrahi Release: One Year Later","https://www.govinfo.gov/app/details/CHRG-111shrg63235/CHRG-111shrg63235","https://www.govinfo.gov/content/pkg/CHRG-111shrg63235/pdf/CHRG-111shrg63235.pdf","307.4 KB","https://www.govinfo.gov/content/pkg/CHRG-111shrg63235/html/CHRG-111shrg63235.htm","296.7 KB","","0 B","","0 B","","0 B"," SECOND SESSION SEPTEMBER 29, 2010 Printed for the use of the Committee on Foreign Relations Available via the World Wide Web: http://www.gpoaccess.gov/congress/ index.html U.S. GOVERNMENT PRINTING OFFICE 63-235 PDF WASHINGTON : 2011 For sale by the Superintendent of Documents, U.S. Government Printing Office Internet: bookstore.gpo.gov Phone...","","2010-09-29"
"362","Congressional Hearings","CHRG-111shrg65254","CHRG-111shrg65254","Nomination","https://www.govinfo.gov/app/details/CHRG-111shrg65254/CHRG-111shrg65254","https://www.govinfo.gov/content/pkg/CHRG-111shrg65254/pdf/CHRG-111shrg65254.pdf","171.0 KB","https://www.govinfo.gov/content/pkg/CHRG-111shrg65254/html/CHRG-111shrg65254.htm","92.1 KB","","0 B","","0 B","","0 B"," 23, 2010 Printed for the use of the Committee on Foreign Relations Available via the World Wide Web: http://www.fdsys.gpo.gov U.S. GOVERNMENT PRINTING OFFICE 65-254 WASHINGTON : 2011 For sale by the Superintendent of Documents, U.S. Government Printing Office, http://bookstore.gpo.gov. For more information, contact the GPO Customer Contact ...","","2010-09-23"
"363","Congressional Hearings","CHRG-111shrg62191","CHRG-111shrg62191","Challenges to Water and Security in Southeast Asia","https://www.govinfo.gov/app/details/CHRG-111shrg62191/CHRG-111shrg62191","https://www.govinfo.gov/content/pkg/CHRG-111shrg62191/pdf/CHRG-111shrg62191.pdf","1.3 MB","https://www.govinfo.gov/content/pkg/CHRG-111shrg62191/html/CHRG-111shrg62191.htm","213.3 KB","","0 B","","0 B","","0 B"," ON FOREIGN RELATIONS UNITED STATES SENATE ONE HUNDRED ELEVENTH CONGRESS SECOND SESSION SEPTEMBER 23, 2010 Printed for the use of the Committee on Foreign Relations Available via the World Wide Web: http://www.gpoaccess.gov/congress/ index.html U.S. GOVERNMENT PRINTING OFFICE 62-191 WASHINGTON : 2010 For sale by the Superintendent of Documents, U.S...","","2010-09-23"
"364","Congressional Hearings","CHRG-111shrg62644","CHRG-111shrg62644","Banking on Reform: Capital Increase Proposals from the Multilateral Development Banks","https://www.govinfo.gov/app/details/CHRG-111shrg62644/CHRG-111shrg62644","https://www.govinfo.gov/content/pkg/CHRG-111shrg62644/pdf/CHRG-111shrg62644.pdf","888.2 KB","https://www.govinfo.gov/content/pkg/CHRG-111shrg62644/html/CHRG-111shrg62644.htm","315.2 KB","","0 B","","0 B","","0 B"," UNITED STATES SENATE ONE HUNDRED ELEVENTH CONGRESS SECOND SESSION SEPTEMBER 15, 2010 Printed for the use of the Committee on Foreign Relations Available via the World Wide Web: http://www.gpoaccess.gov/congress/ index.html U.S. GOVERNMENT PRINTING OFFICE 62-644 PDF WASHINGTON : 2010 For sale by the Superintendent of Documents, U.S. Government ...","","2010-09-15"
"365","Congressional Hearings","CHRG-111shrg62993","CHRG-111shrg62993","Perspectives on Reconciliation Options in Afghanistan","https://www.govinfo.gov/app/details/CHRG-111shrg62993/CHRG-111shrg62993","https://www.govinfo.gov/content/pkg/CHRG-111shrg62993/pdf/CHRG-111shrg62993.pdf","430.0 KB","https://www.govinfo.gov/content/pkg/CHRG-111shrg62993/html/CHRG-111shrg62993.htm","185.1 KB","","0 B","","0 B","","0 B"," ELEVENTH CONGRESS SECOND SESSION JULY 27, 2010 Printed for the use of the Committee on Foreign Relations Available via the World Wide Web: http://www.gpoaccess.gov/congress/ index.html U.S. GOVERNMENT PRINTING OFFICE 62-993 PDF WASHINGTON : 2010 For sale by the Superintendent of Documents, U.S. Government Printing Office Internet: ...","","2010-07-27"
"366","Congressional Hearings","CHRG-111shrg62190","CHRG-111shrg62190","Afghanistan: Goverance and the Civilian Strategy","https://www.govinfo.gov/app/details/CHRG-111shrg62190/CHRG-111shrg62190","https://www.govinfo.gov/content/pkg/CHRG-111shrg62190/pdf/CHRG-111shrg62190.pdf","218.7 KB","https://www.govinfo.gov/content/pkg/CHRG-111shrg62190/html/CHRG-111shrg62190.htm","158.1 KB","","0 B","","0 B","","0 B"," CONGRESS SECOND SESSION JULY 14, 2010 Printed for the use of the Committee on Foreign Relations Available via the World Wide Web: http://www.gpoaccess.gov/congress/ index.html U.S. GOVERNMENT PRINTING OFFICE 62-190 WASHINGTON : 2010 For sale by the Superintendent of Documents, U.S. Government Printing Office, http://bookstore.gpo.gov. For ...","","2010-07-14"
"367","Congressional Hearings","CHRG-111shrg63053","CHRG-111shrg63053","Finding Common Ground with a Rising China","https://www.govinfo.gov/app/details/CHRG-111shrg63053/CHRG-111shrg63053","https://www.govinfo.gov/content/pkg/CHRG-111shrg63053/pdf/CHRG-111shrg63053.pdf","265.0 KB","https://www.govinfo.gov/content/pkg/CHRG-111shrg63053/html/CHRG-111shrg63053.htm","239.9 KB","","0 B","","0 B","","0 B"," CONGRESS SECOND SESSION JUNE 23, 2010 Printed for the use of the Committee on Foreign Relations Available via the World Wide Web: http://www.gpoaccess.gov/congress/ index.html U.S. GOVERNMENT PRINTING OFFICE 63-053 WASHINGTON : 2010 For sale by the Superintendent of Documents, U.S. Government Printing Office, http://bookstore.gpo.gov. For more ...","","2010-06-23"
"368","Congressional Hearings","CHRG-111shrg63234","CHRG-111shrg63234","Iran Policy in the Aftermath of U.N. Sanctions","https://www.govinfo.gov/app/details/CHRG-111shrg63234/CHRG-111shrg63234","https://www.govinfo.gov/content/pkg/CHRG-111shrg63234/pdf/CHRG-111shrg63234.pdf","249.9 KB","https://www.govinfo.gov/content/pkg/CHRG-111shrg63234/html/CHRG-111shrg63234.htm","210.1 KB","","0 B","","0 B","","0 B"," CONGRESS SECOND SESSION JUNE 22, 2010 Printed for the use of the Committee on Foreign Relations Available via the World Wide Web: http://www.gpoaccess.gov/congress/ index.html U.S. GOVERNMENT PRINTING OFFICE 63-234 PDF WASHINGTON : 2011 For sale by the Superintendent of Documents, U.S. Government Printing Office Internet: bookstore.gpo.gov ...","","2010-06-22"
"369","Congressional Hearings","CHRG-111shrg62141","CHRG-111shrg62141","Assessing the Strength of Hezbollah","https://www.govinfo.gov/app/details/CHRG-111shrg62141/CHRG-111shrg62141","https://www.govinfo.gov/content/pkg/CHRG-111shrg62141/pdf/CHRG-111shrg62141.pdf","252.8 KB","https://www.govinfo.gov/content/pkg/CHRG-111shrg62141/html/CHRG-111shrg62141.htm","215.7 KB","","0 B","","0 B","","0 B"," ON FOREIGN RELATIONS UNITED STATES SENATE ONE HUNDRED ELEVENTH CONGRESS SECOND SESSION JUNE 8, 2010 Printed for the use of the Committee on Foreign Relations Available via the World Wide Web: http://www.gpoaccess.gov/congress/ index.html U.S. GOVERNMENT PRINTING OFFICE 62-141 WASHINGTON : 2010 For sale by the Superintendent of Documents, U.S. ...","","2010-06-08"
"370","Congressional Hearings","CHRG-111shrg61711","CHRG-111shrg61711","Assessing Challenges and Opportunities for Peace in Sudan","https://www.govinfo.gov/app/details/CHRG-111shrg61711/CHRG-111shrg61711","https://www.govinfo.gov/content/pkg/CHRG-111shrg61711/pdf/CHRG-111shrg61711.pdf","221.3 KB","https://www.govinfo.gov/content/pkg/CHRG-111shrg61711/html/CHRG-111shrg61711.htm","169.2 KB","","0 B","","0 B","","0 B"," RELATIONS UNITED STATES SENATE ONE HUNDRED ELEVENTH CONGRESS SECOND SESSION MAY 26, 2010 Printed for the use of the Committee on Foreign Relations Available via the World Wide Web: http://www.gpoaccess.gov/congress/ index.html U.S. GOVERNMENT PRINTING OFFICE 61-711 PDF WASHINGTON : 2010 For sale by the Superintendent of Documents, U.S. ...","","2010-05-26"
"371","Congressional Hearings","CHRG-111shrg61622","CHRG-111shrg61622","NATO: Report of the Group of Experts","https://www.govinfo.gov/app/details/CHRG-111shrg61622/CHRG-111shrg61622","https://www.govinfo.gov/content/pkg/CHRG-111shrg61622/pdf/CHRG-111shrg61622.pdf","166.6 KB","https://www.govinfo.gov/content/pkg/CHRG-111shrg61622/html/CHRG-111shrg61622.htm","80.7 KB","","0 B","","0 B","","0 B"," SECOND SESSION MAY 20, 2010 Printed for the use of the Committee on Foreign Relations Available via the World Wide Web: http://www.gpoaccess.gov/congress/ index.html U.S. GOVERNMENT PRINTING OFFICE 61-622 PDF WASHINGTON : 2010 For sale by the Superintendent of Documents, U.S. Government Printing Office Internet: bookstore.gpo.gov Phone: toll ...","","2010-05-20"
"372","Congressional Hearings","CHRG-111shrg63054","CHRG-111shrg63054","After the Earthquake: Empowering Haiti to Rebuild Better","https://www.govinfo.gov/app/details/CHRG-111shrg63054/CHRG-111shrg63054","https://www.govinfo.gov/content/pkg/CHRG-111shrg63054/pdf/CHRG-111shrg63054.pdf","282.8 KB","https://www.govinfo.gov/content/pkg/CHRG-111shrg63054/html/CHRG-111shrg63054.htm","256.9 KB","","0 B","","0 B","","0 B"," ELEVENTH CONGRESS SECOND SESSION MAY 19, 2010 Printed for the use of the Committee on Foreign Relations Available via the World Wide Web: http://www.gpoaccess.gov/congress/ index.html U.S. GOVERNMENT PRINTING OFFICE 63-054 PDF WASHINGTON : 2010 For sale by the Superintendent of Documents, U.S. Government Printing Office Internet: ...","","2010-05-19"
"373","Congressional Hearings","CHRG-111shrg62690","CHRG-111shrg62690","Sudan: A Critical Moment for the C.P.A., Darfur, and the Region","https://www.govinfo.gov/app/details/CHRG-111shrg62690/CHRG-111shrg62690","https://www.govinfo.gov/content/pkg/CHRG-111shrg62690/pdf/CHRG-111shrg62690.pdf","219.0 KB","https://www.govinfo.gov/content/pkg/CHRG-111shrg62690/html/CHRG-111shrg62690.htm","165.1 KB","","0 B","","0 B","","0 B"," ONE HUNDRED ELEVENTH CONGRESS SECOND SESSION MAY 12, 2010 Printed for the use of the Committee on Foreign Relations Available via the World Wide Web: http://www.gpoaccess.gov/congress/ index.html U.S. GOVERNMENT PRINTING OFFICE 62-690 pdf WASHINGTON : 2010 For sale by the Superintendent of Documents, U.S. Government Printing Office Internet: ...","","2010-05-12"
"374","Congressional Hearings","CHRG-111shrg61586","CHRG-111shrg61586","The Meaning of Marjah","https://www.govinfo.gov/app/details/CHRG-111shrg61586/CHRG-111shrg61586","https://www.govinfo.gov/content/pkg/CHRG-111shrg61586/pdf/CHRG-111shrg61586.pdf","214.9 KB","https://www.govinfo.gov/content/pkg/CHRG-111shrg61586/html/CHRG-111shrg61586.htm","154.3 KB","","0 B","","0 B","","0 B"," MAY 6, 2010 Printed for the use of the Committee on Foreign Relations Available via the World Wide Web: http://www.gpoaccess.gov/congress/ index.html U.S. GOVERNMENT PRINTING OFFICE 61-586 PDF WASHINGTON : 2010 For sale by the Superintendent of Documents, U.S. Government Printing Office Internet: bookstore.gpo.gov Phone: toll free (866) 512-...","","2010-05-06"
"375","Congressional Hearings","CHRG-111shrg62467","CHRG-111shrg62467","The New Start Treaty (Treaty Doc. 111-5)","https://www.govinfo.gov/app/details/CHRG-111shrg62467/CHRG-111shrg62467","https://www.govinfo.gov/content/pkg/CHRG-111shrg62467/pdf/CHRG-111shrg62467.pdf","4.3 MB","https://www.govinfo.gov/content/pkg/CHRG-111shrg62467/html/CHRG-111shrg62467.htm","1.6 MB","","0 B","","0 B","","0 B"," CONGRESS SECOND SESSION APRIL 29, MAY 18, 19, 25, JUNE 10, 15, 16, 24, AND JULY 15, 2010 Printed for the use of the Committee on Foreign Relations Available via the World Wide Web: http://www.gpoaccess.gov/congress/ index.html U.S. GOVERNMENT PRINTING OFFICE 62-467 PDF WASHINGTON : 2010 For sale by the Superintendent of Documents, U.S. Government ...","","2010-04-29"
"376","Congressional Hearings","CHRG-111shrg63233","CHRG-111shrg63233","Promoting Global Food Security: Next Steps for Congress and the Administration","https://www.govinfo.gov/app/details/CHRG-111shrg63233/CHRG-111shrg63233","https://www.govinfo.gov/content/pkg/CHRG-111shrg63233/pdf/CHRG-111shrg63233.pdf","2.3 MB","https://www.govinfo.gov/content/pkg/CHRG-111shrg63233/html/CHRG-111shrg63233.htm","220.1 KB","","0 B","","0 B","","0 B"," STATES SENATE ONE HUNDRED ELEVENTH CONGRESS SECOND SESSION APRIL 22, 2010 Printed for the use of the Committee on Foreign Relations Available via the World Wide Web: http://www.gpoaccess.gov/congress/ index.html U.S. GOVERNMENT PRINTING OFFICE 63-233 WASHINGTON : 2011 For sale by the Superintendent of Documents, U.S. Government Printing Office, ...","","2010-04-22"
"377","Congressional Hearings","CHRG-111shrg62791","CHRG-111shrg62791","U.S.-Japan Relations","https://www.govinfo.gov/app/details/CHRG-111shrg62791/CHRG-111shrg62791","https://www.govinfo.gov/content/pkg/CHRG-111shrg62791/pdf/CHRG-111shrg62791.pdf","1.9 MB","https://www.govinfo.gov/content/pkg/CHRG-111shrg62791/html/CHRG-111shrg62791.htm","194.6 KB","","0 B","","0 B","","0 B"," SENATE ONE HUNDRED ELEVENTH CONGRESS SECOND SESSION APRIL 15, 2010 Printed for the use of the Committee on Foreign Relations Available via the World Wide Web: http://www.gpoaccess.gov/congress/ index.html U.S. GOVERNMENT PRINTING OFFICE 62-791 PDF WASHINGTON : 2010 For sale by the Superintendent of Documents, U.S. Government Printing Office ...","","2010-04-15"
"378","Congressional Hearings","CHRG-111shrg61706","CHRG-111shrg61706","Unfinished Business in Southeast Europe: Opportunities and Challenges in the Western Balkans","https://www.govinfo.gov/app/details/CHRG-111shrg61706/CHRG-111shrg61706","https://www.govinfo.gov/content/pkg/CHRG-111shrg61706/pdf/CHRG-111shrg61706.pdf","273.5 KB","https://www.govinfo.gov/content/pkg/CHRG-111shrg61706/html/CHRG-111shrg61706.htm","251.9 KB","","0 B","","0 B","","0 B","RELATIONS UNITED STATES SENATE ONE HUNDRED ELEVENTH CONGRESS SECOND SESSION APRIL 14, 2010 Printed for the use of the Committee on Foreign Relations Available via the World Wide Web: http://www.gpoaccess.gov/congress/ index.html U.S. GOVERNMENT PRINTING OFFICE 61-706 PDF WASHINGTON : 2010 For sale by the Superintendent of Documents, U.S. Government...","","2010-04-14"
"379","Congressional Hearings","CHRG-111shrg65253","CHRG-111shrg65253","Nomination","https://www.govinfo.gov/app/details/CHRG-111shrg65253/CHRG-111shrg65253","https://www.govinfo.gov/content/pkg/CHRG-111shrg65253/pdf/CHRG-111shrg65253.pdf","206.7 KB","https://www.govinfo.gov/content/pkg/CHRG-111shrg65253/html/CHRG-111shrg65253.htm","139.5 KB","","0 B","","0 B","","0 B","16, 2010 Printed for the use of the Committee on Foreign Relations Available via the World Wide Web: http://www.fdsys.gpo.gov U.S. GOVERNMENT PRINTING OFFICE 65-253 PDF WASHINGTON : 2011 For sale by the Superintendent of Documents, U.S. Government Printing Office Internet: bookstore.gpo.gov Phone: toll free (866) 512-1800; DC area (202) 512-1800 ...","","2010-03-16"
"380","Congressional Hearings","CHRG-111shrg63020","CHRG-111shrg63020","The Future of U.S. Public Diplomacy","https://www.govinfo.gov/app/details/CHRG-111shrg63020/CHRG-111shrg63020","https://www.govinfo.gov/content/pkg/CHRG-111shrg63020/pdf/CHRG-111shrg63020.pdf","3.2 MB","https://www.govinfo.gov/content/pkg/CHRG-111shrg63020/html/CHRG-111shrg63020.htm","236.0 KB","","0 B","","0 B","","0 B",", AND GLOBAL WOMEN'S ISSUES OF THE COMMITTEE ON FOREIGN RELATIONS UNITED STATES SENATE ONE HUNDRED ELEVENTH CONGRESS SECOND SESSION MARCH 10, 2010 Printed for the use of the Committee on Foreign Relations Available via the World Wide Web: http://www.gpoaccess.gov/congress/ index.html U.S. GOVERNMENT PRINTING OFFICE 63-020 WASHINGTON : 2010 For...","","2010-03-10"
"381","Congressional Hearings","CHRG-111shrg61631","CHRG-111shrg61631","Building on Success: New Directions in Global Health","https://www.govinfo.gov/app/details/CHRG-111shrg61631/CHRG-111shrg61631","https://www.govinfo.gov/content/pkg/CHRG-111shrg61631/pdf/CHRG-111shrg61631.pdf","306.1 KB","https://www.govinfo.gov/content/pkg/CHRG-111shrg61631/html/CHRG-111shrg61631.htm","155.5 KB","","0 B","","0 B","","0 B"," ELEVENTH CONGRESS SECOND SESSION MARCH 10, 2010 Printed for the use of the Committee on Foreign Relations Available via the World Wide Web: http://www.gpoaccess.gov/congress/ index.html U.S. GOVERNMENT PRINTING OFFICE 61-631 WASHINGTON : 2009 For sale by the Superintendent of Documents, U.S. Government Printing Office Internet: bookstore.gpo.gov...","","2010-03-10"
"382","Congressional Hearings","CHRG-111shrg61686","CHRG-111shrg61686","Middle East Peace: Ground Truths, Challenges Ahead","https://www.govinfo.gov/app/details/CHRG-111shrg61686/CHRG-111shrg61686","https://www.govinfo.gov/content/pkg/CHRG-111shrg61686/pdf/CHRG-111shrg61686.pdf","283.5 KB","https://www.govinfo.gov/content/pkg/CHRG-111shrg61686/html/CHRG-111shrg61686.htm","259.8 KB","","0 B","","0 B","","0 B"," ELEVENTH CONGRESS SECOND SESSION MARCH 4, 2010 Printed for the use of the Committee on Foreign Relations Available via the World Wide Web: http://www.gpoaccess.gov/congress/ index.html U.S. GOVERNMENT PRINTING OFFICE 61-686 WASHINGTON : 2010 For sale by the Superintendent of Documents, U.S. Government Printing Office, http://bookstore.gpo.gov. For...","","2010-03-04"
"383","Congressional Hearings","CHRG-111shrg63232","CHRG-111shrg63232","Foreign Policy Priorities in the FY11 International Affairs Budget","https://www.govinfo.gov/app/details/CHRG-111shrg63232/CHRG-111shrg63232","https://www.govinfo.gov/content/pkg/CHRG-111shrg63232/pdf/CHRG-111shrg63232.pdf","2.4 MB","https://www.govinfo.gov/content/pkg/CHRG-111shrg63232/html/CHRG-111shrg63232.htm","426.5 KB","","0 B","","0 B","","0 B"," ONE HUNDRED ELEVENTH CONGRESS SECOND SESSION FEBRUARY 24, 2010 Printed for the use of the Committee on Foreign Relations Available via the World Wide Web: http://www.gpoaccess.gov/congress/ index.html U.S. GOVERNMENT PRINTING OFFICE 63-232 PDF WASHINGTON : 2011 For sale by the Superintendent of Documents, U.S. Government Printing Office ...","","2010-02-24"
"384","Congressional Hearings","CHRG-111shrg61669","CHRG-111shrg61669","Examining the U.S.-Nigeria Relationship in a Time of Transition","https://www.govinfo.gov/app/details/CHRG-111shrg61669/CHRG-111shrg61669","https://www.govinfo.gov/content/pkg/CHRG-111shrg61669/pdf/CHRG-111shrg61669.pdf","208.9 KB","https://www.govinfo.gov/content/pkg/CHRG-111shrg61669/html/CHRG-111shrg61669.htm","147.6 KB","","0 B","","0 B","","0 B"," FOREIGN RELATIONS UNITED STATES SENATE ONE HUNDRED ELEVENTH CONGRESS SECOND SESSION FEBRUARY 23, 2010 Printed for the use of the Committee on Foreign Relations Available via the World Wide Web: http://www.gpoaccess.gov/congress/ index.html U.S. GOVERNMENT PRINTING OFFICE 61-669 WASHINGTON : 2010 For sale by the Superintendent of Documents, U.S. ...","","2010-02-23"
"385","Congressional Hearings","CHRG-111shrg61655","CHRG-111shrg61655","Afghan Women and Girls: Building the Future of Afghanistan","https://www.govinfo.gov/app/details/CHRG-111shrg61655/CHRG-111shrg61655","https://www.govinfo.gov/content/pkg/CHRG-111shrg61655/pdf/CHRG-111shrg61655.pdf","231.2 KB","https://www.govinfo.gov/content/pkg/CHRG-111shrg61655/html/CHRG-111shrg61655.htm","182.7 KB","","0 B","","0 B","","0 B"," ASIAN AFFAIRS AND THE SUBCOMMITTEE ON INTERNATIONAL OPERATIONS AND ORGANIZATIONS, HUMAN RIGHTS, DEMOCRACY, AND GLOBAL WOMEN'S ISSUES OF THE COMMITTEE ON FOREIGN RELATIONS UNITED STATES SENATE ONE HUNDRED ELEVENTH CONGRESS SECOND SESSION FEBRUARY 23, 2010 Printed for the use of the Committee on Foreign Relations Available via the World Wide Web: ...","","2010-02-23"
"386","Congressional Hearings","CHRG-111shrg61559","CHRG-111shrg61559","Haiti Reconstruction: Smart Planning Moving Forward","https://www.govinfo.gov/app/details/CHRG-111shrg61559/CHRG-111shrg61559","https://www.govinfo.gov/content/pkg/CHRG-111shrg61559/pdf/CHRG-111shrg61559.pdf","212.2 KB","https://www.govinfo.gov/content/pkg/CHRG-111shrg61559/html/CHRG-111shrg61559.htm","149.5 KB","","0 B","","0 B","","0 B",", ECONOMIC AFFAIRS, AND INTERNATIONAL ENVIRONMENTAL PROTECTION OF THE COMMITTEE ON FOREIGN RELATIONS UNITED STATES SENATE ONE HUNDRED ELEVENTH CONGRESS SECOND SESSION FEBRUARY 4, 2010 Printed for the use of the Committee on Foreign Relations Available via the World Wide Web: http://www.gpoaccess.gov/congress/ index.html U.S. GOVERNMENT PRINTING ...","","2010-02-04"
"387","Congressional Hearings","CHRG-111shrg62792","CHRG-111shrg62792","Haiti: From Rescue to Recovery and Reconstruction","https://www.govinfo.gov/app/details/CHRG-111shrg62792/CHRG-111shrg62792","https://www.govinfo.gov/content/pkg/CHRG-111shrg62792/pdf/CHRG-111shrg62792.pdf","251.9 KB","https://www.govinfo.gov/content/pkg/CHRG-111shrg62792/html/CHRG-111shrg62792.htm","205.6 KB","","0 B","","0 B","","0 B","ELEVENTH CONGRESS SECOND SESSION JANUARY 28, 2010 Printed for the use of the Committee on Foreign Relations Available via the World Wide Web: http://www.gpoaccess.gov/congress/ index.html U.S. GOVERNMENT PRINTING OFFICE 62-792 WASHINGTON : 2010 For sale by the Superintendent of Documents, U.S. Government Printing Office Internet: bookstore.gpo.gov ...","","2010-01-28"
"388","Congressional Hearings","CHRG-111shrg62929","CHRG-111shrg62929","Civilian Strategy for Afghanistan: A Status Report in Advance of the London Conference","https://www.govinfo.gov/app/details/CHRG-111shrg62929/CHRG-111shrg62929","https://www.govinfo.gov/content/pkg/CHRG-111shrg62929/pdf/CHRG-111shrg62929.pdf","279.9 KB","https://www.govinfo.gov/content/pkg/CHRG-111shrg62929/html/CHRG-111shrg62929.htm","256.9 KB","","0 B","","0 B","","0 B"," UNITED STATES SENATE ONE HUNDRED ELEVENTH CONGRESS SECOND SESSION JANUARY 21, 2010 Printed for the use of the Committee on Foreign Relations Available via the World Wide Web: http://www.gpoaccess.gov/congress/ index.html U.S. GOVERNMENT PRINTING OFFICE 62-929 PDF WASHINGTON : 2010 For sale by the Superintendent of Documents, U.S. Government ...","","2010-01-21"
"389","Congressional Hearings","CHRG-111shrg62189","CHRG-111shrg62189","Principles of U.S. Engagement in Asia","https://www.govinfo.gov/app/details/CHRG-111shrg62189/CHRG-111shrg62189","https://www.govinfo.gov/content/pkg/CHRG-111shrg62189/pdf/CHRG-111shrg62189.pdf","246.2 KB","https://www.govinfo.gov/content/pkg/CHRG-111shrg62189/html/CHRG-111shrg62189.htm","210.4 KB","","0 B","","0 B","","0 B"," UNITED STATES SENATE ONE HUNDRED ELEVENTH CONGRESS SECOND SESSION JANUARY 21, 2010 Printed for the use of the Committee on Foreign Relations Available via the World Wide Web: http://www.gpoaccess.gov/congress/ index.html U.S. GOVERNMENT PRINTING OFFICE 62-189 PDF WASHINGTON : 2010 For sale by the Superintendent of Documents, U.S. ...","","2010-01-21"
"390","Congressional Hearings","CHRG-111shrg62357","CHRG-111shrg62357","Yemen: Confronting AL-Qaeda, Preventing State Failure","https://www.govinfo.gov/app/details/CHRG-111shrg62357/CHRG-111shrg62357","https://www.govinfo.gov/content/pkg/CHRG-111shrg62357/pdf/CHRG-111shrg62357.pdf","360.7 KB","https://www.govinfo.gov/content/pkg/CHRG-111shrg62357/html/CHRG-111shrg62357.htm","377.9 KB","","0 B","","0 B","","0 B"," ELEVENTH CONGRESS SECOND SESSION JANUARY 20, 2010 Printed for the use of the Committee on Foreign Relations Available via the World Wide Web: http://www.gpoaccess.gov/congress/ index.html U.S. GOVERNMENT PRINTING OFFICE 62-357 WASHINGTON : 2010 For sale by the Superintendent of Documents, U.S. Government Printing Office Internet: ...","","2010-01-20"
"391","Congressional Hearings","CHRG-111shrg56492","CHRG-111shrg56492","Reevaluating U.S. Policy in Central Asia","https://www.govinfo.gov/app/details/CHRG-111shrg56492/CHRG-111shrg56492","https://www.govinfo.gov/content/pkg/CHRG-111shrg56492/pdf/CHRG-111shrg56492.pdf","273.9 KB","https://www.govinfo.gov/content/pkg/CHRG-111shrg56492/html/CHRG-111shrg56492.htm","254.0 KB","","0 B","","0 B","","0 B"," ON FOREIGN RELATIONS UNITED STATES SENATE ONE HUNDRED ELEVENTH CONGRESS FIRST SESSION DECEMBER 15, 2009 Printed for the use of the Committee on Foreign Relations Available via the World Wide Web: http://www.gpoaccess.gov/congress/ index.html U.S. GOVERNMENT PRINTING OFFICE 56-492 WASHINGTON : 2009 For sale by the Superintendent of ...","","2009-12-15"
"392","Congressional Hearings","CHRG-111shrg56071","CHRG-111shrg56071","Strengthening the Transatlantic Economy: Moving Beyond the Crisis","https://www.govinfo.gov/app/details/CHRG-111shrg56071/CHRG-111shrg56071","https://www.govinfo.gov/content/pkg/CHRG-111shrg56071/pdf/CHRG-111shrg56071.pdf","219.4 KB","https://www.govinfo.gov/content/pkg/CHRG-111shrg56071/html/CHRG-111shrg56071.htm","171.2 KB","","0 B","","0 B","","0 B"," ON FOREIGN RELATIONS UNITED STATES SENATE ONE HUNDRED ELEVENTH CONGRESS FIRST SESSION DECEMBER 9, 2009 Printed for the use of the Committee on Foreign Relations Available via the World Wide Web: http://www.gpoaccess.gov/congress/ index.html U.S. GOVERNMENT PRINTING OFFICE 56-071 PDF WASHINGTON : 2010 For sale by the Superintendent of Documents, ...","","2009-12-09"
"393","Congressional Hearings","CHRG-111shrg56263","CHRG-111shrg56263","The New Afghanistan Strategy: The View from the Ground","https://www.govinfo.gov/app/details/CHRG-111shrg56263/CHRG-111shrg56263","https://www.govinfo.gov/content/pkg/CHRG-111shrg56263/pdf/CHRG-111shrg56263.pdf","322.7 KB","https://www.govinfo.gov/content/pkg/CHRG-111shrg56263/html/CHRG-111shrg56263.htm","328.7 KB","","0 B","","0 B","","0 B"," ELEVENTH CONGRESS FIRST SESSION DECEMBER 9, 2009 Printed for the use of the Committee on Foreign Relations Available via the World Wide Web: http://www.gpoaccess.gov/congress/ index.html U.S. GOVERNMENT PRINTING OFFICE 56-263 WASHINGTON : 2010 For sale by the Superintendent of Documents, U.S. Government Printing Office, http://...","","2009-12-09"
"394","Congressional Hearings","CHRG-111shrg56845","CHRG-111shrg56845","Afghanistan: Assessing the Road Ahead","https://www.govinfo.gov/app/details/CHRG-111shrg56845/CHRG-111shrg56845","https://www.govinfo.gov/content/pkg/CHRG-111shrg56845/pdf/CHRG-111shrg56845.pdf","428.6 KB","https://www.govinfo.gov/content/pkg/CHRG-111shrg56845/html/CHRG-111shrg56845.htm","278.0 KB","","0 B","","0 B","","0 B"," FIRST SESSION DECEMBER 3, 2009 Printed for the use of the Committee on Foreign Relations Available via the World Wide Web: http://www.gpoaccess.gov/congress/ index.html U.S. GOVERNMENT PRINTING OFFICE 56-845 WASHINGTON : 2010 For sale by the Superintendent of Documents, U.S. Government Printing Office, http://bookstore.gpo.gov. For more ...","","2009-12-03"
"395","Congressional Hearings","CHRG-111shrg55611","CHRG-111shrg55611","The U.S. and the G-20: Remaking the International Economic Architecture","https://www.govinfo.gov/app/details/CHRG-111shrg55611/CHRG-111shrg55611","https://www.govinfo.gov/content/pkg/CHRG-111shrg55611/pdf/CHRG-111shrg55611.pdf","219.0 KB","https://www.govinfo.gov/content/pkg/CHRG-111shrg55611/html/CHRG-111shrg55611.htm","164.5 KB","","0 B","","0 B","","0 B"," SENATE ONE HUNDRED ELEVENTH CONGRESS FIRST SESSION NOVEMBER 17, 2009 Printed for the use of the Committee on Foreign Relations Available via the World Wide Web: http://www.gpoaccess.gov/congress/ index.html U.S. GOVERNMENT PRINTING OFFICE 55-611 WASHINGTON : 2009 For sale by the Superintendent of Documents, U.S. Government Printing Office ...","","2009-11-17"
"396","Congressional Hearings","CHRG-111shrg56320","CHRG-111shrg56320","Examining U.S. Counterterrorism Priorities and Strategy Across Africa's Sahel Region","https://www.govinfo.gov/app/details/CHRG-111shrg56320/CHRG-111shrg56320","https://www.govinfo.gov/content/pkg/CHRG-111shrg56320/pdf/CHRG-111shrg56320.pdf","250.8 KB","https://www.govinfo.gov/content/pkg/CHRG-111shrg56320/html/CHRG-111shrg56320.htm","215.0 KB","","0 B","","0 B","","0 B"," OF THE COMMITTEE ON FOREIGN RELATIONS UNITED STATES SENATE ONE HUNDRED ELEVENTH CONGRESS FIRST SESSION NOVEMBER 17, 2009 Printed for the use of the Committee on Foreign Relations Available via the World Wide Web: http://www.gpoaccess.gov/congress/ index.html U.S. GOVERNMENT PRINTING OFFICE 56-320 PDF WASHINGTON : 2010 For sale by the ...","","2009-11-17"
"397","Congressional Hearings","CHRG-111shrg56689","CHRG-111shrg56689","NATO: A Strategic Concept for Transatlantic Security","https://www.govinfo.gov/app/details/CHRG-111shrg56689/CHRG-111shrg56689","https://www.govinfo.gov/content/pkg/CHRG-111shrg56689/pdf/CHRG-111shrg56689.pdf","281.2 KB","https://www.govinfo.gov/content/pkg/CHRG-111shrg56689/html/CHRG-111shrg56689.htm","260.3 KB","","0 B","","0 B","","0 B"," ELEVENTH CONGRESS FIRST SESSION OCTOBER 22, 2009 Printed for the use of the Committee on Foreign Relations Available via the World Wide Web: http://www.gpoaccess.gov/congress/ index.html U.S. GOVERNMENT PRINTING OFFICE 56-689 WASHINGTON : 2009 For sale by the Superintendent of Documents, U.S. Government Printing Office Internet: ...","","2009-10-22"
"398","Congressional Hearings","CHRG-111shrg56665","CHRG-111shrg56665","56-665 Pdf 2010 S. Hrg. 111-499 Drought, Flooding and Refugees: Addressing the Impacts of Climate Change in the World's Most Vulnerable Nations","https://www.govinfo.gov/app/details/CHRG-111shrg56665/CHRG-111shrg56665","https://www.govinfo.gov/content/pkg/CHRG-111shrg56665/pdf/CHRG-111shrg56665.pdf","397.8 KB","https://www.govinfo.gov/content/pkg/CHRG-111shrg56665/html/CHRG-111shrg56665.htm","251.7 KB","","0 B","","0 B","","0 B"," BEFORE THE SUBCOMMITTEE ON INTERNATIONAL DEVELOPMENT AND FOREIGN ASSISTANCE, ECONOMIC AFFAIRS, AND INTERNATIONAL ENVIRONMENTAL PROTECTION OF THE COMMITTEE ON FOREIGN RELATIONS UNITED STATES SENATE ONE HUNDRED ELEVENTH CONGRESS FIRST SESSION OCTOBER 15, 2009 Printed for the use of the Committee on Foreign Relations Available via the World Wide ...","","2009-10-15"
"399","Congressional Hearings","CHRG-111shrg55784","CHRG-111shrg55784","U.S. International Broadcasting into the War Zones: Iraq and Afghanistan","https://www.govinfo.gov/app/details/CHRG-111shrg55784/CHRG-111shrg55784","https://www.govinfo.gov/content/pkg/CHRG-111shrg55784/pdf/CHRG-111shrg55784.pdf","5.7 MB","https://www.govinfo.gov/content/pkg/CHRG-111shrg55784/html/CHRG-111shrg55784.htm","171.5 KB","","0 B","","0 B","","0 B","AND ORGANIZATIONS, HUMAN RIGHTS, DEMOCRACY, AND GLOBAL WOMEN'S ISSUES OF THE COMMITTEE ON FOREIGN RELATIONS UNITED STATES SENATE ONE HUNDRED ELEVENTH CONGRESS FIRST SESSION OCTOBER 15, 2009 Printed for the use of the Committee on Foreign Relations Available via the World Wide Web: http://www.gpoaccess.gov/congress/ index.html U.S. GOVERNMENT ...","","2009-10-15"
"400","Congressional Hearings","CHRG-111shrg55931","CHRG-111shrg55931","Confronting AL-Qaeda: Understanding the Threat in Afghanistan and Beyond","https://www.govinfo.gov/app/details/CHRG-111shrg55931/CHRG-111shrg55931","https://www.govinfo.gov/content/pkg/CHRG-111shrg55931/pdf/CHRG-111shrg55931.pdf","861.8 KB","https://www.govinfo.gov/content/pkg/CHRG-111shrg55931/html/CHRG-111shrg55931.htm","210.4 KB","","0 B","","0 B","","0 B"," SENATE ONE HUNDRED ELEVENTH CONGRESS FIRST SESSION OCTOBER 7, 2009 Printed for the use of the Committee on Foreign Relations Available via the World Wide Web: http://www.gpoaccess.gov/congress/index.html U.S. GOVERNMENT PRINTING OFFICE 55-931 WASHINGTON : 2010 For Sale by the Superintendent of Documents, U.S. Government Printing Office Internet...","","2009-10-07"
"401","Congressional Hearings","CHRG-111shrg55692","CHRG-111shrg55692","The Proposed U.S.-Uae Agreement on Civilian Nuclear Cooperation","https://www.govinfo.gov/app/details/CHRG-111shrg55692/CHRG-111shrg55692","https://www.govinfo.gov/content/pkg/CHRG-111shrg55692/pdf/CHRG-111shrg55692.pdf","181.4 KB","https://www.govinfo.gov/content/pkg/CHRG-111shrg55692/html/CHRG-111shrg55692.htm","106.0 KB","","0 B","","0 B","","0 B"," ASIAN AFFAIRS OF THE COMMITTEE ON FOREIGN RELATIONS UNITED STATES SENATE ONE HUNDRED ELEVENTH CONGRESS FIRST SESSION OCTOBER 7, 2009 Printed for the use of the Committee on Foreign Relations Available via the World Wide Web: http://www.gpoaccess.gov/congress/ index.html U.S. GOVERNMENT PRINTING OFFICE 55-692 WASHINGTON : 2010 For Sale by the ...","","2009-10-07"
"402","Congressional Hearings","CHRG-111shrg55243","CHRG-111shrg55243","Afghanistan's Impact on Pakistan","https://www.govinfo.gov/app/details/CHRG-111shrg55243/CHRG-111shrg55243","https://www.govinfo.gov/content/pkg/CHRG-111shrg55243/pdf/CHRG-111shrg55243.pdf","240.7 KB","https://www.govinfo.gov/content/pkg/CHRG-111shrg55243/html/CHRG-111shrg55243.htm","196.6 KB","","0 B","","0 B","","0 B"," FIRST SESSION OCTOBER 1, 2009 Printed for the use of the Committee on Foreign Relations Available via the World Wide Web: http://www.gpoaccess.gov/congress/ index.html U.S. GOVERNMENT PRINTING OFFICE 55-243 PDF WASHINGTON : 2010 For sale by the Superintendent of Documents, U.S. Government Printing Office Internet: bookstore.gpo.gov Phone: toll ...","","2009-10-01"
"403","Congressional Hearings","CHRG-111shrg55738","CHRG-111shrg55738","Violence Against Women: Global Costs and Consequences","https://www.govinfo.gov/app/details/CHRG-111shrg55738/CHRG-111shrg55738","https://www.govinfo.gov/content/pkg/CHRG-111shrg55738/pdf/CHRG-111shrg55738.pdf","267.1 KB","https://www.govinfo.gov/content/pkg/CHRG-111shrg55738/html/CHRG-111shrg55738.htm","239.0 KB","","0 B","","0 B","","0 B"," ELEVENTH CONGRESS FIRST SESSION OCTOBER 1, 2009 Printed for the use of the Committee on Foreign Relations Available via the World Wide Web: http://www.gpoaccess.gov/congress/ index.html U.S. GOVERNMENT PRINTING OFFICE 55-738 WASHINGTON : 2009 For sale by the Superintendent of Documents, U.S. Government Printing Office Internet: ...","","2009-10-01"
"404","Congressional Hearings","CHRG-111shrg56619","CHRG-111shrg56619","Exploring U.S. Policy Options Toward Zimbabwe's Transition","https://www.govinfo.gov/app/details/CHRG-111shrg56619/CHRG-111shrg56619","https://www.govinfo.gov/content/pkg/CHRG-111shrg56619/pdf/CHRG-111shrg56619.pdf","223.8 KB","https://www.govinfo.gov/content/pkg/CHRG-111shrg56619/html/CHRG-111shrg56619.htm","164.0 KB","","0 B","","0 B","","0 B"," RELATIONS UNITED STATES SENATE ONE HUNDRED ELEVENTH CONGRESS FIRST SESSION SEPTEMBER 30, 2009 Printed for the use of the Committee on Foreign Relations Available via the World Wide Web: http://www.gpoaccess.gov/congress/ index.html U.S. GOVERNMENT PRINTING OFFICE 56-619 WASHINGTON : 2010 For Sale by the Superintendent of Documents, U.S. ...","","2009-09-30"
"405","Congressional Hearings","CHRG-111shrg55932","CHRG-111shrg55932","U.S. Policy Toward Burma: Its Impact and Effectiveness","https://www.govinfo.gov/app/details/CHRG-111shrg55932/CHRG-111shrg55932","https://www.govinfo.gov/content/pkg/CHRG-111shrg55932/pdf/CHRG-111shrg55932.pdf","6.9 MB","https://www.govinfo.gov/content/pkg/CHRG-111shrg55932/html/CHRG-111shrg55932.htm","376.0 KB","","0 B","","0 B","","0 B"," ON FOREIGN RELATIONS UNITED STATES SENATE ONE HUNDRED ELEVENTH CONGRESS FIRST SESSION SEPTEMBER 30, 2009 Printed for the use of the Committee on Foreign Relations Available via the World Wide Web: http://www.gpoaccess.gov/congress/ index.html U.S. GOVERNMENT PRINTING OFFICE 55-932 WASHINGTON : 2009 For sale by the Superintendent of Documents, ...","","2009-09-30"
"406","Congressional Hearings","CHRG-111shrg55156","CHRG-111shrg55156","Countering the Threat of Failure in Afghanistan","https://www.govinfo.gov/app/details/CHRG-111shrg55156/CHRG-111shrg55156","https://www.govinfo.gov/content/pkg/CHRG-111shrg55156/pdf/CHRG-111shrg55156.pdf","246.9 KB","https://www.govinfo.gov/content/pkg/CHRG-111shrg55156/html/CHRG-111shrg55156.htm","208.9 KB","","0 B","","0 B","","0 B"," CONGRESS FIRST SESSION SEPTEMBER 17, 2009 Printed for the use of the Committee on Foreign Relations Available via the World Wide Web: http://www.gpoaccess.gov/congress/ index.html U.S. GOVERNMENT PRINTING OFFICE 55-156 WASHINGTON : 2009 For sale by the Superintendent of Documents, U.S. Government Printing Office Internet: bookstore.gpo.gov ...","","2009-09-17"
"407","Congressional Hearings","CHRG-111shrg55538","CHRG-111shrg55538","Exploring Three Strategies for Afghanistan","https://www.govinfo.gov/app/details/CHRG-111shrg55538/CHRG-111shrg55538","https://www.govinfo.gov/content/pkg/CHRG-111shrg55538/pdf/CHRG-111shrg55538.pdf","242.4 KB","https://www.govinfo.gov/content/pkg/CHRG-111shrg55538/html/CHRG-111shrg55538.htm","202.6 KB","","0 B","","0 B","","0 B"," CONGRESS FIRST SESSION SEPTEMBER 16, 2009 Printed for the use of the Committee on Foreign Relations Available via the World Wide Web: http://www.gpoaccess.gov/congress/ index.html U.S. GOVERNMENT PRINTING OFFICE 55-538 WASHINGTON : 2009 For sale by the Superintendent of Documents, U.S. Government Printing Office Internet: bookstore.gpo.gov Phone:...","","2009-09-16"
"408","Congressional Hearings","CHRG-111shrg54367","CHRG-111shrg54367","Iraq: Report from the Field","https://www.govinfo.gov/app/details/CHRG-111shrg54367/CHRG-111shrg54367","https://www.govinfo.gov/content/pkg/CHRG-111shrg54367/pdf/CHRG-111shrg54367.pdf","246.6 KB","https://www.govinfo.gov/content/pkg/CHRG-111shrg54367/html/CHRG-111shrg54367.htm","180.5 KB","","0 B","","0 B","","0 B"," SESSION SEPTEMBER 10, 2009 Printed for the use of the Committee on Foreign Relations [GRAPHICS NOT AVAILABLE IN TIFF FORMAT] Available via the World Wide Web: http://www.gpoaccess.gov/congress/ index.html U.S. GOVERNMENT PRINTING OFFICE 54-367 PDF WASHINGTON: 2010 For Sale by the Superintendent of Documents, U.S. Government Printing Office ...","","2009-09-10"
"409","Congressional Hearings","CHRG-111shrg54453","CHRG-111shrg54453","Georgia: One Year After the August War","https://www.govinfo.gov/app/details/CHRG-111shrg54453/CHRG-111shrg54453","https://www.govinfo.gov/content/pkg/CHRG-111shrg54453/pdf/CHRG-111shrg54453.pdf","228.0 KB","https://www.govinfo.gov/content/pkg/CHRG-111shrg54453/html/CHRG-111shrg54453.htm","4.1 KB","","0 B","","0 B","","0 B"," Fax: (202) 512�092104 Mail: Stop IDCC, Washington, DC 20402�090001 54-453 PDF 2010 S. Hrg. 111-221 GEORGIA: ONE YEAR AFTER THE AUGUST WAR HEARING BEFORE THE SUBCOMMITTEE ON EUROPEAN AFFAIRS OF THE COMMITTEE ON FOREIGN RELATIONS UNITED STATES SENATE ONE HUNDRED ELEVENTH CONGRESS FIRST SESSION AUGUST 4, 2009 Printed for the use of the Committee...","","2009-08-04"
"410","Congressional Hearings","CHRG-111shrg55360","CHRG-111shrg55360","Toward a Comprehensive Strategy for Sudan","https://www.govinfo.gov/app/details/CHRG-111shrg55360/CHRG-111shrg55360","https://www.govinfo.gov/content/pkg/CHRG-111shrg55360/pdf/CHRG-111shrg55360.pdf","1.4 MB","https://www.govinfo.gov/content/pkg/CHRG-111shrg55360/html/CHRG-111shrg55360.htm","335.0 KB","","0 B","","0 B","","0 B"," CONGRESS FIRST SESSION JULY 30, 2009 Printed for the use of the Committee on Foreign Relations Available via the World Wide Web: http://www.gpoaccess.gov/congress/ index.html U.S. GOVERNMENT PRINTING OFFICE 55-360 PDF WASHINGTON : 2010 For sale by the Superintendent of Documents, U.S. Government Printing Office Internet: bookstore.gpo.gov Phone: ...","","2009-07-30"
"411","Congressional Hearings","CHRG-111shrg53273","CHRG-111shrg53273","Responding to Pakistan's Idp Crisis","https://www.govinfo.gov/app/details/CHRG-111shrg53273/CHRG-111shrg53273","https://www.govinfo.gov/content/pkg/CHRG-111shrg53273/pdf/CHRG-111shrg53273.pdf","631.4 KB","https://www.govinfo.gov/content/pkg/CHRG-111shrg53273/html/CHRG-111shrg53273.htm","193.1 KB","","0 B","","0 B","","0 B"," ON FOREIGN RELATIONS UNITED STATES SENATE ONE HUNDRED ELEVENTH CONGRESS FIRST SESSION JULY 29, 2009 Printed for the use of the Committee on Foreign Relations Available via the World Wide Web: http://www.access.gpo.gov/congress/ senate U.S. GOVERNMENT PRINTING OFFICE 53-273 WASHINGTON : 2009 For Sale by the Superintendent of Documents, U.S. ...","","2009-07-29"
"412","Congressional Hearings","CHRG-111shrg53676","CHRG-111shrg53676","The Case for Reform: Foreign Aid and Development in a New Era","https://www.govinfo.gov/app/details/CHRG-111shrg53676/CHRG-111shrg53676","https://www.govinfo.gov/content/pkg/CHRG-111shrg53676/pdf/CHRG-111shrg53676.pdf","644.4 KB","https://www.govinfo.gov/content/pkg/CHRG-111shrg53676/html/CHRG-111shrg53676.htm","217.0 KB","","0 B","","0 B","","0 B","ONE HUNDRED ELEVENTH CONGRESS FIRST SESSION JULY 22, 2009 Printed for the use of the Committee on Foreign Relations [TIFF NOT AVAILABLE IN GRAPHICS FORMAT] Available via the World Wide Web: http://www.access.gpo.gov/congress/ senate U.S. GOVERNMENT PRINTING OFFICE 53-676 PDF WASHINGTON: 2009 For Sale by the Superintendent of Documents, U.S. ...","","2009-07-22"
"413","Congressional Hearings","CHRG-111shrg54243","CHRG-111shrg54243","Climate Change and Global Security: Challenges, Threats and Diplomatic Opportunities","https://www.govinfo.gov/app/details/CHRG-111shrg54243/CHRG-111shrg54243","https://www.govinfo.gov/content/pkg/CHRG-111shrg54243/pdf/CHRG-111shrg54243.pdf","257.0 KB","https://www.govinfo.gov/content/pkg/CHRG-111shrg54243/html/CHRG-111shrg54243.htm","187.9 KB","","0 B","","0 B","","0 B"," UNITED STATES SENATE ONE HUNDRED ELEVENTH CONGRESS FIRST SESSION JULY 21, 2009 Printed for the use of the Committee on Foreign Relations Available via the World Wide Web: http://www.gpoaccess.gov/congress/ index.html U.S. GOVERNMENT PRINTING OFFICE 54-243 PDF WASHINGTON : 2010 For sale by the Superintendent of Documents, U.S. Government Printing ...","","2009-07-21"
"414","Congressional Hearings","CHRG-111shrg52675","CHRG-111shrg52675","$150 Oil: Instability, Terrorism and Economic Disruption","https://www.govinfo.gov/app/details/CHRG-111shrg52675/CHRG-111shrg52675","https://www.govinfo.gov/content/pkg/CHRG-111shrg52675/pdf/CHRG-111shrg52675.pdf","948.5 KB","https://www.govinfo.gov/content/pkg/CHRG-111shrg52675/html/CHRG-111shrg52675.htm","92.1 KB","","0 B","","0 B","","0 B"," ELEVENTH CONGRESS FIRST SESSION JULY 16, 2009 Printed for the use of the Committee on Foreign Relations Available via the World Wide Web: http://www.access.gpo.gov/congress/ senate U.S. GOVERNMENT PRINTING OFFICE 52-675 WASHINGTON : 2009 For sale by the Superintendent of Documents, U.S. Government Printing Office Internet: bookstore.gpo.gov ...","","2009-07-16"
"415","Congressional Hearings","CHRG-111shrg53022","CHRG-111shrg53022","Maritime Disputes and Sovereignty Issues in East Asia","https://www.govinfo.gov/app/details/CHRG-111shrg53022/CHRG-111shrg53022","https://www.govinfo.gov/content/pkg/CHRG-111shrg53022/pdf/CHRG-111shrg53022.pdf","265.0 KB","https://www.govinfo.gov/content/pkg/CHRG-111shrg53022/html/CHRG-111shrg53022.htm","200.7 KB","","0 B","","0 B","","0 B"," ON FOREIGN RELATIONS UNITED STATES SENATE ONE HUNDRED ELEVENTH CONGRESS FIRST SESSION JULY 15, 2009 Printed for the use of the Committee on Foreign Relations Available via the World Wide Web: http://www.access.gpo.gov/congress/ senate U.S. GOVERNMENT PRINTING OFFICE 53-022 WASHINGTON : 2009 For Sale by the Superintendent of Documents, U.S. ...","","2009-07-15"
"416","Congressional Hearings","CHRG-111shrg52910","CHRG-111shrg52910","Industrial Competitiveness Under Climate Policies: Lessons from Europe","https://www.govinfo.gov/app/details/CHRG-111shrg52910/CHRG-111shrg52910","https://www.govinfo.gov/content/pkg/CHRG-111shrg52910/pdf/CHRG-111shrg52910.pdf","579.9 KB","https://www.govinfo.gov/content/pkg/CHRG-111shrg52910/html/CHRG-111shrg52910.htm","138.4 KB","","0 B","","0 B","","0 B"," ON FOREIGN RELATIONS UNITED STATES SENATE ONE HUNDRED ELEVENTH CONGRESS FIRST SESSION JULY 8, 2009 Printed for the use of the Committee on Foreign Relations Available via the World Wide Web: http://www.access.gpo.gov/congress/ senate U.S. GOVERNMENT PRINTING OFFICE 52-910 WASHINGTON : 2009 For sale by the Superintendent of Documents, U.S. ...","","2009-07-08"
"417","Congressional Hearings","CHRG-111shrg65252","CHRG-111shrg65252","Nominations","https://www.govinfo.gov/app/details/CHRG-111shrg65252/CHRG-111shrg65252","https://www.govinfo.gov/content/pkg/CHRG-111shrg65252/pdf/CHRG-111shrg65252.pdf","225.0 KB","https://www.govinfo.gov/content/pkg/CHRG-111shrg65252/html/CHRG-111shrg65252.htm","4.0 KB","","0 B","","0 B","","0 B",", 2009 Printed for the use of the Committee on Foreign Relations Available via the World Wide Web: http://www.fdsys.gpo.gov U.S. GOVERNMENT PRINTING OFFICE 65-252 WASHINGTON : 2011 For sale by the Superintendent of Documents, U.S. Government Printing Office, http://bookstore.gpo.gov. For more information, contact the GPO Customer Contact Center, ...","","2009-07-07"
"418","Congressional Hearings","CHRG-111shrg52925","CHRG-111shrg52925","Confronting Drug Trafficking in West Africa","https://www.govinfo.gov/app/details/CHRG-111shrg52925/CHRG-111shrg52925","https://www.govinfo.gov/content/pkg/CHRG-111shrg52925/pdf/CHRG-111shrg52925.pdf","901.4 KB","https://www.govinfo.gov/content/pkg/CHRG-111shrg52925/html/CHRG-111shrg52925.htm","206.0 KB","","0 B","","0 B","","0 B","UNITED STATES SENATE ONE HUNDRED ELEVENTH CONGRESS FIRST SESSION JUNE 23, 2009 Printed for the use of the Committee on Foreign Relations Available via the World Wide Web: http://www.access.gpo.gov/congress/ senate U.S. GOVERNMENT PRINTING OFFICE 52-925 PDF WASHINGTON : 2009 For sale by the Superintendent of Documents, U.S. Government Printing ...","","2009-06-23"
"419","Congressional Hearings","CHRG-111shrg55463","CHRG-111shrg55463","North Korea Back at the Brink?","https://www.govinfo.gov/app/details/CHRG-111shrg55463/CHRG-111shrg55463","https://www.govinfo.gov/content/pkg/CHRG-111shrg55463/pdf/CHRG-111shrg55463.pdf","366.4 KB","https://www.govinfo.gov/content/pkg/CHRG-111shrg55463/html/CHRG-111shrg55463.htm","202.7 KB","","0 B","","0 B","","0 B"," SESSION JUNE 11, 2009 Printed for the use of the Committee on Foreign Relations Available via the World Wide Web: http://www.gpoaccess.gov/congress/ index.html U.S. GOVERNMENT PRINTING OFFICE 55-463 WASHINGTON : 2009 For sale by the Superintendent of Documents, U.S. Government Printing Office Internet: bookstore.gpo.gov Phone: toll free (866) ...","","2009-06-11"
"420","Congressional Hearings","CHRG-111shrg65251","CHRG-111shrg65251","Nomination","https://www.govinfo.gov/app/details/CHRG-111shrg65251/CHRG-111shrg65251","https://www.govinfo.gov/content/pkg/CHRG-111shrg65251/pdf/CHRG-111shrg65251.pdf","183.3 KB","https://www.govinfo.gov/content/pkg/CHRG-111shrg65251/html/CHRG-111shrg65251.htm","109.1 KB","","0 B","","0 B","","0 B"," DATE HERE deg.JUNE 9, 2009 Printed for the use of the Committee on Foreign Relations Available via the World Wide Web: http://www.fdsys.gpo.gov U.S. GOVERNMENT PRINTING OFFICE 65-251 PDF WASHINGTON : 2011 For sale by the Superintendent of Documents, U.S. Government Printing Office Internet: bookstore.gpo.gov Phone: toll free (866) 512-1800; DC ...","","2009-06-09"
"421","Congressional Hearings","CHRG-111shrg51901","CHRG-111shrg51901","Challenges and Opportunities for U.S.-China Cooperation on Climate Change","https://www.govinfo.gov/app/details/CHRG-111shrg51901/CHRG-111shrg51901","https://www.govinfo.gov/content/pkg/CHRG-111shrg51901/pdf/CHRG-111shrg51901.pdf","771.8 KB","https://www.govinfo.gov/content/pkg/CHRG-111shrg51901/html/CHRG-111shrg51901.htm","200.7 KB","","0 B","","0 B","","0 B"," SENATE ONE HUNDRED ELEVENTH CONGRESS FIRST SESSION JUNE 4, 2009 Printed for the use of the Committee on Foreign Relations Available via the World Wide Web: http://www.access.gpo.gov/congress/ senate U.S. GOVERNMENT PRINTING OFFICE 51-901 WASHINGTON : 2009 For sale by the Superintendent of Documents, U.S. Government Printing Office Internet: ...","","2009-06-04"
"422","Congressional Hearings","CHRG-111shrg55426","CHRG-111shrg55426","A New Strategy for Afghanistan and Pakistan","https://www.govinfo.gov/app/details/CHRG-111shrg55426/CHRG-111shrg55426","https://www.govinfo.gov/content/pkg/CHRG-111shrg55426/pdf/CHRG-111shrg55426.pdf","203.8 KB","https://www.govinfo.gov/content/pkg/CHRG-111shrg55426/html/CHRG-111shrg55426.htm","139.1 KB","","0 B","","0 B","","0 B"," CONGRESS FIRST SESSION MAY 21, 2009 Printed for the use of the Committee on Foreign Relations Available via the World Wide Web: http://www.gpoaccess.gov/congress/ index.html U.S. GOVERNMENT PRINTING OFFICE 55-426 PDF WASHINGTON : 2010 For sale by the Superintendent of Documents, U.S. Government Printing Office Internet: bookstore.gpo.gov Phone: ...","","2009-05-21"
"423","Congressional Hearings","CHRG-111shrg52880","CHRG-111shrg52880","Developing a Coordinated and Sustainable Strategy for Somalia","https://www.govinfo.gov/app/details/CHRG-111shrg52880/CHRG-111shrg52880","https://www.govinfo.gov/content/pkg/CHRG-111shrg52880/pdf/CHRG-111shrg52880.pdf","208.9 KB","https://www.govinfo.gov/content/pkg/CHRG-111shrg52880/html/CHRG-111shrg52880.htm","117.9 KB","","0 B","","0 B","","0 B","FOREIGN RELATIONS UNITED STATES SENATE ONE HUNDRED ELEVENTH CONGRESS FIRST SESSION MAY 20, 2009 Printed for the use of the Committee on Foreign Relations Available via the World Wide Web: http://www.access.gpo.gov/congress/ senate U.S. GOVERNMENT PRINTING OFFICE 52-880 WASHINGTON : 2009 For sale by the Superintendent of Documents, U.S. Government ...","","2009-05-20"
"424","Congressional Hearings","CHRG-111shrg54874","CHRG-111shrg54874","Foreign Policy Priorities in the President's FY10 International Affairs Budget","https://www.govinfo.gov/app/details/CHRG-111shrg54874/CHRG-111shrg54874","https://www.govinfo.gov/content/pkg/CHRG-111shrg54874/pdf/CHRG-111shrg54874.pdf","3.6 MB","https://www.govinfo.gov/content/pkg/CHRG-111shrg54874/html/CHRG-111shrg54874.htm","357.5 KB","","0 B","","0 B","","0 B"," STATES SENATE ONE HUNDRED ELEVENTH CONGRESS FIRST SESSION MAY 20, 2009 Printed for the use of the Committee on Foreign Relations Available via the World Wide Web: http://www.gpoaccess.gov/congress/ index.html U.S. GOVERNMENT PRINTING OFFICE 54-874 PDF WASHINGTON : 2010 For sale by the Superintendent of Documents, U.S. Government Printing Office ...","","2009-05-20"
"425","Congressional Hearings","CHRG-111shrg53175","CHRG-111shrg53175","Pathways to a ""Green"" Global Economic Recovery","https://www.govinfo.gov/app/details/CHRG-111shrg53175/CHRG-111shrg53175","https://www.govinfo.gov/content/pkg/CHRG-111shrg53175/pdf/CHRG-111shrg53175.pdf","240.7 KB","https://www.govinfo.gov/content/pkg/CHRG-111shrg53175/html/CHRG-111shrg53175.htm","153.3 KB","","0 B","","0 B","","0 B"," CONGRESS FIRST SESSION MAY 19, 2009 Printed for the use of the Committee on Foreign Relations Available via the World Wide Web: http://www.access.gpo.gov/congress/ senate U.S. GOVERNMENT PRINTING OFFICE 53-175 WASHINGTON : 2009 For sale by the Superintendent of Documents, U.S. Government Printing Office Internet: bookstore.gpo.gov Phone: ...","","2009-05-19"
"426","Congressional Hearings","CHRG-111shrg55116","CHRG-111shrg55116","The Middle East: The Road to Peace","https://www.govinfo.gov/app/details/CHRG-111shrg55116/CHRG-111shrg55116","https://www.govinfo.gov/content/pkg/CHRG-111shrg55116/pdf/CHRG-111shrg55116.pdf","195.4 KB","https://www.govinfo.gov/content/pkg/CHRG-111shrg55116/html/CHRG-111shrg55116.htm","129.0 KB","","0 B","","0 B","","0 B"," FIRST SESSION MAY 14, 2009 Printed for the use of the Committee on Foreign Relations Available via the World Wide Web: http://www.gpoaccess.gov/congress/ index.html U.S. GOVERNMENT PRINTING OFFICE 55-116 PDF WASHINGTON : 2010 For sale by the Superintendent of Documents, U.S. Government Printing Office Internet: bookstore.gpo.gov Phone: toll free...","","2009-05-14"
"427","Congressional Hearings","CHRG-111shrg53635","CHRG-111shrg53635","Confronting Rape and Other Forms of Violence Against Women in Conflict Zones Spotlight: Drc and Sudan","https://www.govinfo.gov/app/details/CHRG-111shrg53635/CHRG-111shrg53635","https://www.govinfo.gov/content/pkg/CHRG-111shrg53635/pdf/CHRG-111shrg53635.pdf","349.9 KB","https://www.govinfo.gov/content/pkg/CHRG-111shrg53635/html/CHRG-111shrg53635.htm","313.1 KB","","0 B","","0 B","","0 B"," ON AFRICAN AFFAIRS AND THE SUBCOMMITTEE ON INTERNATIONAL OPERATIONS AND ORGANIZATIONS, HUMAN RIGHTS, DEMOCRACY, AND GLOBAL WOMEN'S ISSUES OF THE COMMITTEE ON FOREIGN RELATIONS UNITED STATES SENATE ONE HUNDRED ELEVENTH CONGRESS FIRST SESSION MAY 13, 2009 Printed for the use of the Committee on Foreign Relations Available via the World Wide Web: ...","","2009-05-13"
"428","Congressional Hearings","CHRG-111shrg51825","CHRG-111shrg51825","Energy Security: Historical Perspectives and Modern Challenges","https://www.govinfo.gov/app/details/CHRG-111shrg51825/CHRG-111shrg51825","https://www.govinfo.gov/content/pkg/CHRG-111shrg51825/pdf/CHRG-111shrg51825.pdf","231.6 KB","https://www.govinfo.gov/content/pkg/CHRG-111shrg51825/html/CHRG-111shrg51825.htm","144.2 KB","","0 B","","0 B","","0 B","ONE HUNDRED ELEVENTH CONGRESS FIRST SESSION MAY 12, 2009 Printed for the use of the Committee on Foreign Relations Available via the World Wide Web: http://www.access.gpo.gov/congress/ senate U.S. GOVERNMENT PRINTING OFFICE 51-825 PDF WASHINGTON : 2009 For sale by the Superintendent of Documents, U.S. Government Printing Office Internet: ...","","2009-05-12"
"429","Congressional Hearings","CHRG-111shrg53160","CHRG-111shrg53160","U.S. Strategy Toward Pakistan","https://www.govinfo.gov/app/details/CHRG-111shrg53160/CHRG-111shrg53160","https://www.govinfo.gov/content/pkg/CHRG-111shrg53160/pdf/CHRG-111shrg53160.pdf","262.7 KB","https://www.govinfo.gov/content/pkg/CHRG-111shrg53160/html/CHRG-111shrg53160.htm","198.9 KB","","0 B","","0 B","","0 B"," SESSION MAY 12, 2009 Printed for the use of the Committee on Foreign Relations Available via the World Wide Web: http://www.access.gpo.gov/congress/ senate U.S. GOVERNMENT PRINTING OFFICE 53-160 WASHINGTON : 2009 For Sale by the Superintendent of Documents, U.S. Government Printing Office Internet: bookstore.gpo.gov Phone: toll free (866) 512-...","","2009-05-12"
"430","Congressional Hearings","CHRG-111shrg52971","CHRG-111shrg52971","Engaging Iran: Obstacles and Opportunities","https://www.govinfo.gov/app/details/CHRG-111shrg52971/CHRG-111shrg52971","https://www.govinfo.gov/content/pkg/CHRG-111shrg52971/pdf/CHRG-111shrg52971.pdf","2.0 MB","https://www.govinfo.gov/content/pkg/CHRG-111shrg52971/html/CHRG-111shrg52971.htm","138.2 KB","","0 B","","0 B","","0 B"," CONGRESS FIRST SESSION MAY 6, 2009 Printed for the use of the Committee on Foreign Relations Available via the World Wide Web: http://www.access.gpo.gov/congress/ senate U.S. GOVERNMENT PRINTING OFFICE 52-971 WASHINGTON : 2009 For sale by the Superintendent of Documents, U.S. Government Printing Office Internet: bookstore.gpo.gov Phone: toll free...","","2009-05-06"
"431","Congressional Hearings","CHRG-111shrg61621","CHRG-111shrg61621","NATO Post-60: Institutional Challenges Moving Forward","https://www.govinfo.gov/app/details/CHRG-111shrg61621/CHRG-111shrg61621","https://www.govinfo.gov/content/pkg/CHRG-111shrg61621/pdf/CHRG-111shrg61621.pdf","233.1 KB","https://www.govinfo.gov/content/pkg/CHRG-111shrg61621/html/CHRG-111shrg61621.htm","181.9 KB","","0 B","","0 B","","0 B"," RELATIONS UNITED STATES SENATE ONE HUNDRED ELEVENTH CONGRESS FIRST SESSION MAY 6, 2009 Printed for the use of the Committee on Foreign Relations Available via the World Wide Web: http://www.access.gpo.gov/congress/ senate U.S. GOVERNMENT PRINTING OFFICE 61-621 PDF WASHINGTON : 2010 For sale by the Superintendent of Documents, U.S. Government ...","","2009-05-06"
"432","Congressional Hearings","CHRG-111shrg52640","CHRG-111shrg52640","Confronting Piracy off the Coast of Somalia","https://www.govinfo.gov/app/details/CHRG-111shrg52640/CHRG-111shrg52640","https://www.govinfo.gov/content/pkg/CHRG-111shrg52640/pdf/CHRG-111shrg52640.pdf","231.3 KB","https://www.govinfo.gov/content/pkg/CHRG-111shrg52640/html/CHRG-111shrg52640.htm","140.0 KB","","0 B","","0 B","","0 B"," CONGRESS FIRST SESSION APRIL 30, 2009 Printed for the use of the Committee on Foreign Relations Available via the World Wide Web: http://www.access.gpo.gov/congress/ senate U.S. GOVERNMENT PRINTING OFFICE 52-640 WASHINGTON : 2009 For sale by the Superintendent of Documents, U.S. Government Printing Office Internet: bookstore.gpo.gov Phone: toll ...","","2009-04-30"
"433","Congressional Hearings","CHRG-111shrg54641","CHRG-111shrg54641","War Powers in the 21st Century","https://www.govinfo.gov/app/details/CHRG-111shrg54641/CHRG-111shrg54641","https://www.govinfo.gov/content/pkg/CHRG-111shrg54641/pdf/CHRG-111shrg54641.pdf","3.1 MB","https://www.govinfo.gov/content/pkg/CHRG-111shrg54641/html/CHRG-111shrg54641.htm","111.2 KB","","0 B","","0 B","","0 B"," SESSION APRIL 28, 2009 Printed for the use of the Committee on Foreign Relations Available via the World Wide Web: http://www.gpoaccess.gov/congress/ index.html U.S. GOVERNMENT PRINTING OFFICE 54-641 PDF WASHINGTON : 2010 For sale by the Superintendent of Documents, U.S. Government Printing Office Internet: bookstore.gpo.gov Phone: toll free (...","","2009-04-28"
"434","Congressional Hearings","CHRG-111shrg65250","CHRG-111shrg65250","Nomination","https://www.govinfo.gov/app/details/CHRG-111shrg65250/CHRG-111shrg65250","https://www.govinfo.gov/content/pkg/CHRG-111shrg65250/pdf/CHRG-111shrg65250.pdf","264.7 KB","https://www.govinfo.gov/content/pkg/CHRG-111shrg65250/html/CHRG-111shrg65250.htm","231.8 KB","","0 B","","0 B","","0 B",", 2009 Printed for the use of the Committee on Foreign Relations Available via the World Wide Web: http://www.fdsys.gpo.gov U.S. GOVERNMENT PRINTING OFFICE 65-250 PDF WASHINGTON : 2011 For sale by the Superintendent of Documents, U.S. Government Printing Office Internet: bookstore.gpo.gov Phone: toll free (866) 512-1800; DC area (202) 512-1800 Fax...","","2009-04-28"
"435","Congressional Hearings","CHRG-111shrg54698","CHRG-111shrg54698","Voice of Veterans of the Afghan War","https://www.govinfo.gov/app/details/CHRG-111shrg54698/CHRG-111shrg54698","https://www.govinfo.gov/content/pkg/CHRG-111shrg54698/pdf/CHRG-111shrg54698.pdf","209.1 KB","https://www.govinfo.gov/content/pkg/CHRG-111shrg54698/html/CHRG-111shrg54698.htm","149.1 KB","","0 B","","0 B","","0 B"," FIRST SESSION APRIL 23, 2009 Printed for the use of the Committee on Foreign Relations Available via the World Wide Web: http://www.gpoaccess.gov/congress/ index.html U.S. GOVERNMENT PRINTING OFFICE 54-698 PDF WASHINGTON : 2010 For sale by the Superintendent of Documents, U.S. Government Printing Office Internet: bookstore.gpo.gov Phone: toll ...","","2009-04-23"
"436","Congressional Hearings","CHRG-111shrg53910","CHRG-111shrg53910","Global Climate Change: U.S. Leadership for a New Global Agreement","https://www.govinfo.gov/app/details/CHRG-111shrg53910/CHRG-111shrg53910","https://www.govinfo.gov/content/pkg/CHRG-111shrg53910/pdf/CHRG-111shrg53910.pdf","799.9 KB","https://www.govinfo.gov/content/pkg/CHRG-111shrg53910/html/CHRG-111shrg53910.htm","332.0 KB","","0 B","","0 B","","0 B"," ONE HUNDRED ELEVENTH CONGRESS FIRST SESSION APRIL 22, 2009 Printed for the use of the Committee on Foreign Relations Available via the World Wide Web: http://www.access.gpo.gov/congress/ senate U.S. GOVERNMENT PRINTING OFFICE 53-910 WASHINGTON : 2009 For Sale by the Superintendent of Documents, U.S. Government Printing Office Internet: ...","","2009-04-22"
"437","Congressional Hearings","CHRG-111shrg50025","CHRG-111shrg50025","Strengthening U.S. Diplomatic Capacity in Africa","https://www.govinfo.gov/app/details/CHRG-111shrg50025/CHRG-111shrg50025","https://www.govinfo.gov/content/pkg/CHRG-111shrg50025/pdf/CHRG-111shrg50025.pdf","241.8 KB","https://www.govinfo.gov/content/pkg/CHRG-111shrg50025/html/CHRG-111shrg50025.htm","163.5 KB","","0 B","","0 B","","0 B"," UNITED STATES SENATE ONE HUNDRED ELEVENTH CONGRESS FIRST SESSION April 21, 2009 Printed for the use of the Committee on Foreign Relations Available via the World Wide Web: http://www.access.gpo.gov/congress/ senate U.S. GOVERNMENT PRINTING OFFICE 50-025 WASHINGTON : 2009 For sale by the Superintendent of Documents, U.S. Government Printing ...","","2009-04-21"
"438","Congressional Hearings","CHRG-111shrg55827","CHRG-111shrg55827","Usaid in the 21st Century","https://www.govinfo.gov/app/details/CHRG-111shrg55827/CHRG-111shrg55827","https://www.govinfo.gov/content/pkg/CHRG-111shrg55827/pdf/CHRG-111shrg55827.pdf","241.1 KB","https://www.govinfo.gov/content/pkg/CHRG-111shrg55827/html/CHRG-111shrg55827.htm","200.3 KB","","0 B","","0 B","","0 B","INTERNATIONAL ENVIRONMENTAL PROTECTION OF THE COMMITTEE ON FOREIGN RELATIONS UNITED STATES SENATE ONE HUNDRED ELEVENTH CONGRESS FIRST SESSION APRIL 1, 2009 Printed for the use of the Committee on Foreign Relations Available via the World Wide Web: http://www.gpoaccess.gov/congress/ index.html U.S. GOVERNMENT PRINTING OFFICE 55-827 WASHINGTON : 2010...","","2009-04-01"
"439","Congressional Hearings","CHRG-111shrg51951","CHRG-111shrg51951","The Return and Resettlement of Displaced Iraqis","https://www.govinfo.gov/app/details/CHRG-111shrg51951/CHRG-111shrg51951","https://www.govinfo.gov/content/pkg/CHRG-111shrg51951/pdf/CHRG-111shrg51951.pdf","271.8 KB","https://www.govinfo.gov/content/pkg/CHRG-111shrg51951/html/CHRG-111shrg51951.htm","208.8 KB","","0 B","","0 B","","0 B"," THE COMMITTEE ON FOREIGN RELATIONS UNITED STATES SENATE ONE HUNDRED ELEVENTH CONGRESS FIRST SESSION MARCH 31, 2009 Printed for the use of the Committee on Foreign Relations Available via the World Wide Web: http://www.access.gpo.gov/congress/ senate U.S. GOVERNMENT PRINTING OFFICE 51-951 PDF WASHINGTON : 2009 For sale by the Superintendent of ...","","2009-03-31"
"440","Congressional Hearings","CHRG-111shrg52293","CHRG-111shrg52293","U.S.-Mexican Border Violence","https://www.govinfo.gov/app/details/CHRG-111shrg52293/CHRG-111shrg52293","https://www.govinfo.gov/content/pkg/CHRG-111shrg52293/pdf/CHRG-111shrg52293.pdf","338.7 KB","https://www.govinfo.gov/content/pkg/CHRG-111shrg52293/html/CHRG-111shrg52293.htm","286.6 KB","","0 B","","0 B","","0 B"," SESSION MARCH 30, 2009 Printed for the use of the Committee on Foreign Relations Available via the World Wide Web: http://www.access.gpo.gov/congress/ senate U.S. GOVERNMENT PRINTING OFFICE 52-293 PDF WASHINGTON : 2009 For sale by the Superintendent of Documents, U.S. Government Printing Office Internet: bookstore.gpo.gov Phone: toll free (866) ...","","2009-03-30"
"441","Congressional Hearings","CHRG-111shrg65249","CHRG-111shrg65249","Nomination","https://www.govinfo.gov/app/details/CHRG-111shrg65249/CHRG-111shrg65249","https://www.govinfo.gov/content/pkg/CHRG-111shrg65249/pdf/CHRG-111shrg65249.pdf","205.1 KB","https://www.govinfo.gov/content/pkg/CHRG-111shrg65249/html/CHRG-111shrg65249.htm","139.1 KB","","0 B","","0 B","","0 B",", 2009 Printed for the use of the Committee on Foreign Relations Available via the World Wide Web: http://www.fdsys.gpo.gov U.S. GOVERNMENT PRINTING OFFICE 65-249 PDF WASHINGTON : 2011 For sale by the Superintendent of Documents, U.S. Government Printing Office Internet: bookstore.gpo.gov Phone: toll free (866) 512-1800; DC area (202) 512-1800 Fax...","","2009-03-26"
"442","Congressional Hearings","CHRG-111shrg55676","CHRG-111shrg55676","Foreign Policy and the Global Economic Crisis","https://www.govinfo.gov/app/details/CHRG-111shrg55676/CHRG-111shrg55676","https://www.govinfo.gov/content/pkg/CHRG-111shrg55676/pdf/CHRG-111shrg55676.pdf","343.9 KB","https://www.govinfo.gov/content/pkg/CHRG-111shrg55676/html/CHRG-111shrg55676.htm","138.0 KB","","0 B","","0 B","","0 B"," CONGRESS FIRST SESSION MARCH 25, 2009 Printed for the use of the Committee on Foreign Relations Available via the World Wide Web: http://www.gpoaccess.gov/congress/ index.html U.S. GOVERNMENT PRINTING OFFICE 55-676 PDF WASHINGTON : 2010 For sale by the Superintendent of Documents, U.S. Government Printing Office Internet: bookstore.gpo.gov ...","","2009-03-25"
"443","Congressional Hearings","CHRG-111shrg65248","CHRG-111shrg65248","Nomination","https://www.govinfo.gov/app/details/CHRG-111shrg65248/CHRG-111shrg65248","https://www.govinfo.gov/content/pkg/CHRG-111shrg65248/pdf/CHRG-111shrg65248.pdf","5.5 MB","https://www.govinfo.gov/content/pkg/CHRG-111shrg65248/html/CHRG-111shrg65248.htm","206.9 KB","","0 B","","0 B","","0 B",", 2009 Printed for the use of the Committee on Foreign Relations [GRAPHIC NOT AVAILABLE IN TIFF FORMAT] Available via the World Wide Web: http://www.fdsys.gpo.gov U.S. GOVERNMENT PRINTING OFFICE 65-248 PDF WASHINGTON: 2011 For sale by the Superintendent of Documents, U.S. Government Printing Office, http://bookstore.gpo.gov. For more information, ...","","2009-03-25"
"444","Congressional Hearings","CHRG-111shrg51957","CHRG-111shrg51957","Alleviating Global Hunger: Challenges and Opportunities for U.S. Leadership","https://www.govinfo.gov/app/details/CHRG-111shrg51957/CHRG-111shrg51957","https://www.govinfo.gov/content/pkg/CHRG-111shrg51957/pdf/CHRG-111shrg51957.pdf","332.2 KB","https://www.govinfo.gov/content/pkg/CHRG-111shrg51957/html/CHRG-111shrg51957.htm","292.7 KB","","0 B","","0 B","","0 B"," SENATE ONE HUNDRED ELEVENTH CONGRESS FIRST SESSION INSERT DATE HERE deg.MARCH 24, 2009 Printed for the use of the Committee on Foreign Relations Available via the World Wide Web: http://www.gpoaccess.gov/congress/index.html U.S. GOVERNMENT PRINTING OFFICE 51-957 WASHINGTON : 2009 For Sale by the Superintendent of Documents, U.S. Government ...","","2009-03-24"
"445","Congressional Hearings","CHRG-111shrg51415","CHRG-111shrg51415","Prospects for Engagement with Russia","https://www.govinfo.gov/app/details/CHRG-111shrg51415/CHRG-111shrg51415","https://www.govinfo.gov/content/pkg/CHRG-111shrg51415/pdf/CHRG-111shrg51415.pdf","337.2 KB","https://www.govinfo.gov/content/pkg/CHRG-111shrg51415/html/CHRG-111shrg51415.htm","303.6 KB","","0 B","","0 B","","0 B"," FIRST SESSION MARCH 19, 2009 Printed for the use of the Committee on Foreign Relations Available via the World Wide Web: http://www.gpoaccess.gov/congress/index.html U.S. GOVERNMENT PRINTING OFFICE 51-415 WASHINGTON : 2009 For sale by the Superintendent of Documents, U.S. Government Printing Office Internet: bookstore.gpo.gov Phone: toll free (...","","2009-03-19"
"446","Congressional Hearings","CHRG-111shrg50464","CHRG-111shrg50464","U.S. Strategy Regarding Iran","https://www.govinfo.gov/app/details/CHRG-111shrg50464/CHRG-111shrg50464","https://www.govinfo.gov/content/pkg/CHRG-111shrg50464/pdf/CHRG-111shrg50464.pdf","183.8 KB","https://www.govinfo.gov/content/pkg/CHRG-111shrg50464/html/CHRG-111shrg50464.htm","86.3 KB","","0 B","","0 B","","0 B"," SESSION March 5, 2009 Printed for the use of the Committee on Foreign Relations Available via the World Wide Web: http://www.access.gpo.gov/congress/ senate U.S. GOVERNMENT PRINTING OFFICE 50-464 WASHINGTON : 2009 For sale by the Superintendent of Documents, U.S. Government Printing Office Internet: bookstore.gpo.gov Phone: toll free (866) 512-...","","2009-03-05"
"447","Congressional Hearings","CHRG-111shrg52190","CHRG-111shrg52190","Iranian Political and Nuclear Realities and United States Policy Options","https://www.govinfo.gov/app/details/CHRG-111shrg52190/CHRG-111shrg52190","https://www.govinfo.gov/content/pkg/CHRG-111shrg52190/pdf/CHRG-111shrg52190.pdf","276.5 KB","https://www.govinfo.gov/content/pkg/CHRG-111shrg52190/html/CHRG-111shrg52190.htm","214.8 KB","","0 B","","0 B","","0 B"," SENATE ONE HUNDRED ELEVENTH CONGRESS FIRST SESSION MARCH 3, 2009 Printed for the use of the Committee on Foreign Relations Available via the World Wide Web: http://www.access.gpo.gov/congress/ senate U.S. GOVERNMENT PRINTING OFFICE 52-190 WASHINGTON : 2009 For Sale by the Superintendent of Documents, U.S. Government Printing Office Internet: ...","","2009-03-03"
"448","Congressional Hearings","CHRG-111shrg51302","CHRG-111shrg51302","Engaging with Muslim Communities Around the World","https://www.govinfo.gov/app/details/CHRG-111shrg51302/CHRG-111shrg51302","https://www.govinfo.gov/content/pkg/CHRG-111shrg51302/pdf/CHRG-111shrg51302.pdf","279.7 KB","https://www.govinfo.gov/content/pkg/CHRG-111shrg51302/html/CHRG-111shrg51302.htm","210.5 KB","","0 B","","0 B","","0 B"," CONGRESS FIRST SESSION [DATE OF HEARING] deg.February 26, 2009 Printed for the use of the Committee on Foreign Relations Available via the World Wide Web: http://www.access.gpo.gov/congress/senate U.S. GOVERNMENT PRINTING OFFICE 51-302 WASHINGTON : 2009 For Sale by the Superintendent of Documents, U.S. Government Printing Office Internet: ...","","2009-02-26"
"449","Congressional Hearings","CHRG-111shrg56129","CHRG-111shrg56129","Recent Developments in Sri Lanka","https://www.govinfo.gov/app/details/CHRG-111shrg56129/CHRG-111shrg56129","https://www.govinfo.gov/content/pkg/CHRG-111shrg56129/pdf/CHRG-111shrg56129.pdf","310.7 KB","https://www.govinfo.gov/content/pkg/CHRG-111shrg56129/html/CHRG-111shrg56129.htm","311.3 KB","","0 B","","0 B","","0 B"," ON FOREIGN RELATIONS UNITED STATES SENATE ONE HUNDRED ELEVENTH CONGRESS FIRST SESSION FEBRUARY 24, 2009 Printed for the use of the Committee on Foreign Relations Available via the World Wide Web: http://www.gpoaccess.gov/congress/ index.html U.S. GOVERNMENT PRINTING OFFICE 56-129 WASHINGTON : 2009 For sale by the Superintendent of Documents, U.S. ...","","2009-02-24"
"450","Congressional Hearings","CHRG-111shrg51737","CHRG-111shrg51737","Addressing Global Climate Change: The Road to Copenhagen","https://www.govinfo.gov/app/details/CHRG-111shrg51737/CHRG-111shrg51737","https://www.govinfo.gov/content/pkg/CHRG-111shrg51737/pdf/CHRG-111shrg51737.pdf","284.2 KB","https://www.govinfo.gov/content/pkg/CHRG-111shrg51737/html/CHRG-111shrg51737.htm","210.4 KB","","0 B","","0 B","","0 B"," ELEVENTH CONGRESS FIRST SESSION INSERT DATE HERE deg.JANUARY 28, 2009 Printed for the use of the Committee on Foreign Relations Available via the World Wide Web: http://www.gpoaccess.gov/congress/index.html U.S. GOVERNMENT PRINTING OFFICE 51-737 WASHINGTON : 2009 For Sale by the Superintendent of Documents, U.S. Government Printing Office ...","","2009-01-28"
"451","Congressional Hearings","CHRG-111shrg65247","CHRG-111shrg65247","Nominations","https://www.govinfo.gov/app/details/CHRG-111shrg65247/CHRG-111shrg65247","https://www.govinfo.gov/content/pkg/CHRG-111shrg65247/pdf/CHRG-111shrg65247.pdf","339.6 KB","https://www.govinfo.gov/content/pkg/CHRG-111shrg65247/html/CHRG-111shrg65247.htm","355.2 KB","","0 B","","0 B","","0 B"," 22, 2009 Printed for the use of the Committee on Foreign Relations Available via the World Wide Web: http://www.fdsys.gpo.gov U.S. GOVERNMENT PRINTING OFFICE 65-247 WASHINGTON : 2011 For sale by the Superintendent of Documents, U.S. Government Printing Office, http://bookstore.gpo.gov. For more information, contact the GPO Customer Contact Center...","","2009-01-22"
"452","Congressional Hearings","CHRG-111shrg54640","CHRG-111shrg54640","Nomination of Hon. Susan E. Rice to Be U.N. Representative","https://www.govinfo.gov/app/details/CHRG-111shrg54640/CHRG-111shrg54640","https://www.govinfo.gov/content/pkg/CHRG-111shrg54640/pdf/CHRG-111shrg54640.pdf","437.7 KB","https://www.govinfo.gov/content/pkg/CHRG-111shrg54640/html/CHRG-111shrg54640.htm","456.1 KB","","0 B","","0 B","","0 B"," STATES SENATE ONE HUNDRED ELEVENTH CONGRESS FIRST SESSION INSERT DATE HERE deg.JANUARY 15, 2009 Printed for the use of the Committee on Foreign Relations Available via the World Wide Web: http://www.gpoaccess.gov/congress/index.html U.S. GOVERNMENT PRINTING OFFICE 54-640 WASHINGTON : 2009 For sale by the Superintendent of Documents, U.S. ...","","2009-01-15"
"453","Congressional Hearings","CHRG-111shrg54615","CHRG-111shrg54615","Nomination of Hillary R. Clinton to Be Secretary of State","https://www.govinfo.gov/app/details/CHRG-111shrg54615/CHRG-111shrg54615","https://www.govinfo.gov/content/pkg/CHRG-111shrg54615/pdf/CHRG-111shrg54615.pdf","812.6 KB","https://www.govinfo.gov/content/pkg/CHRG-111shrg54615/html/CHRG-111shrg54615.htm","1.0 MB","","0 B","","0 B","","0 B","HUNDRED ELEVENTH CONGRESS FIRST SESSION JANUARY 13, 2009 Printed for the use of the Committee on Foreign Relations Available via the World Wide Web: http://www.gpoaccess.gov/congress/ index.html U.S. GOVERNMENT PRINTING OFFICE 54-615PDF WASHINGTON : 2010 For sale by the Superintendent of Documents, U.S. Government Printing Office Internet: ...","","2009-01-13"
"454","Congressional Hearings","CHRG-110shrg46317","CHRG-110shrg46317","The Middle East Peace Process: Progress and Prospects","https://www.govinfo.gov/app/details/CHRG-110shrg46317/CHRG-110shrg46317","https://www.govinfo.gov/content/pkg/CHRG-110shrg46317/pdf/CHRG-110shrg46317.pdf","210.3 KB","https://www.govinfo.gov/content/pkg/CHRG-110shrg46317/html/CHRG-110shrg46317.htm","124.1 KB","","0 B","","0 B","","0 B"," TENTH CONGRESS SECOND SESSION SEPTEMBER 25, 2008 Printed for the use of the Committee on Foreign Relations Available via the World Wide Web: http://www.gpoaccess.gov/congress/ index.html U.S. GOVERNMENT PRINTING OFFICE 46-317 PDF WASHINGTON : 2008 For sale by the Superintendent of Documents, U.S. Government Printing Office Internet: ...","","2008-09-25"
"455","Congressional Hearings","CHRG-110shrg47003","CHRG-110shrg47003","Resource Curse or Blessing? Africa's Management of Its Extractive Industries","https://www.govinfo.gov/app/details/CHRG-110shrg47003/CHRG-110shrg47003","https://www.govinfo.gov/content/pkg/CHRG-110shrg47003/pdf/CHRG-110shrg47003.pdf","7.5 MB","https://www.govinfo.gov/content/pkg/CHRG-110shrg47003/html/CHRG-110shrg47003.htm","237.4 KB","","0 B","","0 B","","0 B"," COMMITTEE ON FOREIGN RELATIONS UNITED STATES SENATE ONE HUNDRED TENTH CONGRESS SECOND SESSION SEPTEMBER 24, 2008 Printed for the use of the Committee on Foreign Relations Available via the World Wide Web: http://www.gpoaccess.gov/congress/ index.html U.S. GOVERNMENT PRINTING OFFICE 47-003 PDF WASHINGTON : 2009 For sale by the Superintendent of ...","","2008-09-24"
"456","Congressional Hearings","CHRG-110shrg46951","CHRG-110shrg46951","Agreement for Peaceful Nuclear Cooperation with India","https://www.govinfo.gov/app/details/CHRG-110shrg46951/CHRG-110shrg46951","https://www.govinfo.gov/content/pkg/CHRG-110shrg46951/pdf/CHRG-110shrg46951.pdf","3.5 MB","https://www.govinfo.gov/content/pkg/CHRG-110shrg46951/html/CHRG-110shrg46951.htm","222.6 KB","","0 B","","0 B","","0 B"," TENTH CONGRESS SECOND SESSION SEPTEMBER 18, 2008 Printed for the use of the Committee on Foreign Relations Available via the World Wide Web: U.S. GOVERNMENT PRINTING OFFICE 46-951 PDF WASHINGTON : 2009 For sale by the Superintendent of Documents, U.S. Government Printing Office Internet: bookstore.gpo.gov Phone: toll free(866) 512-1800; DC area...","","2008-09-18"
"457","Congressional Hearings","CHRG-110shrg46828","CHRG-110shrg46828","Russia's Aggression Against Georgia: Consequences and Responses","https://www.govinfo.gov/app/details/CHRG-110shrg46828/CHRG-110shrg46828","https://www.govinfo.gov/content/pkg/CHRG-110shrg46828/pdf/CHRG-110shrg46828.pdf","267.1 KB","https://www.govinfo.gov/content/pkg/CHRG-110shrg46828/html/CHRG-110shrg46828.htm","194.2 KB","","0 B","","0 B","","0 B"," ONE HUNDRED TENTH CONGRESS SECOND SESSION SEPTEMBER 17, 2008 Printed for the use of the Committee on Foreign Relations Available via the World Wide Web: http://www.gpoaccess.gov/congress/index.html U.S. GOVERNMENT PRINTING OFFICE 46-828 PDF WASHINGTON DC: 2009 For Sale by the Superintendent of Documents, U.S. Government Printing Office Internet: ...","","2008-09-17"
"458","Congressional Hearings","CHRG-110shrg44538","CHRG-110shrg44538","Protocols to the North Atlantic Treaty of 1949 on the Accession of the Republic of Albania and the Republic of Croatia (Treaty Doc. 110-20)","https://www.govinfo.gov/app/details/CHRG-110shrg44538/CHRG-110shrg44538","https://www.govinfo.gov/content/pkg/CHRG-110shrg44538/pdf/CHRG-110shrg44538.pdf","222.0 KB","https://www.govinfo.gov/content/pkg/CHRG-110shrg44538/html/CHRG-110shrg44538.htm","135.2 KB","","0 B","","0 B","","0 B","-20) HEARING BEFORE THE COMMITTEE ON FOREIGN RELATIONS UNITED STATES SENATE ONE HUNDRED TENTH CONGRESS SECOND SESSION SEPTEMBER 10, 2008 Printed for the use of the Committee on Foreign Relations Available via the World Wide Web: http://www.gpoaccess.gov/congress/index.html U.S. GOVERNMENT PRINTING OFFICE 44-538 PDF WASHINGTON : 2009 For sale by ...","","2008-09-10"
"459","Congressional Hearings","CHRG-110shrg48042","CHRG-110shrg48042","S. Hrg. 110-764 Defining the Military's Role Toward Foreign Policy","https://www.govinfo.gov/app/details/CHRG-110shrg48042/CHRG-110shrg48042","https://www.govinfo.gov/content/pkg/CHRG-110shrg48042/pdf/CHRG-110shrg48042.pdf","354.5 KB","https://www.govinfo.gov/content/pkg/CHRG-110shrg48042/html/CHRG-110shrg48042.htm","324.4 KB","","0 B","","0 B","","0 B"," TENTH CONGRESS SECOND SESSION JULY 31, 2008 Printed for the use of the Committee on Foreign Relations Available via the World Wide Web: http://www.gpoaccess.gov/congress/ index.html U.S. GOVERNMENT PRINTING OFFICE 48-042 PDF WASHINGTON : 2009 For sale by the Superintendent of Documents, U.S. Government Printing Office Internet: bookstore.gpo.gov ...","","2008-07-31"
"460","Congressional Hearings","CHRG-110shrg47434","CHRG-110shrg47434","U.N. Peacekeeping: Opportunities and Challenges","https://www.govinfo.gov/app/details/CHRG-110shrg47434/CHRG-110shrg47434","https://www.govinfo.gov/content/pkg/CHRG-110shrg47434/pdf/CHRG-110shrg47434.pdf","1.2 MB","https://www.govinfo.gov/content/pkg/CHRG-110shrg47434/html/CHRG-110shrg47434.htm","236.2 KB","","0 B","","0 B","","0 B"," AND HUMAN RIGHTS OF THE COMMITTEE ON FOREIGN RELATIONS UNITED STATES SENATE ONE HUNDRED TENTH CONGRESS SECOND SESSION JULY 23, 2008 Printed for the use of the Committee on Foreign Relations Available via the World Wide Web: http://www.gpoaccess.gov/congress/index.html U.S. GOVERNMENT PRINTING OFFICE 47-434 PDF WASHINGTON DC: 2009 For Sale by ...","","2008-07-23"
"461","Congressional Hearings","CHRG-110shrg46166","CHRG-110shrg46166","The Crisis in Zimbabwe and Prospects for Resolution","https://www.govinfo.gov/app/details/CHRG-110shrg46166/CHRG-110shrg46166","https://www.govinfo.gov/content/pkg/CHRG-110shrg46166/pdf/CHRG-110shrg46166.pdf","543.9 KB","https://www.govinfo.gov/content/pkg/CHRG-110shrg46166/html/CHRG-110shrg46166.htm","178.6 KB","","0 B","","0 B","","0 B"," UNITED STATES SENATE ONE HUNDRED TENTH CONGRESS SECOND SESSION JULY 15, 2008 Printed for the use of the Committee on Foreign Relations Available via the World Wide Web: http://www.gpoaccess.gov/congress/index.html U.S. GOVERNMENT PRINTING OFFICE 46-166 PDF WASHINGTON DC: 2008 For Sale by the Superintendent of Documents, U.S. Government ...","","2008-07-15"
"462","Congressional Hearings","CHRG-110shrg47032","CHRG-110shrg47032","Meeting the Iranian Challenge","https://www.govinfo.gov/app/details/CHRG-110shrg47032/CHRG-110shrg47032","https://www.govinfo.gov/content/pkg/CHRG-110shrg47032/pdf/CHRG-110shrg47032.pdf","225.9 KB","https://www.govinfo.gov/content/pkg/CHRG-110shrg47032/html/CHRG-110shrg47032.htm","143.9 KB","","0 B","","0 B","","0 B"," SESSION JULY 9, 2008 Printed for the use of the Committee on Foreign Relations Available via the World Wide Web: http://www.gpoaccess.gov/congress/index.html U.S. GOVERNMENT PRINTING OFFICE 47-032 PDF WASHINGTON : 2009 For sale by the Superintendent of Documents, U.S. Government Printing Office Internet: bookstore.gpo.gov Phone: toll free(866) ...","","2008-07-09"
"463","Congressional Hearings","CHRG-110shrg46262","CHRG-110shrg46262","A New Strategy for Enhanced Partnership with Pakistan","https://www.govinfo.gov/app/details/CHRG-110shrg46262/CHRG-110shrg46262","https://www.govinfo.gov/content/pkg/CHRG-110shrg46262/pdf/CHRG-110shrg46262.pdf","278.7 KB","https://www.govinfo.gov/content/pkg/CHRG-110shrg46262/html/CHRG-110shrg46262.htm","208.1 KB","","0 B","","0 B","","0 B"," TENTH CONGRESS SECOND SESSION JUNE 25, 2008 Printed for the use of the Committee on Foreign Relations Available via the World Wide Web: http://www.gpoaccess.gov/congress/index.html U.S. GOVERNMENT PRINTING OFFICE 46-262 PDF WASHINGTON : 2008 For sale by the Superintendent of Documents, U.S. Government Printing Office Internet: bookstore.gpo.gov...","","2008-06-25"
"464","Congressional Hearings","CHRG-110shrg45812","CHRG-110shrg45812","International Disaster Assistance: Policy Options","https://www.govinfo.gov/app/details/CHRG-110shrg45812/CHRG-110shrg45812","https://www.govinfo.gov/content/pkg/CHRG-110shrg45812/pdf/CHRG-110shrg45812.pdf","286.4 KB","https://www.govinfo.gov/content/pkg/CHRG-110shrg45812/html/CHRG-110shrg45812.htm","229.4 KB","","0 B","","0 B","","0 B",", ECONOMIC AFFAIRS, AND INTERNATIONAL ENVIRONMENTAL PROTECTION OF THE COMMITTEE ON FOREIGN RELATIONS UNITED STATES SENATE ONE HUNDRED TENTH CONGRESS SECOND SESSION JUNE 17, 2008 Printed for the use of the Committee on Foreign Relations Available via the World Wide Web: http://www.gpoaccess.gov/congress/ index.html U.S. GOVERNMENT PRINTING OFFICE 45...","","2008-06-17"
"465","Congressional Hearings","CHRG-110shrg46049","CHRG-110shrg46049","Oil, Oligarchs, and Opportunity: Energy from Central Asia to Europe","https://www.govinfo.gov/app/details/CHRG-110shrg46049/CHRG-110shrg46049","https://www.govinfo.gov/content/pkg/CHRG-110shrg46049/pdf/CHRG-110shrg46049.pdf","1.9 MB","https://www.govinfo.gov/content/pkg/CHRG-110shrg46049/html/CHRG-110shrg46049.htm","178.1 KB","","0 B","","0 B","","0 B"," ONE HUNDRED TENTH CONGRESS SECOND SESSION JUNE 12, 2008 Printed for the use of the Committee on Foreign Relations Available via the World Wide Web: http://www.gpoaccess.gov/congress/index.html U.S. GOVERNMENT PRINTING OFFICE 46-049 PDF WASHINGTON DC: 2009 For Sale by the Superintendent of Documents, U.S. Government Printing Office Internet: ...","","2008-06-12"
"466","Congressional Hearings","CHRG-110shrg48061","CHRG-110shrg48061","Sovereign Wealth Funds: Foreign Policy Consequences in an Era of New Money","https://www.govinfo.gov/app/details/CHRG-110shrg48061/CHRG-110shrg48061","https://www.govinfo.gov/content/pkg/CHRG-110shrg48061/pdf/CHRG-110shrg48061.pdf","292.6 KB","https://www.govinfo.gov/content/pkg/CHRG-110shrg48061/html/CHRG-110shrg48061.htm","194.9 KB","","0 B","","0 B","","0 B"," SENATE ONE HUNDRED TENTH CONGRESS SECOND SESSION JUNE 11, 2008 Printed for the use of the Committee on Foreign Relations Available via the World Wide Web: http://www.gpoaccess.gov/congress/index.html U.S. GOVERNMENT PRINTING OFFICE 48-061 PDF WASHINGTON : 2009 For sale by the Superintendent of Documents, U.S. Government Printing Office ...","","2008-06-11"
"467","Congressional Hearings","CHRG-110shrg45811","CHRG-110shrg45811","China in Africa: Implications for U.S. Policy","https://www.govinfo.gov/app/details/CHRG-110shrg45811/CHRG-110shrg45811","https://www.govinfo.gov/content/pkg/CHRG-110shrg45811/pdf/CHRG-110shrg45811.pdf","1.7 MB","https://www.govinfo.gov/content/pkg/CHRG-110shrg45811/html/CHRG-110shrg45811.htm","180.4 KB","","0 B","","0 B","","0 B"," UNITED STATES SENATE ONE HUNDRED TENTH CONGRESS SECOND SESSION JUNE 4, 2008 Printed for the use of the Committee on Foreign Relations Available via the World Wide Web: http://www.gpoaccess.gov/congress/index.html U.S. GOVERNMENT PRINTING OFFICE 45-811 PDF WASHINGTON DC: 2008 For Sale by the Superintendent of Documents, U.S. Government Printing ...","","2008-06-04"
"468","Congressional Hearings","CHRG-110shrg45729","CHRG-110shrg45729","Treaties","https://www.govinfo.gov/app/details/CHRG-110shrg45729/CHRG-110shrg45729","https://www.govinfo.gov/content/pkg/CHRG-110shrg45729/pdf/CHRG-110shrg45729.pdf","1.6 MB","https://www.govinfo.gov/content/pkg/CHRG-110shrg45729/html/CHRG-110shrg45729.htm","337.2 KB","","0 B","","0 B","","0 B"," Printed for the use of the Committee on Foreign Relations Available via the World Wide Web: http://www.gpoaccess.gov/congress/ index.html U.S. GOVERNMENT PRINTING OFFICE 45-729 PDF WASHINGTON : 2008 For sale by the Superintendent of Documents, U.S. Government Printing Office Internet: bookstore.gpo.gov Phone: toll free (866) 512-1800; DC area (...","","2008-05-21"
"469","Congressional Hearings","CHRG-110shrg48003","CHRG-110shrg48003","Pakistan's Federally Administered Tribal Areas (Fata) Challenge: Securing One of the World's Most Dangerous Areas","https://www.govinfo.gov/app/details/CHRG-110shrg48003/CHRG-110shrg48003","https://www.govinfo.gov/content/pkg/CHRG-110shrg48003/pdf/CHRG-110shrg48003.pdf","394.8 KB","https://www.govinfo.gov/content/pkg/CHRG-110shrg48003/html/CHRG-110shrg48003.htm","183.7 KB","","0 B","","0 B","","0 B","SUBCOMMITTEE ON NEAR EASTERN AND SOUTH AND CENTRAL ASIAN AFFAIRS OF THE COMMITTEE ON FOREIGN RELATIONS UNITED STATES SENATE ONE HUNDRED TENTH CONGRESS SECOND SESSION MAY 20, 2008 Printed for the use of the Committee on Foreign Relations Available via the World Wide Web: http://www.gpoaccess.gov/congress/ index.html U.S. GOVERNMENT PRINTING OFFICE ...","","2008-05-20"
"470","Congressional Hearings","CHRG-110shrg48013","CHRG-110shrg48013","United States-China Relations in the Era of Globalization","https://www.govinfo.gov/app/details/CHRG-110shrg48013/CHRG-110shrg48013","https://www.govinfo.gov/content/pkg/CHRG-110shrg48013/pdf/CHRG-110shrg48013.pdf","320.7 KB","https://www.govinfo.gov/content/pkg/CHRG-110shrg48013/html/CHRG-110shrg48013.htm","269.4 KB","","0 B","","0 B","","0 B","HUNDRED TENTH CONGRESS SECOND SESSION MAY 15, 2008 Printed for the use of the Committee on Foreign Relations Available via the World Wide Web: http://www.gpoaccess.gov/congress/ index.html U.S. GOVERNMENT PRINTING OFFICE 48-013 PDF WASHINGTON DC: 2008 For Sale by the Superintendent of Documents, U.S. Government Printing Office Internet: ...","","2008-05-15"
"471","Congressional Hearings","CHRG-110shrg47118","CHRG-110shrg47118","Responding to the Global Food Crisis","https://www.govinfo.gov/app/details/CHRG-110shrg47118/CHRG-110shrg47118","https://www.govinfo.gov/content/pkg/CHRG-110shrg47118/pdf/CHRG-110shrg47118.pdf","1.5 MB","https://www.govinfo.gov/content/pkg/CHRG-110shrg47118/html/CHRG-110shrg47118.htm","359.7 KB","","0 B","","0 B","","0 B"," SECOND SESSION MAY 14, 2008 Printed for the use of the Committee on Foreign Relations Available via the World Wide Web: http://www.gpoaccess.gov/congress/ index.html U.S. GOVERNMENT PRINTING OFFICE 47-118 PDF WASHINGTON : 2009 For sale by the Superintendent of Documents, U.S. Government Printing Office Internet: bookstore.gpo.gov Phone: toll free...","","2008-05-14"
"472","Congressional Hearings","CHRG-110shrg47851","CHRG-110shrg47851","Holocaust Era Insurance Restitution After Icheic","https://www.govinfo.gov/app/details/CHRG-110shrg47851/CHRG-110shrg47851","https://www.govinfo.gov/content/pkg/CHRG-110shrg47851/pdf/CHRG-110shrg47851.pdf","8.8 MB","https://www.govinfo.gov/content/pkg/CHRG-110shrg47851/html/CHRG-110shrg47851.htm","651.7 KB","","0 B","","0 B","","0 B"," AND HUMAN RIGHTS OF THE COMMITTEE ON FOREIGN RELATIONS UNITED STATES SENATE ONE HUNDRED TENTH CONGRESS SECOND SESSION MAY 6, 2008 Printed for the use of the Committee on Foreign Relations Available via the World Wide Web: http://www.gpoaccess.gov/congress/index.html U.S. GOVERNMENT PRINTING OFFICE 47-851 PDF WASHINGTON : 2009 For sale by the ...","","2008-05-06"
"473","Congressional Hearings","CHRG-110shrg46267","CHRG-110shrg46267","Implementing Smart Power: Setting an Agenda for National Security Reform","https://www.govinfo.gov/app/details/CHRG-110shrg46267/CHRG-110shrg46267","https://www.govinfo.gov/content/pkg/CHRG-110shrg46267/pdf/CHRG-110shrg46267.pdf","3.8 MB","https://www.govinfo.gov/content/pkg/CHRG-110shrg46267/html/CHRG-110shrg46267.htm","300.8 KB","","0 B","","0 B","","0 B"," SENATE ONE HUNDRED TENTH CONGRESS SECOND SESSION APRIL 24, 2008 Printed for the use of the Committee on Foreign Relations Available via the World Wide Web: http://www.gpoaccess.gov/congress/ index.html U.S. GOVERNMENT PRINTING OFFICE 46-267 PDF WASHINGTON : 2009 For sale by the Superintendent of Documents, U.S. Government Printing Office ...","","2008-04-24"
"474","Congressional Hearings","CHRG-110shrg45985","CHRG-110shrg45985","Building on International Debt Relief Initiatives","https://www.govinfo.gov/app/details/CHRG-110shrg45985/CHRG-110shrg45985","https://www.govinfo.gov/content/pkg/CHRG-110shrg45985/pdf/CHRG-110shrg45985.pdf","756.7 KB","https://www.govinfo.gov/content/pkg/CHRG-110shrg45985/html/CHRG-110shrg45985.htm","273.0 KB","","0 B","","0 B","","0 B","TENTH CONGRESS SECOND SESSION APRIL 24, 2008 Printed for the use of the Committee on Foreign Relations Available via the World Wide Web: http://www.gpoaccess.gov/congress/ index.html U.S. GOVERNMENT PRINTING OFFICE 45-985 PDF WASHINGTON : 2008 For sale by the Superintendent of Documents, U.S. Government Printing Office Internet: bookstore.gpo.gov ...","","2008-04-24"
"475","Congressional Hearings","CHRG-110shrg47742","CHRG-110shrg47742","The Continuing Crisis in Darfur","https://www.govinfo.gov/app/details/CHRG-110shrg47742/CHRG-110shrg47742","https://www.govinfo.gov/content/pkg/CHRG-110shrg47742/pdf/CHRG-110shrg47742.pdf","361.4 KB","https://www.govinfo.gov/content/pkg/CHRG-110shrg47742/html/CHRG-110shrg47742.htm","315.8 KB","","0 B","","0 B","","0 B"," SESSION APRIL 23, 2008 Printed for the use of the Committee on Foreign Relations Available via the World Wide Web: http://www.gpoaccess.gov/congress/index.html U.S. GOVERNMENT PRINTING OFFICE 47-742 PDF WASHINGTON : 2009 For sale by the Superintendent of Documents, U.S. Government Printing Office Internet: bookstore.gpo.gov Phone: toll free (...","","2008-04-23"
"476","Congressional Hearings","CHRG-110shrg47764","CHRG-110shrg47764","The Crisis in Tibet: Finding a Path to Peace","https://www.govinfo.gov/app/details/CHRG-110shrg47764/CHRG-110shrg47764","https://www.govinfo.gov/content/pkg/CHRG-110shrg47764/pdf/CHRG-110shrg47764.pdf","2.2 MB","https://www.govinfo.gov/content/pkg/CHRG-110shrg47764/html/CHRG-110shrg47764.htm","238.9 KB","","0 B","","0 B","","0 B"," RELATIONS UNITED STATES SENATE ONE HUNDRED TENTH CONGRESS SECOND SESSION APRIL 23, 2008 Printed for the use of the Committee on Foreign Relations Available via the World Wide Web: http://www.gpoaccess.gov/congress/ index.html U.S. GOVERNMENT PRINTING OFFICE 47-764 PDF WASHINGTON DC: 2009 For Sale by the Superintendent of Documents, U.S. ...","","2008-04-23"
"477","Congressional Hearings","CHRG-110shrg45735","CHRG-110shrg45735","International Deforestation and Climate Change","https://www.govinfo.gov/app/details/CHRG-110shrg45735/CHRG-110shrg45735","https://www.govinfo.gov/content/pkg/CHRG-110shrg45735/pdf/CHRG-110shrg45735.pdf","486.5 KB","https://www.govinfo.gov/content/pkg/CHRG-110shrg45735/html/CHRG-110shrg45735.htm","250.2 KB","","0 B","","0 B","","0 B"," AFFAIRS, AND INTERNATIONAL ENVIRONMENTAL PROTECTION OF THE COMMITTEE ON FOREIGN RELATIONS UNITED STATES SENATE ONE HUNDRED TENTH CONGRESS SECOND SESSION APRIL 22, 2008 Printed for the use of the Committee on Foreign Relations Available via the World Wide Web: http://www.gpoaccess.gov/congress/ index.html U.S. GOVERNMENT PRINTING OFFICE 45-...","","2008-04-22"
"478","Congressional Hearings","CHRG-110shrg47686","CHRG-110shrg47686","Closing Legal Loopholes: Prosecuting Sexual Assaults and Other Violent Crimes Committed Overseas by American Civilians in a Combat Environment","https://www.govinfo.gov/app/details/CHRG-110shrg47686/CHRG-110shrg47686","https://www.govinfo.gov/content/pkg/CHRG-110shrg47686/pdf/CHRG-110shrg47686.pdf","944.6 KB","https://www.govinfo.gov/content/pkg/CHRG-110shrg47686/html/CHRG-110shrg47686.htm","251.6 KB","","0 B","","0 B","","0 B"," HEARING BEFORE THE SUBCOMMITTEE ON INTERNATIONAL OPERATIONS AND ORGANIZATIONS, DEMOCRACY AND HUMAN RIGHTS OF THE COMMITTEE ON FOREIGN RELATIONS UNITED STATES SENATE ONE HUNDRED TENTH CONGRESS SECOND SESSION APRIL 9, 2008 Printed for the use of the Committee on Foreign Relations Available via the World Wide Web: http://www.gpoaccess.gov/...","","2008-04-09"
"479","Congressional Hearings","CHRG-110shrg47921","CHRG-110shrg47921","S. Hrg. 110-757 Iraq After the Surge","https://www.govinfo.gov/app/details/CHRG-110shrg47921/CHRG-110shrg47921","https://www.govinfo.gov/content/pkg/CHRG-110shrg47921/pdf/CHRG-110shrg47921.pdf","6.9 MB","https://www.govinfo.gov/content/pkg/CHRG-110shrg47921/html/CHRG-110shrg47921.htm","1.6 MB","","0 B","","0 B","","0 B"," APRIL 2, 3, 8, AND 10, 2008 Printed for the use of the Committee on Foreign Relations Available via the World Wide Web: http://www.gpoaccess.gov/congress/ index.html IRAQ AFTER THE SURGE U.S. GOVERNMENT PRINTING OFFICE 47-921 PDF WASHINGTON : 2009 For sale by the Superintendent of Documents, U.S. Government Printing Office Internet: ...","","2008-04-02"
"480","Congressional Hearings","CHRG-110shrg45703","CHRG-110shrg45703","The United States and Vietnam: Examining the Bilateral Relationship","https://www.govinfo.gov/app/details/CHRG-110shrg45703/CHRG-110shrg45703","https://www.govinfo.gov/content/pkg/CHRG-110shrg45703/pdf/CHRG-110shrg45703.pdf","314.5 KB","https://www.govinfo.gov/content/pkg/CHRG-110shrg45703/html/CHRG-110shrg45703.htm","255.0 KB","","0 B","","0 B","","0 B"," OF THE COMMITTEE ON FOREIGN RELATIONS UNITED STATES SENATE ONE HUNDRED TENTH CONGRESS SECOND SESSION MARCH 12, 2008 Printed for the use of the Committee on Foreign Relations Available via the World Wide Web: http://www.gpoaccess.gov/congress/ index.html U.S. GOVERNMENT PRINTING OFFICE 45-703 PDF WASHINGTON DC: 2008 For sale by the Superintendent ...","","2008-03-12"
"481","Congressional Hearings","CHRG-110shrg44537","CHRG-110shrg44537","NATO: Enlargement and Effectiveness","https://www.govinfo.gov/app/details/CHRG-110shrg44537/CHRG-110shrg44537","https://www.govinfo.gov/content/pkg/CHRG-110shrg44537/pdf/CHRG-110shrg44537.pdf","369.6 KB","https://www.govinfo.gov/content/pkg/CHRG-110shrg44537/html/CHRG-110shrg44537.htm","348.7 KB","","0 B","","0 B","","0 B"," SECOND SESSION MARCH 11, 2008 Printed for the use of the Committee on Foreign Relations Available via the World Wide Web: http://www.gpoaccess.gov/congress/ index.html U.S. GOVERNMENT PRINTING OFFICE 44-537 PDF WASHINGTON DC: 2008 For Sale by the Superintendent of Documents, U.S. Government Printing Office Internet: bookstore.gpo.gov Phone: toll ...","","2008-03-11"
"482","Congressional Hearings","CHRG-110shrg45700","CHRG-110shrg45700","Evaluating U.S. Policy Options on the Horn of Africa","https://www.govinfo.gov/app/details/CHRG-110shrg45700/CHRG-110shrg45700","https://www.govinfo.gov/content/pkg/CHRG-110shrg45700/pdf/CHRG-110shrg45700.pdf","311.7 KB","https://www.govinfo.gov/content/pkg/CHRG-110shrg45700/html/CHRG-110shrg45700.htm","265.7 KB","","0 B","","0 B","","0 B"," TENTH CONGRESS SECOND SESSION MARCH 11, 2008 Printed for the use of the Committee on Foreign Relations Available via the World Wide Web: http://www.gpoaccess.gov/congress/index.html U.S. GOVERNMENT PRINTING OFFICE 45-700 PDF WASHINGTON DC: 2008 For Sale by the Superintendent of Documents, U.S. Government Printing Office Internet: ...","","2008-03-11"
"483","Congressional Hearings","CHRG-110shrg45518","CHRG-110shrg45518","Strengthening National Security Through Smart Power","https://www.govinfo.gov/app/details/CHRG-110shrg45518/CHRG-110shrg45518","https://www.govinfo.gov/content/pkg/CHRG-110shrg45518/pdf/CHRG-110shrg45518.pdf","213.4 KB","https://www.govinfo.gov/content/pkg/CHRG-110shrg45518/html/CHRG-110shrg45518.htm","1.3 KB","","0 B","","0 B","","0 B"," Phone: toll free (866) 512–1800; DC area (202) 512–1800 Fax: (202) 512–2104 Mail: Stop IDCC, Washington, DC 20402–0001 45–518 PDF 2008 S. HRG. 110–622 STRENGTHENING NATIONAL SECURITY THROUGH SMART POWER— A MILITARY PERSPECTIVE HEARING BEFORE THE COMMITTEE ON FOREIGN RELATIONS UNITED STATES SENATE ONE HUNDRED TENTH CONGRESS SECOND SESSION MARCH 5, ...","","2008-03-05"
"484","Congressional Hearings","CHRG-110shrg45608","CHRG-110shrg45608","Kosovo: The Balkans' Moment of Truth?","https://www.govinfo.gov/app/details/CHRG-110shrg45608/CHRG-110shrg45608","https://www.govinfo.gov/content/pkg/CHRG-110shrg45608/pdf/CHRG-110shrg45608.pdf","279.2 KB","https://www.govinfo.gov/content/pkg/CHRG-110shrg45608/html/CHRG-110shrg45608.htm","208.2 KB","","0 B","","0 B","","0 B"," SECOND SESSION MARCH 4, 2008 Printed for the use of the Committee on Foreign Relations Available via the World Wide Web: http://www.gpoaccess.gov/congress/index.html U.S. GOVERNMENT PRINTING OFFICE 45-608 PDF WASHINGTON DC: 2008 For sale by the Superintendent of Documents, U.S. Government Printing Office Internet: bookstore.gpo.gov Phone: toll ...","","2008-03-04"
"485","Congressional Hearings","CHRG-110shrg45593","CHRG-110shrg45593","U.S. Policy Options in Post-Election Pakistan","https://www.govinfo.gov/app/details/CHRG-110shrg45593/CHRG-110shrg45593","https://www.govinfo.gov/content/pkg/CHRG-110shrg45593/pdf/CHRG-110shrg45593.pdf","3.2 MB","https://www.govinfo.gov/content/pkg/CHRG-110shrg45593/html/CHRG-110shrg45593.htm","177.1 KB","","0 B","","0 B","","0 B"," CONGRESS SECOND SESSION FEBRUARY 28, 2008 Printed for the use of the Committee on Foreign Relations Available via the World Wide Web: http://www.gpoaccess.gov/congress/ index.html U.S. GOVERNMENT PRINTING OFFICE 45-593 PDF WASHINGTON DC: 2008 For Sale by the Superintendent of Documents, U.S. Government Printing Office Internet: bookstore.gpo.gov ...","","2008-02-28"
"486","Congressional Hearings","CHRG-110shrg47624","CHRG-110shrg47624","The President's Foreign Affairs Budget","https://www.govinfo.gov/app/details/CHRG-110shrg47624/CHRG-110shrg47624","https://www.govinfo.gov/content/pkg/CHRG-110shrg47624/pdf/CHRG-110shrg47624.pdf","509.4 KB","https://www.govinfo.gov/content/pkg/CHRG-110shrg47624/html/CHRG-110shrg47624.htm","541.0 KB","","0 B","","0 B","","0 B"," SECOND SESSION FEBRUARY 13, 2008 Printed for the use of the Committee on Foreign Relations Available via the World Wide Web: http://www.gpoaccess.gov/congress/index.html U.S. GOVERNMENT PRINTING OFFICE 47-624 PDF WASHINGTON : 2009 For sale by the Superintendent of Documents, U.S. Government Printing Office Internet: bookstore.gpo.gov Phone: ...","","2008-02-13"
"487","Congressional Hearings","CHRG-110shrg45361","CHRG-110shrg45361","The Immediate and Underlying Causes and Consequences of Kenya's Flawed Election","https://www.govinfo.gov/app/details/CHRG-110shrg45361/CHRG-110shrg45361","https://www.govinfo.gov/content/pkg/CHRG-110shrg45361/pdf/CHRG-110shrg45361.pdf","5.8 MB","https://www.govinfo.gov/content/pkg/CHRG-110shrg45361/html/CHRG-110shrg45361.htm","433.9 KB","","0 B","","0 B","","0 B"," THE COMMITTEE ON FOREIGN RELATIONS UNITED STATES SENATE ONE HUNDRED TENTH CONGRESS SECOND SESSION FEBRUARY 7, 2008 Printed for the use of the Committee on Foreign Relations Available via the World Wide Web: http://www.gpoaccess.gov/congress/ index.html U.S. GOVERNMENT PRINTING OFFICE 45-361 PDF WASHINGTON DC: 2008 For Sale by the Superintendent of...","","2008-02-07"
"488","Congressional Hearings","CHRG-110shrg45519","CHRG-110shrg45519","Status of the Six-Party Talks for the Denuclearization of the Korean Peninsula","https://www.govinfo.gov/app/details/CHRG-110shrg45519/CHRG-110shrg45519","https://www.govinfo.gov/content/pkg/CHRG-110shrg45519/pdf/CHRG-110shrg45519.pdf","224.7 KB","https://www.govinfo.gov/content/pkg/CHRG-110shrg45519/html/CHRG-110shrg45519.htm","138.9 KB","","0 B","","0 B","","0 B"," STATES SENATE ONE HUNDRED TENTH CONGRESS SECOND SESSION FEBRUARY 6, 2008 Printed for the use of the Committee on Foreign Relations Available via the World Wide Web: http://www.gpoaccess.gov/congress/index.html U.S. GOVERNMENT PRINTING OFFICE 45-519 PDF WASHINGTON : 2008 For sale by the Superintendent of Documents, U.S. Government Printing Office...","","2008-02-06"
"489","Congressional Hearings","CHRG-110shrg45330","CHRG-110shrg45330","Afghanistan: A Plan to Turn the Tide?","https://www.govinfo.gov/app/details/CHRG-110shrg45330/CHRG-110shrg45330","https://www.govinfo.gov/content/pkg/CHRG-110shrg45330/pdf/CHRG-110shrg45330.pdf","321.8 KB","https://www.govinfo.gov/content/pkg/CHRG-110shrg45330/html/CHRG-110shrg45330.htm","261.0 KB","","0 B","","0 B","","0 B"," SECOND SESSION JANUARY 31, 2008 Printed for the use of the Committee on Foreign Relations Available via the World Wide Web: http://www.gpoaccess.gov/congress/index.html U.S. GOVERNMENT PRINTING OFFICE 45-330 PDF WASHINGTON DC: 2008 For sale by the Superintendent of Documents, U.S. Government Printing Office Internet: bookstore.gpo.gov Phone: ...","","2008-01-31"
"490","Congressional Hearings","CHRG-110shrg48281","CHRG-110shrg48281","Nominations of the 110th Congress—Second Session","https://www.govinfo.gov/app/details/CHRG-110shrg48281/CHRG-110shrg48281","https://www.govinfo.gov/content/pkg/CHRG-110shrg48281/pdf/CHRG-110shrg48281.pdf","4.5 MB","https://www.govinfo.gov/content/pkg/CHRG-110shrg48281/html/CHRG-110shrg48281.htm","2.8 MB","","0 B","","0 B","","0 B"," TENTH CONGRESS SECOND SESSION JANUARY 30 THROUGH SEPTEMBER 24, 2008 Printed for the use of the Committee on Foreign Relations Available via the World Wide Web: http://www.gpoaccess.gov/congress/ index.html NOMINATIONS OF THE 110TH CONGRESS--SECOND SESSION S. Hrg. 110-777 NOMINATIONS OF THE 110TH CONGRESS--SECOND SESSION HEARINGS BEFORE THE ...","","2008-01-30"
"491","Congressional Hearings","CHRG-110shrg48281","CHRG-110shrg48281-err","[ERRATA] Nominations of the 110th Congress—Second Session","https://www.govinfo.gov/app/details/CHRG-110shrg48281/CHRG-110shrg48281-err","https://www.govinfo.gov/content/pkg/CHRG-110shrg48281/pdf/CHRG-110shrg48281-err.pdf","124.6 KB","https://www.govinfo.gov/content/pkg/CHRG-110shrg48281/html/CHRG-110shrg48281-err.htm","12.6 KB","","0 B","","0 B","","0 B","HUNDRED TENTH CONGRESS SECOND SESSION JANUARY 30 THROUGH SEPTEMBER 24, 2008 Printed for the use of the Committee on Foreign Relations Available via the World Wide Web: http://www.gpoaccess.gov/congress/ index.html U.S. GOVERNMENT PRINTING OFFICE 48-281 PDF WASHINGTON : 2009 For sale by the Superintendent of Documents, U.S. Government Printing ...","","2008-01-30"
"492","Congressional Hearings","CHRG-110shrg45194","CHRG-110shrg45194","International Climate Change Negotiations: Bali and the Path Toward a Post-2012 Climate Treaty","https://www.govinfo.gov/app/details/CHRG-110shrg45194/CHRG-110shrg45194","https://www.govinfo.gov/content/pkg/CHRG-110shrg45194/pdf/CHRG-110shrg45194.pdf","352.0 KB","https://www.govinfo.gov/content/pkg/CHRG-110shrg45194/html/CHRG-110shrg45194.htm","298.7 KB","","0 B","","0 B","","0 B"," RELATIONS UNITED STATES SENATE ONE HUNDRED TENTH CONGRESS SECOND SESSION JANUARY 24, 2008 Printed for the use of the Committee on Foreign Relations Available via the World Wide Web: http://www.gpoaccess.gov/congress/index.html U.S. GOVERNMENT PRINTING OFFICE 45-194 PDF WASHINGTON DC: 2008 For sale by the Superintendent of Documents, U.S. ...","","2008-01-24"
"493","Congressional Hearings","CHRG-110shrg43704","CHRG-110shrg43704","Perspectives on the Next Phase of the Global Fight Against AIDS, Tuberculosis, and Malaria","https://www.govinfo.gov/app/details/CHRG-110shrg43704/CHRG-110shrg43704","https://www.govinfo.gov/content/pkg/CHRG-110shrg43704/pdf/CHRG-110shrg43704.pdf","295.6 KB","https://www.govinfo.gov/content/pkg/CHRG-110shrg43704/html/CHRG-110shrg43704.htm","231.6 KB","","0 B","","0 B","","0 B"," UNITED STATES SENATE ONE HUNDRED TENTH CONGRESS FIRST SESSION DECEMBER 13, 2007 Printed for the use of the Committee on Foreign Relations Available via the World Wide Web: http://www.gpoaccess.gov/congress/ index.html U.S. GOVERNMENT PRINTING OFFICE 43-704 PDF WASHINGTON DC: 2008 For Sale by the Superintendent of Documents, U.S. Government ...","","2007-12-13"
"494","Congressional Hearings","CHRG-110shrg45127","CHRG-110shrg45127","U.S. Foreign Assistance to Pakistan","https://www.govinfo.gov/app/details/CHRG-110shrg45127/CHRG-110shrg45127","https://www.govinfo.gov/content/pkg/CHRG-110shrg45127/pdf/CHRG-110shrg45127.pdf","964.0 KB","https://www.govinfo.gov/content/pkg/CHRG-110shrg45127/html/CHRG-110shrg45127.htm","273.7 KB","","0 B","","0 B","","0 B",", AND INTERNATIONAL ENVIRONMENTAL PROTECTION OF THE COMMITTEE ON FOREIGN RELATIONS UNITED STATES SENATE ONE HUNDRED TENTH CONGRESS FIRST SESSION DECEMBER 6, 2007 Printed for the use of the Committee on Foreign Relations Available via the World Wide Web: http://www.gpoaccess.gov/congress/ index.html U.S. GOVERNMENT PRINTING OFFICE 45-127 PDF ...","","2007-12-06"
"495","Congressional Hearings","CHRG-110shrg41289","CHRG-110shrg41289","The Antidrug Package for Mexico and Central America: An Evaluation","https://www.govinfo.gov/app/details/CHRG-110shrg41289/CHRG-110shrg41289","https://www.govinfo.gov/content/pkg/CHRG-110shrg41289/pdf/CHRG-110shrg41289.pdf","301.8 KB","https://www.govinfo.gov/content/pkg/CHRG-110shrg41289/html/CHRG-110shrg41289.htm","249.6 KB","","0 B","","0 B","","0 B"," ONE HUNDRED TENTH CONGRESS FIRST SESSION NOVEMBER 15, 2007 Printed for the use of the Committee on Foreign Relations Available via the World Wide Web: http://www.gpoaccess.gov/congress/ index.html U.S. GOVERNMENT PRINTING OFFICE 41-289 PDF WASHINGTON DC: 2008 For sale by the Superintendent of Documents, U.S. Government Printing Office Internet...","","2007-11-15"
"496","Congressional Hearings","CHRG-110shrg44771","CHRG-110shrg44771","International Climate Change Negotiations: Restoring U.S. Leadership","https://www.govinfo.gov/app/details/CHRG-110shrg44771/CHRG-110shrg44771","https://www.govinfo.gov/content/pkg/CHRG-110shrg44771/pdf/CHRG-110shrg44771.pdf","4.7 MB","https://www.govinfo.gov/content/pkg/CHRG-110shrg44771/html/CHRG-110shrg44771.htm","344.6 KB","","0 B","","0 B","","0 B","SENATE ONE HUNDRED TENTH CONGRESS FIRST SESSION NOVEMBER 13, 2007 Printed for the use of the Committee on Foreign Relations Available via the World Wide Web: http://www.gpoaccess.gov/congress/ index.html U.S. GOVERNMENT PRINTING OFFICE 44-771 PDF WASHINGTON DC: 2008 For Sale by the Superintendent of Documents, U.S. Government Printing Office ...","","2007-11-13"
"497","Congressional Hearings","CHRG-110shrg44577","CHRG-110shrg44577","Syria: Options and Implications for Lebanon and the Region","https://www.govinfo.gov/app/details/CHRG-110shrg44577/CHRG-110shrg44577","https://www.govinfo.gov/content/pkg/CHRG-110shrg44577/pdf/CHRG-110shrg44577.pdf","307.3 KB","https://www.govinfo.gov/content/pkg/CHRG-110shrg44577/html/CHRG-110shrg44577.htm","248.8 KB","","0 B","","0 B","","0 B"," AFFAIRS OF THE COMMITTEE ON FOREIGN RELATIONS UNITED STATES SENATE ONE HUNDRED TENTH CONGRESS FIRST SESSION NOVEMBER 8, 2007 Printed for the use of the Committee on Foreign Relations Available via the World Wide Web: http://www.gpoaccess.gov/congress/ index.html U.S. GOVERNMENT PRINTING OFFICE 44-577 PDF WASHINGTON DC: 2008 For Sale by the ...","","2007-11-08"
"498","Congressional Hearings","CHRG-110shrg40543","CHRG-110shrg40543","The Next Phase of the Global Fight Against HIV/AIDS","https://www.govinfo.gov/app/details/CHRG-110shrg40543/CHRG-110shrg40543","https://www.govinfo.gov/content/pkg/CHRG-110shrg40543/pdf/CHRG-110shrg40543.pdf","260.1 KB","https://www.govinfo.gov/content/pkg/CHRG-110shrg40543/html/CHRG-110shrg40543.htm","201.2 KB","","0 B","","0 B","","0 B"," TENTH CONGRESS FIRST SESSION OCTOBER 24, 2007 Printed for the use of the Committee on Foreign Relations Available via the World Wide Web: http://www.gpoaccess.gov/congress/ index.html U.S. GOVERNMENT PRINTING OFFICE 40-543 PDF WASHINGTON DC: 2008 For sale by the Superintendent of Documents, U.S. Government Printing Office Internet: ...","","2007-10-24"
"499","Congressional Hearings","CHRG-110shrg40208","CHRG-110shrg40208","Exploring the U.S. Role in Consolidating Peace and Democracy in the Great Lakes Region","https://www.govinfo.gov/app/details/CHRG-110shrg40208/CHRG-110shrg40208","https://www.govinfo.gov/content/pkg/CHRG-110shrg40208/pdf/CHRG-110shrg40208.pdf","301.6 KB","https://www.govinfo.gov/content/pkg/CHRG-110shrg40208/html/CHRG-110shrg40208.htm","254.1 KB","","0 B","","0 B","","0 B"," OF THE COMMITTEE ON FOREIGN RELATIONS UNITED STATES SENATE ONE HUNDRED TENTH CONGRESS FIRST SESSION OCTOBER 24, 2007 Printed for the use of the Committee on Foreign Relations Available via the World Wide Web: http://www.gpoaccess.gov/congress/ index.html U.S. GOVERNMENT PRINTING OFFICE 40-208 PDF WASHINGTON DC: 2007 For sale by the ...","","2007-10-24"
"500","Congressional Hearings","CHRG-110shrg44490","CHRG-110shrg44490","Burma's Saffron Revolution","https://www.govinfo.gov/app/details/CHRG-110shrg44490/CHRG-110shrg44490","https://www.govinfo.gov/content/pkg/CHRG-110shrg44490/pdf/CHRG-110shrg44490.pdf","262.2 KB","https://www.govinfo.gov/content/pkg/CHRG-110shrg44490/html/CHRG-110shrg44490.htm","184.9 KB","","0 B","","0 B","","0 B"," STATES SENATE ONE HUNDRED TENTH CONGRESS FIRST SESSION OCTOBER 3, 2007 Printed for the use of the Committee on Foreign Relations Available via the World Wide Web: http://www.gpoaccess.gov/congress/ index.html U.S. GOVERNMENT PRINTING OFFICE 44-490 PDF WASHINGTON DC: 2008 For Sale by the Superintendent of Documents, U.S. Government Printing ...","","2007-10-03"
"501","Congressional Hearings","CHRG-110shrg45282","CHRG-110shrg45282","The United Nation's Convention on the Law of the Sea (Treaty Doc. 103- 39)","https://www.govinfo.gov/app/details/CHRG-110shrg45282/CHRG-110shrg45282","https://www.govinfo.gov/content/pkg/CHRG-110shrg45282/pdf/CHRG-110shrg45282.pdf","7.1 MB","https://www.govinfo.gov/content/pkg/CHRG-110shrg45282/html/CHRG-110shrg45282.htm","888.2 KB","","0 B","","0 B","","0 B","STATES SENATE ONE HUNDRED TENTH CONGRESS FIRST SESSION SEPTEMBER 27 AND OCTOBER 4, 2007 Printed for the use of the Committee on Foreign Relations Available via the World Wide Web: http://www.gpoaccess.gov/congress/ index.html U.S. GOVERNMENT PRINTING OFFICE 45-282 PDF WASHINGTON DC: 2008 For Sale by the Superintendent of Documents, U.S. Government ...","","2007-09-27"
"502","Congressional Hearings","CHRG-110shrg44134","CHRG-110shrg44134","The Everglades: Protecting Natural Treasures Through International Organizations","https://www.govinfo.gov/app/details/CHRG-110shrg44134/CHRG-110shrg44134","https://www.govinfo.gov/content/pkg/CHRG-110shrg44134/pdf/CHRG-110shrg44134.pdf","2.9 MB","https://www.govinfo.gov/content/pkg/CHRG-110shrg44134/html/CHRG-110shrg44134.htm","152.9 KB","","0 B","","0 B","","0 B"," AND ORGANIZATIONS, DEMOCRACY AND HUMAN RIGHTS OF THE COMMITTEE ON FOREIGN RELATIONS UNITED STATES SENATE ONE HUNDRED TENTH CONGRESS FIRST SESSION SEPTEMBER 19, 2007 Printed for the use of the Committee on Foreign Relations Available via the World Wide Web: http://www.gpoaccess.gov/congress/ index.html U.S. GOVERNMENT PRINTING OFFICE 44-134 ...","","2007-09-19"
"503","Congressional Hearings","CHRG-110shrg44322","CHRG-110shrg44322","Iraq: The Crocker-Petraeus Report","https://www.govinfo.gov/app/details/CHRG-110shrg44322/CHRG-110shrg44322","https://www.govinfo.gov/content/pkg/CHRG-110shrg44322/pdf/CHRG-110shrg44322.pdf","1.0 MB","https://www.govinfo.gov/content/pkg/CHRG-110shrg44322/html/CHRG-110shrg44322.htm","448.0 KB","","0 B","","0 B","","0 B"," SESSION SEPTEMBER 11, 2007 Printed for the use of the Committee on Foreign Relations Available via the World Wide Web: http://www.gpoaccess.gov/congress/ index.html U.S. GOVERNMENT PRINTING OFFICE 44-322 PDF WASHINGTON : 2008 For sale by the Superintendent of Documents, U.S. Government Printing Office Internet: bookstore.gpo.gov Phone: toll ...","","2007-09-11"
"504","Congressional Hearings","CHRG-110shrg44321","CHRG-110shrg44321","Iraq: An Independent Assessment","https://www.govinfo.gov/app/details/CHRG-110shrg44321/CHRG-110shrg44321","https://www.govinfo.gov/content/pkg/CHRG-110shrg44321/pdf/CHRG-110shrg44321.pdf","1.4 MB","https://www.govinfo.gov/content/pkg/CHRG-110shrg44321/html/CHRG-110shrg44321.htm","157.5 KB","","0 B","","0 B","","0 B"," SESSION SEPTEMBER 4, 2007 Printed for the use of the Committee on Foreign Relations Available via the World Wide Web: http://www.gpoaccess.gov/congress/ index.html U.S. GOVERNMENT PRINTING OFFICE 44-321 PDF WASHINGTON DC: 2008 For sale by the Superintendent of Documents, U.S. Government Printing Office Internet: bookstore.gpo.gov Phone: toll ...","","2007-09-04"
"505","Congressional Hearings","CHRG-110shrg44135","CHRG-110shrg44135","Exploring the U.S. Africa Command and a New Strategic Relationship with Africa","https://www.govinfo.gov/app/details/CHRG-110shrg44135/CHRG-110shrg44135","https://www.govinfo.gov/content/pkg/CHRG-110shrg44135/pdf/CHRG-110shrg44135.pdf","248.9 KB","https://www.govinfo.gov/content/pkg/CHRG-110shrg44135/html/CHRG-110shrg44135.htm","178.0 KB","","0 B","","0 B","","0 B","THE COMMITTEE ON FOREIGN RELATIONS UNITED STATES SENATE ONE HUNDRED TENTH CONGRESS FIRST SESSION AUGUST 1, 2007 Printed for the use of the Committee on Foreign Relations Available via the World Wide Web: http://www.gpoaccess.gov/congress/ index.html U.S. GOVERNMENT PRINTING OFFICE 44-135 PDF WASHINGTON : 2008 For sale by the Superintendent of ...","","2007-08-01"
"506","Congressional Hearings","CHRG-110shrg40600","CHRG-110shrg40600","Safeguarding the Atom: Nuclear Energy and Nonproliferation Challenges","https://www.govinfo.gov/app/details/CHRG-110shrg40600/CHRG-110shrg40600","https://www.govinfo.gov/content/pkg/CHRG-110shrg40600/pdf/CHRG-110shrg40600.pdf","276.8 KB","https://www.govinfo.gov/content/pkg/CHRG-110shrg40600/html/CHRG-110shrg40600.htm","205.4 KB","","0 B","","0 B","","0 B"," SENATE ONE HUNDRED TENTH CONGRESS FIRST SESSION JULY 31, 2007 Printed for the use of the Committee on Foreign Relations Available via the World Wide Web: http://www.gpoaccess.gov/congress/ index.html U.S. GOVERNMENT PRINTING OFFICE 40-600 WASHINGTON : 2008 For Sale by the Superintendent of Documents, U.S. Government Printing Office Internet: ...","","2007-07-31"
"507","Congressional Hearings","CHRG-110shrg39646","CHRG-110shrg39646","The U.N. Human Rights Council: Shortcomings and Prospects for Reform","https://www.govinfo.gov/app/details/CHRG-110shrg39646/CHRG-110shrg39646","https://www.govinfo.gov/content/pkg/CHRG-110shrg39646/pdf/CHRG-110shrg39646.pdf","250.0 KB","https://www.govinfo.gov/content/pkg/CHRG-110shrg39646/html/CHRG-110shrg39646.htm","176.8 KB","","0 B","","0 B","","0 B","ORGANIZATIONS, DEMOCRACY AND HUMAN RIGHTS OF THE COMMITTEE ON FOREIGN RELATIONS UNITED STATES SENATE ONE HUNDRED TENTH CONGRESS FIRST SESSION JULY 26, 2007 Printed for the use of the Committee on Foreign Relations Available via the World Wide Web: http://www.gpoaccess.gov/congress/ index.html U.S. GOVERNMENT PRINTING OFFICE 39-646 WASHINGTON : 2007...","","2007-07-26"
"508","Congressional Hearings","CHRG-110shrg40379","CHRG-110shrg40379","Extraordinary Rendition, Extraterritorial Detention and Treatment of Detainees: Restoring Our Moral Credibility and Strengthening Our Diplomatic Standing","https://www.govinfo.gov/app/details/CHRG-110shrg40379/CHRG-110shrg40379","https://www.govinfo.gov/content/pkg/CHRG-110shrg40379/pdf/CHRG-110shrg40379.pdf","302.5 KB","https://www.govinfo.gov/content/pkg/CHRG-110shrg40379/html/CHRG-110shrg40379.htm","257.5 KB","","0 B","","0 B","","0 B"," DIPLOMATIC STANDING HEARING BEFORE THE COMMITTEE ON FOREIGN RELATIONS UNITED STATES SENATE ONE HUNDRED TENTH CONGRESS FIRST SESSION JULY 26, 2007 Printed for the use of the Committee on Foreign Relations Available via the World Wide Web: http://www.gpoaccess.gov/congress/ index.html U.S. GOVERNMENT PRINTING OFFICE 40-379 PDF WASHINGTON DC: 2007 ...","","2007-07-26"
"509","Congressional Hearings","CHRG-110shrg45008","CHRG-110shrg45008","Enhancing the Peace Corps Experience: S. 732, the Peace Corps Volunteer Empowerment Act","https://www.govinfo.gov/app/details/CHRG-110shrg45008/CHRG-110shrg45008","https://www.govinfo.gov/content/pkg/CHRG-110shrg45008/pdf/CHRG-110shrg45008.pdf","352.3 KB","https://www.govinfo.gov/content/pkg/CHRG-110shrg45008/html/CHRG-110shrg45008.htm","313.5 KB","","0 B","","0 B","","0 B",", PEACE CORPS AND NARCOTICS AFFAIRS OF THE COMMITTEE ON FOREIGN RELATIONS UNITED STATES SENATE ONE HUNDRED TENTH CONGRESS FIRST SESSION JULY 25, 2007 Printed for the use of the Committee on Foreign Relations Available via the World Wide Web: http://www.gpoaccess.gov/congress/index.html U.S. GOVERNMENT PRINTING OFFICE 45-008 PDF WASHINGTON ...","","2007-07-25"
"510","Congressional Hearings","CHRG-110shrg45036","CHRG-110shrg45036","Pakistan's Future: Building Democracy or Fueling Extremism?","https://www.govinfo.gov/app/details/CHRG-110shrg45036/CHRG-110shrg45036","https://www.govinfo.gov/content/pkg/CHRG-110shrg45036/pdf/CHRG-110shrg45036.pdf","299.7 KB","https://www.govinfo.gov/content/pkg/CHRG-110shrg45036/html/CHRG-110shrg45036.htm","240.7 KB","","0 B","","0 B","","0 B"," HUNDRED TENTH CONGRESS FIRST SESSION JULY 25, 2007 Printed for the use of the Committee on Foreign Relations Available via the World Wide Web: http://www.gpoaccess.gov/congress/index.html U.S. GOVERNMENT PRINTING OFFICE 45-036 PDF WASHINGTON : 2008 For sale by the Superintendent of Documents, U.S. Government Printing Office Internet: ...","","2007-07-25"
"511","Congressional Hearings","CHRG-110shrg40380","CHRG-110shrg40380","Iraq: An Update from the Field","https://www.govinfo.gov/app/details/CHRG-110shrg40380/CHRG-110shrg40380","https://www.govinfo.gov/content/pkg/CHRG-110shrg40380/pdf/CHRG-110shrg40380.pdf","221.6 KB","https://www.govinfo.gov/content/pkg/CHRG-110shrg40380/html/CHRG-110shrg40380.htm","138.2 KB","","0 B","","0 B","","0 B"," SESSION JULY 19, 2007 Printed for the use of the Committee on Foreign Relations Available via the World Wide Web: http://www.gpoaccess.gov/congress/ index.html U.S. GOVERNMENT PRINTING OFFICE 40-380 WASHINGTON : 2008 For Sale by the Superintendent of Documents, U.S. Government Printing Office Internet: bookstore.gpo.gov Phone: toll free (866) 512...","","2007-07-19"
"512","Congressional Hearings","CHRG-110shrg38959","CHRG-110shrg38959","Democratic Developments in Sub-Saharan Africa: Moving Forwards or Backwards?","https://www.govinfo.gov/app/details/CHRG-110shrg38959/CHRG-110shrg38959","https://www.govinfo.gov/content/pkg/CHRG-110shrg38959/pdf/CHRG-110shrg38959.pdf","1.6 MB","https://www.govinfo.gov/content/pkg/CHRG-110shrg38959/html/CHRG-110shrg38959.htm","288.5 KB","","0 B","","0 B","","0 B"," COMMITTEE ON FOREIGN RELATIONS UNITED STATES SENATE ONE HUNDRED TENTH CONGRESS FIRST SESSION JULY 17, 2007 Printed for the use of the Committee on Foreign Relations Available via the World Wide Web: http://www.gpoaccess.gov/congress/ index.html U.S. GOVERNMENT PRINTING OFFICE 38-959 PDF WASHINGTON DC: 2007 For sale by the Superintendent of ...","","2007-07-17"
"513","Congressional Hearings","CHRG-110shrg41103","CHRG-110shrg41103","Treaties","https://www.govinfo.gov/app/details/CHRG-110shrg41103/CHRG-110shrg41103","https://www.govinfo.gov/content/pkg/CHRG-110shrg41103/pdf/CHRG-110shrg41103.pdf","327.3 KB","https://www.govinfo.gov/content/pkg/CHRG-110shrg41103/html/CHRG-110shrg41103.htm","321.5 KB","","0 B","","0 B","","0 B"," Printed for the use of the Committee on Foreign Relations Available via the World Wide Web: http://www.gpoaccess.gov/congress/ index.html U.S. GOVERNMENT PRINTING OFFICE 41-103 PDF WASHINGTON DC: 2008 For sale by the Superintendent of Documents, U.S. Government Printing Office Internet: bookstore.gpo.gov Phone: toll free (866)512-1800 DC area (...","","2007-07-17"
"514","Congressional Hearings","CHRG-110shrg45167","CHRG-110shrg45167","Strategic Assessment of U.S.-Russian Relations","https://www.govinfo.gov/app/details/CHRG-110shrg45167/CHRG-110shrg45167","https://www.govinfo.gov/content/pkg/CHRG-110shrg45167/pdf/CHRG-110shrg45167.pdf","252.0 KB","https://www.govinfo.gov/content/pkg/CHRG-110shrg45167/html/CHRG-110shrg45167.htm","174.2 KB","","0 B","","0 B","","0 B"," CONGRESS FIRST SESSION JUNE 21, 2007 Printed for the use of the Committee on Foreign Relations Available via the World Wide Web: http://www.gpoaccess.gov/congress/index.html U.S. GOVERNMENT PRINTING OFFICE 45-167 PDF WASHINGTON : 2008 For sale by the Superintendent of Documents, U.S. Government Printing Office Internet: bookstore.gpo.gov Phone: ...","","2007-06-21"
"515","Congressional Hearings","CHRG-110shrg38747","CHRG-110shrg38747","The Passport Backlog and the State Department's Response to the Western Hemisphere Travel Initiative","https://www.govinfo.gov/app/details/CHRG-110shrg38747/CHRG-110shrg38747","https://www.govinfo.gov/content/pkg/CHRG-110shrg38747/pdf/CHRG-110shrg38747.pdf","1.4 MB","https://www.govinfo.gov/content/pkg/CHRG-110shrg38747/html/CHRG-110shrg38747.htm","193.7 KB","","0 B","","0 B","","0 B","ON INTERNATIONAL OPERATIONS AND ORGANIZATIONS, DEMOCRACY AND HUMAN RIGHTS OF THE COMMITTEE ON FOREIGN RELATIONS UNITED STATES SENATE ONE HUNDRED TENTH CONGRESS FIRST SESSION JUNE 19, 2007 Printed for the use of the Committee on Foreign Relations Available via the World Wide Web: http://www.gpoaccess.gov/congress/ index.html U.S. GOVERNMENT PRINTING...","","2007-06-19"
"516","Congressional Hearings","CHRG-110shrg39470","CHRG-110shrg39470","Foreign Assistance Reform: Successes, Failures, and Next Steps","https://www.govinfo.gov/app/details/CHRG-110shrg39470/CHRG-110shrg39470","https://www.govinfo.gov/content/pkg/CHRG-110shrg39470/pdf/CHRG-110shrg39470.pdf","991.4 KB","https://www.govinfo.gov/content/pkg/CHRG-110shrg39470/html/CHRG-110shrg39470.htm","326.3 KB","","0 B","","0 B","","0 B"," ASSISTANCE, ECONOMIC AFFAIRS, AND INTERNATIONAL ENVIRONMENTAL PROTECTION OF THE COMMITTEE ON FOREIGN RELATIONS UNITED STATES SENATE ONE HUNDRED TENTH CONGRESS FIRST SESSION JUNE 12, 2007 Printed for the use of the Committee on Foreign Relations Available via the World Wide Web: http://www.gpoaccess.gov/congress/ index.html U.S. GOVERNMENT ...","","2007-06-12"
"517","Congressional Hearings","CHRG-110shrg42725","CHRG-110shrg42725","Climate Change: National Security Threats","https://www.govinfo.gov/app/details/CHRG-110shrg42725/CHRG-110shrg42725","https://www.govinfo.gov/content/pkg/CHRG-110shrg42725/pdf/CHRG-110shrg42725.pdf","237.1 KB","https://www.govinfo.gov/content/pkg/CHRG-110shrg42725/html/CHRG-110shrg42725.htm","154.2 KB","","0 B","","0 B","","0 B"," FIRST SESSION MAY 9, 2007 Printed for the use of the Committee on Foreign Relations Available via the World Wide Web: http://www.gpoaccess.gov/congress/ index.html U.S. GOVERNMENT PRINTING OFFICE 42-725 PDF WASHINGTON DC: 2008 For sale by the Superintendent of Documents, U.S. Government Printing Office Internet: bookstore.gpo.gov Phone: toll...","","2007-05-09"
"518","Congressional Hearings","CHRG-110shrg39936","CHRG-110shrg39936","Darfur: A ""Plan B"" to Stop Genocide?","https://www.govinfo.gov/app/details/CHRG-110shrg39936/CHRG-110shrg39936","https://www.govinfo.gov/content/pkg/CHRG-110shrg39936/pdf/CHRG-110shrg39936.pdf","325.2 KB","https://www.govinfo.gov/content/pkg/CHRG-110shrg39936/html/CHRG-110shrg39936.htm","282.6 KB","","0 B","","0 B","","0 B"," FIRST SESSION APRIL 11, 2007 Printed for the use of the Committee on Foreign Relations Available via the World Wide Web: http://www.gpoaccess.gov/congress/ index.html 39-936 PDF WASHINGTON DC: 2007 For sale by the Superintendent of Documents, U.S. Government Printing Office Internet: bookstore.gpo.gov Phone: toll free (866)512-1800 DC area (202...","","2007-04-11"
"519","Congressional Hearings","CHRG-110shrg39855","CHRG-110shrg39855","Iran: An Update","https://www.govinfo.gov/app/details/CHRG-110shrg39855/CHRG-110shrg39855","https://www.govinfo.gov/content/pkg/CHRG-110shrg39855/pdf/CHRG-110shrg39855.pdf","232.6 KB","https://www.govinfo.gov/content/pkg/CHRG-110shrg39855/html/CHRG-110shrg39855.htm","161.0 KB","","0 B","","0 B","","0 B"," 29, 2007 Printed for the use of the Committee on Foreign Relations Available via the World Wide Web: http://www.gpoaccess.gov/congress/ index.html U.S. GOVERNMENT PRINTING OFFICE 39-855 PDF WASHINGTON DC: 2007 For sale by the Superintendent of Documents, U.S. Government Printing Office Internet: bookstore.gpo.gov Phone: toll free (866)512-1800 DC ...","","2007-03-29"
"520","Congressional Hearings","CHRG-110shrg40160","CHRG-110shrg40160","Chad and the Central African Republic: The Regional Impact of the Darfur Crisis","https://www.govinfo.gov/app/details/CHRG-110shrg40160/CHRG-110shrg40160","https://www.govinfo.gov/content/pkg/CHRG-110shrg40160/pdf/CHRG-110shrg40160.pdf","235.8 KB","https://www.govinfo.gov/content/pkg/CHRG-110shrg40160/html/CHRG-110shrg40160.htm","167.7 KB","","0 B","","0 B","","0 B"," THE COMMITTEE ON FOREIGN RELATIONS UNITED STATES SENATE ONE HUNDRED TENTH CONGRESS FIRST SESSION MARCH 20, 2007 Printed for the use of the Committee on Foreign Relations Available via the World Wide Web: http://www.gpoaccess.gov/congress/ index.html U.S. GOVERNMENT PRINTING OFFICE 40-160 WASHINGTON : 2008 For Sale by the Superintendent of ...","","2007-03-20"
"521","Congressional Hearings","CHRG-110shrg40811","CHRG-110shrg40811","Extrajudicial Killings in the Philippines: Strategies to End the Violence","https://www.govinfo.gov/app/details/CHRG-110shrg40811/CHRG-110shrg40811","https://www.govinfo.gov/content/pkg/CHRG-110shrg40811/pdf/CHRG-110shrg40811.pdf","297.6 KB","https://www.govinfo.gov/content/pkg/CHRG-110shrg40811/html/CHRG-110shrg40811.htm","252.3 KB","","0 B","","0 B","","0 B"," OF THE COMMITTEE ON FOREIGN RELATIONS UNITED STATES SENATE ONE HUNDRED TENTH CONGRESS FIRST SESSION MARCH 14, 2007 Printed for the use of the Committee on Foreign Relations Available via the World Wide Web: http://www.gpoaccess.gov/congress/ index.html U.S. GOVERNMENT PRINTING OFFICE 40-811 WASHINGTON : 2008 For Sale by the Superintendent of...","","2007-03-14"
"522","Congressional Hearings","CHRG-110shrg42642","CHRG-110shrg42642","Afghanistan: Time for a New Strategy?","https://www.govinfo.gov/app/details/CHRG-110shrg42642/CHRG-110shrg42642","https://www.govinfo.gov/content/pkg/CHRG-110shrg42642/pdf/CHRG-110shrg42642.pdf","723.7 KB","https://www.govinfo.gov/content/pkg/CHRG-110shrg42642/html/CHRG-110shrg42642.htm","233.3 KB","","0 B","","0 B","","0 B"," FIRST SESSION MARCH 8, 2007 Printed for the use of the Committee on Foreign Relations Available via the World Wide Web: http://www.gpoaccess.gov/congress/ index.html U.S. GOVERNMENT PRINTING OFFICE WASHINGTON : 2008 42-642 PDF For Sale by the Superintendent of Documents, U.S. Government Printing Office Internet: bookstore.gpo.gov Phone: toll ...","","2007-03-08"
"523","Congressional Hearings","CHRG-110shrg42473","CHRG-110shrg42473","The President's Foreign Affairs Budget","https://www.govinfo.gov/app/details/CHRG-110shrg42473/CHRG-110shrg42473","https://www.govinfo.gov/content/pkg/CHRG-110shrg42473/pdf/CHRG-110shrg42473.pdf","455.1 KB","https://www.govinfo.gov/content/pkg/CHRG-110shrg42473/html/CHRG-110shrg42473.htm","460.2 KB","","0 B","","0 B","","0 B"," FIRST SESSION FEBRUARY 8, 2007 Printed for the use of the Committee on Foreign Relations Available via the World Wide Web: http://www.gpoaccess.gov/congress/ index.html U.S. GOVERNMENT PRINTING OFFICE 42-473 WASHINGTON : 2008 For sale by the Superintendent of Documents, U.S. Government Printing Office Internet: bookstore.gpo.gov Phone: toll ...","","2007-02-08"
"524","Congressional Hearings","CHRG-110shrg39987","CHRG-110shrg39987","Exploring a Comprehensive Stabilization, Reconstruction, and Counterterrorism Strategy for Somalia","https://www.govinfo.gov/app/details/CHRG-110shrg39987/CHRG-110shrg39987","https://www.govinfo.gov/content/pkg/CHRG-110shrg39987/pdf/CHRG-110shrg39987.pdf","289.9 KB","https://www.govinfo.gov/content/pkg/CHRG-110shrg39987/html/CHRG-110shrg39987.htm","232.4 KB","","0 B","","0 B","","0 B"," AFRICAN AFFAIRS OF THE COMMITTEE ON FOREIGN RELATIONS UNITED STATES SENATE ONE HUNDRED TENTH CONGRESS FIRST SESSION FEBRUARY 6, 2007 Printed for the use of the Committee on Foreign Relations Available via the World Wide Web: http://www.gpoaccess.gov/congress/ index.html U.S. GOVERNMENT PRINTING OFFICE 39-987 PDF WASHINGTON DC: 2008 For sale by the...","","2007-02-06"
"525","Congressional Hearings","CHRG-110shrg48267","CHRG-110shrg48267","Nominations of the 110th Congress","https://www.govinfo.gov/app/details/CHRG-110shrg48267/CHRG-110shrg48267","https://www.govinfo.gov/content/pkg/CHRG-110shrg48267/pdf/CHRG-110shrg48267.pdf","3.2 MB","https://www.govinfo.gov/content/pkg/CHRG-110shrg48267/html/CHRG-110shrg48267.htm","3.4 MB","","0 B","","0 B","","0 B","TENTH CONGRESS FIRST SESSION JANUARY 30 THROUGH DECEMBER 19, 2007 Printed for the use of the Committee on Foreign Relations Available via the World Wide Web: http://www.gpoaccess.gov/congress/ index.html NOMINATIONS OF THE 110TH CONGRESS--FIRST SESSION S. Hrg. 110-777 NOMINATIONS OF THE 110TH CONGRESS--FIRST SESSION HEARINGS BEFORE THE COMMITTEE ON...","","2007-01-30"
"526","Congressional Hearings","CHRG-110shrg38033","CHRG-110shrg38033","Securing America's Interest in Iraq: The Remaining Options","https://www.govinfo.gov/app/details/CHRG-110shrg38033/CHRG-110shrg38033","https://www.govinfo.gov/content/pkg/CHRG-110shrg38033/pdf/CHRG-110shrg38033.pdf","4.3 MB","https://www.govinfo.gov/content/pkg/CHRG-110shrg38033/html/CHRG-110shrg38033.htm","2.8 MB","","0 B","","0 B","","0 B"," HUNDRED TENTH CONGRESS FIRST SESSION JANUARY 10, 11, 17, 18, 23, 25, 30, 31, AND FEBRUARY 1, 2007 Printed for the use of the Committee on Foreign Relations Available via the World Wide Web: http://www.gpoaccess.gov/congress/ index.html S. Hrg. 110-153 SECURING AMERICA'S INTEREST IN IRAQ: THE REMAINING OPTIONS HEARINGS BEFORE THE COMMITTEE ON ...","","2007-01-10"
"527","Congressional Hearings","CHRG-109shrg71960","CHRG-109shrg71960","International Polar Year","https://www.govinfo.gov/app/details/CHRG-109shrg71960/CHRG-109shrg71960","https://www.govinfo.gov/content/pkg/CHRG-109shrg71960/pdf/CHRG-109shrg71960.pdf","2.3 MB","https://www.govinfo.gov/content/pkg/CHRG-109shrg71960/html/CHRG-109shrg71960.htm","338.6 KB","","0 B","","0 B","","0 B"," ON FOREIGN RELATIONS ONE HUNDRED NINTH CONGRESS SECOND SESSION SEPTEMBER 26, 2006 Printed for the use of the Committee on Commerce, Science, and Transportation and the Committee on Foreign Relations U.S. GOVERNMENT PRINTING OFFICE 71-960 PDF WASHINGTON : 2012 For sale by the Superintendent of Documents, U.S. Government Printing Office ...","","2006-09-26"
"528","Congressional Hearings","CHRG-109shrg36451","CHRG-109shrg36451","A New Initiative to Combat Child Hunger","https://www.govinfo.gov/app/details/CHRG-109shrg36451/CHRG-109shrg36451","https://www.govinfo.gov/content/pkg/CHRG-109shrg36451/pdf/CHRG-109shrg36451.pdf","262.3 KB","https://www.govinfo.gov/content/pkg/CHRG-109shrg36451/html/CHRG-109shrg36451.htm","200.4 KB","","0 B","","0 B","","0 B"," SECOND SESSION SEPTEMBER 26, 2006 Printed for the use of the Committee on Foreign Relations Available via the World Wide Web: http://www.gpoaccess.gov/congress/ index.html U.S. GOVERNMENT PRINTING OFFICE 36-451 WASHINGTON : 2007 For Sale by the Superintendent of Documents, U.S. Government Printing Office Internet: bookstore.gpo.gov Phone: toll...","","2006-09-26"
"529","Congressional Hearings","CHRG-109shrg36091","CHRG-109shrg36091","From Coalition to Isaf Command in Afghanistan: The Purpose and Impact of the Transition","https://www.govinfo.gov/app/details/CHRG-109shrg36091/CHRG-109shrg36091","https://www.govinfo.gov/content/pkg/CHRG-109shrg36091/pdf/CHRG-109shrg36091.pdf","249.3 KB","https://www.govinfo.gov/content/pkg/CHRG-109shrg36091/html/CHRG-109shrg36091.htm","180.8 KB","","0 B","","0 B","","0 B"," UNITED STATES SENATE ONE HUNDRED NINTH CONGRESS SECOND SESSION SEPTEMBER 21, 2006 Printed for the use of the Committee on Foreign Relations Available via the World Wide Web: http://www.gpoaccess.gov/congress/ index.html U.S. GOVERNMENT PRINTING OFFICE 36-091 PDF WASHINGTON : 2007 For sale by the Superintendent of Documents, U.S. Government ...","","2006-09-21"
"530","Congressional Hearings","CHRG-109shrg30620","CHRG-109shrg30620","Responding to Iran's Nuclear Ambitions: Next Steps","https://www.govinfo.gov/app/details/CHRG-109shrg30620/CHRG-109shrg30620","https://www.govinfo.gov/content/pkg/CHRG-109shrg30620/pdf/CHRG-109shrg30620.pdf","338.2 KB","https://www.govinfo.gov/content/pkg/CHRG-109shrg30620/html/CHRG-109shrg30620.htm","304.1 KB","","0 B","","0 B","","0 B"," NINTH CONGRESS SECOND SESSION SEPTEMBER 19, 2006 Printed for the use of the Committee on Foreign Relations Available via the World Wide Web: http://www.gpoaccess.gov/congress/ index.html U.S. GOVERNMENT PRINTING OFFICE 30-620 WASHINGTON : 2006 For Sale by the Superintendent of Documents, U.S. Government Printing Office Internet: bookstore.gpo.gov ...","","2006-09-19"
"531","Congressional Hearings","CHRG-109shrg30611","CHRG-109shrg30611","Lebanon: Securing a Permanent Cease-Fire","https://www.govinfo.gov/app/details/CHRG-109shrg30611/CHRG-109shrg30611","https://www.govinfo.gov/content/pkg/CHRG-109shrg30611/pdf/CHRG-109shrg30611.pdf","452.0 KB","https://www.govinfo.gov/content/pkg/CHRG-109shrg30611/html/CHRG-109shrg30611.htm","263.8 KB","","0 B","","0 B","","0 B"," SEPTEMBER 13, 2006 Printed for the use of the Committee on Foreign Relations Available via the World Wide Web: http://www.access.gpo.gov/congress/senate/senate11sh109.html _____ U.S. GOVERNMENT PRINTING OFFICE 30-611 PDF WASHINGTON : 2006 For sale by the Superintendent of Documents, U.S. Government Printing Office Internet: bookstore.gpo.gov ...","","2006-09-13"
"532","Congressional Hearings","CHRG-109shrg36452","CHRG-109shrg36452","Nomination of Hon. John R. Bolton to Be U.S. Representative to the United Nations","https://www.govinfo.gov/app/details/CHRG-109shrg36452/CHRG-109shrg36452","https://www.govinfo.gov/content/pkg/CHRG-109shrg36452/pdf/CHRG-109shrg36452.pdf","309.8 KB","https://www.govinfo.gov/content/pkg/CHRG-109shrg36452/html/CHRG-109shrg36452.htm","254.2 KB","","0 B","","0 B","","0 B"," STATES SENATE ONE HUNDRED NINTH CONGRESS SECOND SESSION JULY 27, 2006 Printed for the use of the Committee on Foreign Relations Available via the World Wide Web: http://www.gpoaccess.gov/congress/ index.html U.S. GOVERNMENT PRINTING OFFICE 36-452 PDF WASHINGTON DC: 2006 For sale by the Superintendent of Documents, U.S. Government Printing ...","","2006-07-27"
"533","Congressional Hearings","CHRG-109shrg29831","CHRG-109shrg29831","U.S.-U.K. Extradition Treaty","https://www.govinfo.gov/app/details/CHRG-109shrg29831/CHRG-109shrg29831","https://www.govinfo.gov/content/pkg/CHRG-109shrg29831/pdf/CHRG-109shrg29831.pdf","363.8 KB","https://www.govinfo.gov/content/pkg/CHRG-109shrg29831/html/CHRG-109shrg29831.htm","349.9 KB","","0 B","","0 B","","0 B"," SESSION JULY 21, 2006 Printed for the use of the Committee on Foreign Relations Available via the World Wide Web: http://www.access.gpo.gov/congress/senate/senate11sh109.html U.S. GOVERNMENT PRINTING OFFICE 29-831 WASHINGTON : 2006 For Sale by the Superintendent of Documents, U.S. Government Printing Office Internet: bookstore.gpo.gov Phone: toll ...","","2006-07-21"
"534","Congressional Hearings","CHRG-109shrg36100","CHRG-109shrg36100","North Korea: U.S. Policy Options","https://www.govinfo.gov/app/details/CHRG-109shrg36100/CHRG-109shrg36100","https://www.govinfo.gov/content/pkg/CHRG-109shrg36100/pdf/CHRG-109shrg36100.pdf","263.0 KB","https://www.govinfo.gov/content/pkg/CHRG-109shrg36100/html/CHRG-109shrg36100.htm","198.6 KB","","0 B","","0 B","","0 B"," SESSION JULY 20, 2006 Printed for the use of the Committee on Foreign Relations Available via the World Wide Web: http://www.gpoaccess.gov/congress/ index.html U.S. GOVERNMENT PRINTING OFFICE 36-100 PDF WASHINGTON : 2007 For sale by the Superintendent of Documents, U.S. Government Printing Office Internet: bookstore.gpo.gov Phone: toll free (...","","2006-07-20"
"535","Congressional Hearings","CHRG-109shrg36963","CHRG-109shrg36963","Islam and the West: Searching for Common Ground","https://www.govinfo.gov/app/details/CHRG-109shrg36963/CHRG-109shrg36963","https://www.govinfo.gov/content/pkg/CHRG-109shrg36963/pdf/CHRG-109shrg36963.pdf","278.6 KB","https://www.govinfo.gov/content/pkg/CHRG-109shrg36963/html/CHRG-109shrg36963.htm","221.7 KB","","0 B","","0 B","","0 B"," CONGRESS SECOND SESSION JULY 18, 2006 Printed for the use of the Committee on Foreign Relations Available via the World Wide Web: http://www.gpoaccess.gov/congress/ index.html U.S. GOVERNMENT PRINTING OFFICE 36-963 PDF WASHINGTON DC: 2007 For sale by the Superintendent of Documents, U.S. Government Printing Office Internet: bookstore.gpo.gov ...","","2006-07-18"
"536","Congressional Hearings","CHRG-109shrg34858","CHRG-109shrg34858","An Iraq Update","https://www.govinfo.gov/app/details/CHRG-109shrg34858/CHRG-109shrg34858","https://www.govinfo.gov/content/pkg/CHRG-109shrg34858/pdf/CHRG-109shrg34858.pdf","282.4 KB","https://www.govinfo.gov/content/pkg/CHRG-109shrg34858/html/CHRG-109shrg34858.htm","221.4 KB","","0 B","","0 B","","0 B",", JULY 13, 2006 Printed for the use of the Committee on Foreign Relations Available via the World Wide Web: http://www.gpoaccess.gov/congress/ index.html COMMITTEE ON FOREIGN RELATIONS U.S. GOVERNMENT PRINTING OFFICE 34-858 PDF WASHINGTON : 2007 For sale by the Superintendent of Documents, U.S. Government Printing Office Internet: ...","","2006-07-13"
"537","Congressional Hearings","CHRG-109shrg35963","CHRG-109shrg35963","Multilateral Development Banks: Development Effectiveness of Infrastructure Projects","https://www.govinfo.gov/app/details/CHRG-109shrg35963/CHRG-109shrg35963","https://www.govinfo.gov/content/pkg/CHRG-109shrg35963/pdf/CHRG-109shrg35963.pdf","2.9 MB","https://www.govinfo.gov/content/pkg/CHRG-109shrg35963/html/CHRG-109shrg35963.htm","377.8 KB","","0 B","","0 B","","0 B"," UNITED STATES SENATE ONE HUNDRED NINTH CONGRESS SECOND SESSION JULY 12, 2006 Printed for the use of the Committee on Foreign Relations Available via the World Wide Web: http://www.gpoaccess.gov/congress/ index.html U.S. GOVERNMENT PRINTING OFFICE 35-963 WASHINGTON : 2007 For Sale by the Superintendent of Documents, U.S. Government Printing Office...","","2006-07-12"
"538","Congressional Hearings","CHRG-109shrg34879","CHRG-109shrg34879","Somalia: U.S. Government Policy and Challenges","https://www.govinfo.gov/app/details/CHRG-109shrg34879/CHRG-109shrg34879","https://www.govinfo.gov/content/pkg/CHRG-109shrg34879/pdf/CHRG-109shrg34879.pdf","233.8 KB","https://www.govinfo.gov/content/pkg/CHRG-109shrg34879/html/CHRG-109shrg34879.htm","159.4 KB","","0 B","","0 B","","0 B"," UNITED STATES SENATE ONE HUNDRED NINTH CONGRESS SECOND SESSION JULY 11, 2006 Printed for the use of the Committee on Foreign Relations Available via the World Wide Web: http://www.gpoaccess.gov/congress/ index.html U.S. GOVERNMENT PRINTING OFFICE 34-879 WASHINGTON : 2007 For Sale by the Superintendent of Documents, U.S. Government Printing ...","","2006-07-11"
"539","Congressional Hearings","CHRG-109shrg33684","CHRG-109shrg33684","Russia: Back to the Future","https://www.govinfo.gov/app/details/CHRG-109shrg33684/CHRG-109shrg33684","https://www.govinfo.gov/content/pkg/CHRG-109shrg33684/pdf/CHRG-109shrg33684.pdf","232.6 KB","https://www.govinfo.gov/content/pkg/CHRG-109shrg33684/html/CHRG-109shrg33684.htm","157.0 KB","","0 B","","0 B","","0 B"," JUNE 29, 2006 Printed for the use of the Committee on Foreign Relations Available via the World Wide Web: http://www.gpoaccess.gov/congress/ index.html U.S. GOVERNMENT PRINTING OFFICE 33-684 WASHINGTON : 2007 For Sale by the Superintendent of Documents, U.S. Government Printing Office Internet: bookstore.gpo.gov Phone: toll free (866) 512-...","","2006-06-29"
"540","Congressional Hearings","CHRG-109shrg34697","CHRG-109shrg34697","Energy Security in Latin America","https://www.govinfo.gov/app/details/CHRG-109shrg34697/CHRG-109shrg34697","https://www.govinfo.gov/content/pkg/CHRG-109shrg34697/pdf/CHRG-109shrg34697.pdf","325.7 KB","https://www.govinfo.gov/content/pkg/CHRG-109shrg34697/html/CHRG-109shrg34697.htm","286.0 KB","","0 B","","0 B","","0 B"," SESSION JUNE 22, 2006 Printed for the use of the Committee on Foreign Relations Available via the World Wide Web: http://www.gpoaccess.gov/congress/ index.html U.S. GOVERNMENT PRINTING OFFICE 34-697 WASHINGTON : 2007 For Sale by the Superintendent of Documents, U.S. Government Printing Office Internet: bookstore.gpo.gov Phone: toll free (866) ...","","2006-06-22"
"541","Congressional Hearings","CHRG-109shrg34696","CHRG-109shrg34696","International Methamphetamine Trafficking","https://www.govinfo.gov/app/details/CHRG-109shrg34696/CHRG-109shrg34696","https://www.govinfo.gov/content/pkg/CHRG-109shrg34696/pdf/CHRG-109shrg34696.pdf","230.1 KB","https://www.govinfo.gov/content/pkg/CHRG-109shrg34696/html/CHRG-109shrg34696.htm","165.7 KB","","0 B","","0 B","","0 B"," AND SUBCOMMITTEE ON WESTERN HEMISPHERE, PEACE CORPS AND NARCOTICS AFFAIRS OF THE COMMITTEE ON FOREIGN RELATIONS UNITED STATES SENATE ONE HUNDRED NINTH CONGRESS SECOND SESSION WEDNESDAY, JUNE 21, 2006 Printed for the use of the Committee on Foreign Relations Available via the World Wide Web: http://www.gpoaccess.gov/congress/ index.html U.S. ...","","2006-06-21"
"542","Congressional Hearings","CHRG-109shrg34695","CHRG-109shrg34695","Counterterrorism: The Changing Face of Terror","https://www.govinfo.gov/app/details/CHRG-109shrg34695/CHRG-109shrg34695","https://www.govinfo.gov/content/pkg/CHRG-109shrg34695/pdf/CHRG-109shrg34695.pdf","310.2 KB","https://www.govinfo.gov/content/pkg/CHRG-109shrg34695/html/CHRG-109shrg34695.htm","270.5 KB","","0 B","","0 B","","0 B"," CONGRESS SECOND SESSION JUNE 13, 2006 Printed for the use of the Committee on Foreign Relations Available via the World Wide Web: http://www.gpoaccess.gov/congress/ index.html U.S. GOVERNMENT PRINTING OFFICE 34-695 WASHINGTON : 2007 For Sale by the Superintendent of Documents, U.S. Government Printing Office Internet: bookstore.gpo.gov Phone: ...","","2006-06-13"
"543","Congressional Hearings","CHRG-109shrg34274","CHRG-109shrg34274","The Role of Non-Governmental Organizations in the Development of Democracy","https://www.govinfo.gov/app/details/CHRG-109shrg34274/CHRG-109shrg34274","https://www.govinfo.gov/content/pkg/CHRG-109shrg34274/pdf/CHRG-109shrg34274.pdf","362.1 KB","https://www.govinfo.gov/content/pkg/CHRG-109shrg34274/html/CHRG-109shrg34274.htm","346.5 KB","","0 B","","0 B","","0 B"," SENATE ONE HUNDRED NINTH CONGRESS SECOND SESSION THURSDAY, JUNE 8, 2006 Printed for the use of the Committee on Foreign Relations Available via the World Wide Web: http://www.gpoaccess.gov/congress/ index.html U.S. GOVERNMENT PRINTING OFFICE 34-274 WASHINGTON : 2007 For Sale by the Superintendent of Documents, U.S. Government Printing Office ...","","2006-06-08"
"544","Congressional Hearings","CHRG-109shrg34102","CHRG-109shrg34102","Asian Adoptions in the United States","https://www.govinfo.gov/app/details/CHRG-109shrg34102/CHRG-109shrg34102","https://www.govinfo.gov/content/pkg/CHRG-109shrg34102/pdf/CHRG-109shrg34102.pdf","265.3 KB","https://www.govinfo.gov/content/pkg/CHRG-109shrg34102/html/CHRG-109shrg34102.htm","170.2 KB","","0 B","","0 B","","0 B"," UNITED STATES SENATE ONE HUNDRED NINTH CONGRESS SECOND SESSION JUNE 8, 2006 Printed for the use of the Committee on Foreign Relations Available via the World Wide Web: http://www.gpoaccess.gov/congress/ index.html U.S. GOVERNMENT PRINTING OFFICE 34-102 WASHINGTON : 2007 For Sale by the Superintendent of Documents, U.S. Government Printing ...","","2006-06-08"
"545","Congressional Hearings","CHRG-109shrg33736","CHRG-109shrg33736","Oil Dependence and Economic Risk","https://www.govinfo.gov/app/details/CHRG-109shrg33736/CHRG-109shrg33736","https://www.govinfo.gov/content/pkg/CHRG-109shrg33736/pdf/CHRG-109shrg33736.pdf","235.7 KB","https://www.govinfo.gov/content/pkg/CHRG-109shrg33736/html/CHRG-109shrg33736.htm","157.1 KB","","0 B","","0 B","","0 B"," SESSION JUNE 7, 2006 Printed for the use of the Committee on Foreign Relations Available via the World Wide Web: http://www.gpoaccess.gov/congress/ index.html U.S. GOVERNMENT PRINTING OFFICE 33-736 PDF WASHINGTON DC: 2007 For sale by the Superintendent of Documents, U.S. Government Printing Office Internet: bookstore.gpo.gov Phone: toll free (...","","2006-06-07"
"546","Congressional Hearings","CHRG-109shrg33735","CHRG-109shrg33735","The Regional Impact of the Western Hemisphere Travel Initiative","https://www.govinfo.gov/app/details/CHRG-109shrg33735/CHRG-109shrg33735","https://www.govinfo.gov/content/pkg/CHRG-109shrg33735/pdf/CHRG-109shrg33735.pdf","251.5 KB","https://www.govinfo.gov/content/pkg/CHRG-109shrg33735/html/CHRG-109shrg33735.htm","183.9 KB","","0 B","","0 B","","0 B"," OF THE COMMITTEE ON FOREIGN RELATIONS UNITED STATES SENATE ONE HUNDRED NINTH CONGRESS SECOND SESSION MAY 31, 2006 Printed for the use of the Committee on Foreign Relations Available via the World Wide Web: http://www.gpoaccess.gov/congress/ index.html U.S. GOVERNMENT PRINTING OFFICE 33-735 PDF WASHINGTON DC: 2007 For sale by the Superintendent...","","2006-05-31"
"547","Congressional Hearings","CHRG-109shrg31390","CHRG-109shrg31390","A Status Report on United Nations Reform","https://www.govinfo.gov/app/details/CHRG-109shrg31390/CHRG-109shrg31390","https://www.govinfo.gov/content/pkg/CHRG-109shrg31390/pdf/CHRG-109shrg31390.pdf","254.5 KB","https://www.govinfo.gov/content/pkg/CHRG-109shrg31390/html/CHRG-109shrg31390.htm","182.1 KB","","0 B","","0 B","","0 B"," SECOND SESSION MAY 25, 2006 Printed for the use of the Committee on Foreign Relations Available via the World Wide Web: http://www.gpoaccess.gov/congress/ index.html U.S. GOVERNMENT PRINTING OFFICE 31-390 WASHINGTON : 2006 For Sale by the Superintendent of Documents, U.S. Government Printing Office Internet: bookstore.gpo.gov Phone: toll free...","","2006-05-25"
"548","Congressional Hearings","CHRG-109shrg33733","CHRG-109shrg33733","Nepal: Transition from Crisis to Peaceful Democracy","https://www.govinfo.gov/app/details/CHRG-109shrg33733/CHRG-109shrg33733","https://www.govinfo.gov/content/pkg/CHRG-109shrg33733/pdf/CHRG-109shrg33733.pdf","197.4 KB","https://www.govinfo.gov/content/pkg/CHRG-109shrg33733/html/CHRG-109shrg33733.htm","113.5 KB","","0 B","","0 B","","0 B"," ON FOREIGN RELATIONS UNITED STATES SENATE ONE HUNDRED NINTH CONGRESS SECOND SESSION MAY 18, 2006 Printed for the use of the Committee on Foreign Relations Available via the World Wide Web: http://www.gpoaccess.gov/congress/ index.html U.S. GOVERNMENT PRINTING OFFICE 33-733 PDF WASHINGTON DC: 2007 For sale by the Superintendent of Documents,...","","2006-05-18"
"549","Congressional Hearings","CHRG-109shrg32212","CHRG-109shrg32212","Iran's Political/Nuclear Ambitions and U.S. Policy Options","https://www.govinfo.gov/app/details/CHRG-109shrg32212/CHRG-109shrg32212","https://www.govinfo.gov/content/pkg/CHRG-109shrg32212/pdf/CHRG-109shrg32212.pdf","474.6 KB","https://www.govinfo.gov/content/pkg/CHRG-109shrg32212/html/CHRG-109shrg32212.htm","485.6 KB","","0 B","","0 B","","0 B"," HUNDRED NINTH CONGRESS SECOND SESSION MAY 17 AND 18, 2006 Printed for the use of the Committee on Foreign Relations Available via the World Wide Web: http://www.gpoaccess.gov/congress/ index.html U.S. GOVERNMENT PRINTING OFFICE 32-212 WASHINGTON : 2007 For Sale by the Superintendent of Documents, U.S. Government Printing Office Internet: ...","","2006-05-17"
"550","Congressional Hearings","CHRG-109shrg34738","CHRG-109shrg34738","Energy Security and Oil Dependence","https://www.govinfo.gov/app/details/CHRG-109shrg34738/CHRG-109shrg34738","https://www.govinfo.gov/content/pkg/CHRG-109shrg34738/pdf/CHRG-109shrg34738.pdf","1.0 MB","https://www.govinfo.gov/content/pkg/CHRG-109shrg34738/html/CHRG-109shrg34738.htm","205.3 KB","","0 B","","0 B","","0 B","SECOND SESSION MAY 16, 2006 Printed for the use of the Committee on Foreign Relations Available via the World Wide Web: http://www.gpoaccess.gov/congress/ index.html U.S. GOVERNMENT PRINTING OFFICE 34-738 WASHINGTON : 2007 For Sale by the Superintendent of Documents, U.S. Government Printing Office Internet: bookstore.gpo.gov Phone: toll free (866)...","","2006-05-16"
"551","Congressional Hearings","CHRG-109shrg33732","CHRG-109shrg33732","Housing and Urbanization Issues in Africa","https://www.govinfo.gov/app/details/CHRG-109shrg33732/CHRG-109shrg33732","https://www.govinfo.gov/content/pkg/CHRG-109shrg33732/pdf/CHRG-109shrg33732.pdf","283.0 KB","https://www.govinfo.gov/content/pkg/CHRG-109shrg33732/html/CHRG-109shrg33732.htm","231.1 KB","","0 B","","0 B","","0 B"," STATES SENATE ONE HUNDRED NINTH CONGRESS SECOND SESSION MAY 4, 2006 Printed for the use of the Committee on Foreign Relations Available via the World Wide Web: http://www.gpoaccess.gov/congress/ index.html U.S. GOVERNMENT PRINTING OFFICE 33-732 PDF WASHINGTON DC: 2007 For sale by the Superintendent of Documents, U.S. Government Printing Office...","","2006-05-04"
"552","Congressional Hearings","CHRG-109shrg33941","CHRG-109shrg33941","Islamist Extremism in Europe","https://www.govinfo.gov/app/details/CHRG-109shrg33941/CHRG-109shrg33941","https://www.govinfo.gov/content/pkg/CHRG-109shrg33941/pdf/CHRG-109shrg33941.pdf","302.6 KB","https://www.govinfo.gov/content/pkg/CHRG-109shrg33941/html/CHRG-109shrg33941.htm","265.5 KB","","0 B","","0 B","","0 B","SENATE ONE HUNDRED NINTH CONGRESS SECOND SESSION APRIL 5, 2006 Printed for the use of the Committee on Foreign Relations Available via the World Wide Web: http://www.access.gpo.gov/congress/ senate U.S. GOVERNMENT PRINTING OFFICE 33-941 WASHINGTON : 2007 For Sale by the Superintendent of Documents, U.S. Government Printing Office Internet: ...","","2006-04-05"
"553","Congressional Hearings","CHRG-109shrg34739","CHRG-109shrg34739","The Hidden Cost of Oil","https://www.govinfo.gov/app/details/CHRG-109shrg34739/CHRG-109shrg34739","https://www.govinfo.gov/content/pkg/CHRG-109shrg34739/pdf/CHRG-109shrg34739.pdf","3.5 MB","https://www.govinfo.gov/content/pkg/CHRG-109shrg34739/html/CHRG-109shrg34739.htm","167.2 KB","","0 B","","0 B","","0 B"," MARCH 30, 2006 Printed for the use of the Committee on Foreign Relations Available via the World Wide Web: http://www.gpoaccess.gov/congress/ index.html U.S. GOVERNMENT PRINTING OFFICE 34-739 WASHINGTON : 2007 For Sale by the Superintendent of Documents, U.S. Government Printing Office Internet: bookstore.gpo.gov Phone: toll free (866) 512-1800;...","","2006-03-30"
"554","Congressional Hearings","CHRG-109shrg33725","CHRG-109shrg33725","U.S-Burma Relations","https://www.govinfo.gov/app/details/CHRG-109shrg33725/CHRG-109shrg33725","https://www.govinfo.gov/content/pkg/CHRG-109shrg33725/pdf/CHRG-109shrg33725.pdf","292.9 KB","https://www.govinfo.gov/content/pkg/CHRG-109shrg33725/html/CHRG-109shrg33725.htm","222.1 KB","","0 B","","0 B","","0 B"," SENATE ONE HUNDRED NINTH CONGRESS SECOND SESSION MARCH 29, 2006 Printed for the use of the Committee on Foreign Relations Available via the World Wide Web: http://www.access.gpo.gov/congress/ senate U.S. GOVERNMENT PRINTING OFFICE 33-725 PDF WASHINGTON DC: 2007 For sale by the Superintendent of Documents, U.S. Government Printing Office ...","","2006-03-29"
"555","Congressional Hearings","CHRG-109shrg33727","CHRG-109shrg33727","Multilateral Development Banks: Promoting Effectiveness and Fighting Corruption","https://www.govinfo.gov/app/details/CHRG-109shrg33727/CHRG-109shrg33727","https://www.govinfo.gov/content/pkg/CHRG-109shrg33727/pdf/CHRG-109shrg33727.pdf","270.1 KB","https://www.govinfo.gov/content/pkg/CHRG-109shrg33727/html/CHRG-109shrg33727.htm","204.7 KB","","0 B","","0 B","","0 B"," STATES SENATE ONE HUNDRED NINTH CONGRESS SECOND SESSION MARCH 28, 2006 Printed for the use of the Committee on Foreign Relations Available via the World Wide Web: http://www.access.gpo.gov/congress/ senate U.S. GOVERNMENT PRINTING OFFICE 33-727 PDF WASHINGTON : 2007 For sale by the Superintendent of Documents, U.S. Government Printing Office ...","","2006-03-28"
"556","Congressional Hearings","CHRG-109shrg33728","CHRG-109shrg33728","Post-Palestinian Election Challenges in the Middle East","https://www.govinfo.gov/app/details/CHRG-109shrg33728/CHRG-109shrg33728","https://www.govinfo.gov/content/pkg/CHRG-109shrg33728/pdf/CHRG-109shrg33728.pdf","289.5 KB","https://www.govinfo.gov/content/pkg/CHRG-109shrg33728/html/CHRG-109shrg33728.htm","232.6 KB","","0 B","","0 B","","0 B"," NINTH CONGRESS SECOND SESSION MARCH 15, 2006 Printed for the use of the Committee on Foreign Relations Available via the World Wide Web: http://www.access.gpo.gov/congress/ senate U.S. GOVERNMENT PRINTING OFFICE WASHINGTON : 2007 33-728 PDF For Sale by the Superintendent of Documents, U.S. Government Printing Office Internet: ...","","2006-03-15"
"557","Congressional Hearings","CHRG-109shrg33683","CHRG-109shrg33683","The Impact on Latin America of the American Servicemembers' Protection Act","https://www.govinfo.gov/app/details/CHRG-109shrg33683/CHRG-109shrg33683","https://www.govinfo.gov/content/pkg/CHRG-109shrg33683/pdf/CHRG-109shrg33683.pdf","816.2 KB","https://www.govinfo.gov/content/pkg/CHRG-109shrg33683/html/CHRG-109shrg33683.htm","119.6 KB","","0 B","","0 B","","0 B"," CORPS AND NARCOTICS AFFAIRS OF THE COMMITTEE ON FOREIGN RELATIONS UNITED STATES SENATE ONE HUNDRED NINTH CONGRESS SECOND SESSION MARCH 8, 2006 Printed for the use of the Committee on Foreign Relations Available via the World Wide Web: http://www.gpoaccess.gov/congress/ index.html U.S. GOVERNMENT PRINTING OFFICE 33-683 PDF WASHINGTON : 2007 For ...","","2006-03-08"
"558","Congressional Hearings","CHRG-109shrg30835","CHRG-109shrg30835","A Nuclear Iran: Challenges and Responses","https://www.govinfo.gov/app/details/CHRG-109shrg30835/CHRG-109shrg30835","https://www.govinfo.gov/content/pkg/CHRG-109shrg30835/pdf/CHRG-109shrg30835.pdf","261.5 KB","https://www.govinfo.gov/content/pkg/CHRG-109shrg30835/html/CHRG-109shrg30835.htm","201.4 KB","","0 B","","0 B","","0 B"," SECOND SESSION MARCH 2, 2006 Printed for the use of the Committee on Foreign Relations Available via the World Wide Web: http://www.gpoaccess.gov/congress/ index.html U.S. GOVERNMENT PRINTING OFFICE 30-835 WASHINGTON : 2006 For Sale by the Superintendent of Documents, U.S. Government Printing Office Internet: bookstore.gpo.gov Phone: toll ...","","2006-03-02"
"559","Congressional Hearings","CHRG-109shrg32518","CHRG-109shrg32518","The President's Budget for Foreign Affairs","https://www.govinfo.gov/app/details/CHRG-109shrg32518/CHRG-109shrg32518","https://www.govinfo.gov/content/pkg/CHRG-109shrg32518/pdf/CHRG-109shrg32518.pdf","1.4 MB","https://www.govinfo.gov/content/pkg/CHRG-109shrg32518/html/CHRG-109shrg32518.htm","599.7 KB","","0 B","","0 B","","0 B"," SECOND SESSION FEBRUARY 15, 2006 Printed for the use of the Committee on Foreign Relations Available via the World Wide Web: http://www.gpoaccess.gov/congress/ index.html U.S. GOVERNMENT PRINTING OFFICE 32-518 WASHINGTON : 2007 For Sale by the Superintendent of Documents, U.S. Government Printing Office Internet: bookstore.gpo.gov Phone: ...","","2006-02-15"
"560","Congressional Hearings","CHRG-109shrg35130","CHRG-109shrg35130","New Initiatives in Cooperative Threat Reduction","https://www.govinfo.gov/app/details/CHRG-109shrg35130/CHRG-109shrg35130","https://www.govinfo.gov/content/pkg/CHRG-109shrg35130/pdf/CHRG-109shrg35130.pdf","248.9 KB","https://www.govinfo.gov/content/pkg/CHRG-109shrg35130/html/CHRG-109shrg35130.htm","178.9 KB","","0 B","","0 B","","0 B"," CONGRESS SECOND SESSION February 9, 2006 Printed for the use of the Committee on Foreign Relations Available via the World Wide Web: http://www.gpoaccess.gov/congress/ index.html U.S. GOVERNMENT PRINTING OFFICE 35-130 PDF WASHINGTON : 2007 For sale by the Superintendent of Documents, U.S. Government Printing Office Internet: bookstore.gpo.gov ...","","2006-02-09"
"561","Congressional Hearings","CHRG-109shrg34512","CHRG-109shrg34512","Iraq Stabilization and Reconstruction","https://www.govinfo.gov/app/details/CHRG-109shrg34512/CHRG-109shrg34512","https://www.govinfo.gov/content/pkg/CHRG-109shrg34512/pdf/CHRG-109shrg34512.pdf","523.2 KB","https://www.govinfo.gov/content/pkg/CHRG-109shrg34512/html/CHRG-109shrg34512.htm","422.1 KB","","0 B","","0 B","","0 B"," SECOND SESSION FEBRUARY 8, 2006 Printed for the use of the Committee on Foreign Relations Available via the World Wide Web: http://www.gpoaccess.gov/congress/ index.html U.S. GOVERNMENT PRINTING OFFICE 34-512 WASHINGTON : 2007 For Sale by the Superintendent of Documents, U.S. Government Printing Office Internet: bookstore.gpo.gov Phone: toll ...","","2006-02-08"
"562","Congressional Hearings","CHRG-109shrg28810","CHRG-109shrg28810","NATO: From Common Defense to Common Security","https://www.govinfo.gov/app/details/CHRG-109shrg28810/CHRG-109shrg28810","https://www.govinfo.gov/content/pkg/CHRG-109shrg28810/pdf/CHRG-109shrg28810.pdf","189.5 KB","https://www.govinfo.gov/content/pkg/CHRG-109shrg28810/html/CHRG-109shrg28810.htm","101.0 KB","","0 B","","0 B","","0 B"," CONGRESS FIRST SESSION FEBRUARY 7, 2006 Printed for the use of the Committee on Foreign Relations Available via the World Wide Web: http://www.gpoaccess.gov/congress/ index.html U.S. GOVERNMENT PRINTING OFFICE 28-810 WASHINGTON : 2006 For Sale by the Superintendent of Documents, U.S. Government Printing Office Internet: bookstore.gpo.gov Phone: ...","","2006-02-07"
"563","Congressional Hearings","CHRG-109shrg26429","CHRG-109shrg26429","Tax Treaties","https://www.govinfo.gov/app/details/CHRG-109shrg26429/CHRG-109shrg26429","https://www.govinfo.gov/content/pkg/CHRG-109shrg26429/pdf/CHRG-109shrg26429.pdf","229.4 KB","https://www.govinfo.gov/content/pkg/CHRG-109shrg26429/html/CHRG-109shrg26429.htm","166.3 KB","","0 B","","0 B","","0 B"," 2, 2006 Printed for the use of the Committee on Foreign Relations Available via the World Wide Web: http://www.gpoaccess.gov/congress/senate/foreignrelations/index.html U.S. GOVERNMENT PRINTING OFFICE 26-429 WASHINGTON : 2006 For Sale by the Superintendent of Documents, U.S. Government Printing Office Internet: bookstore.gpo.gov Phone: toll free ...","","2006-02-02"
"564","Congressional Hearings","CHRG-109shrg33724","CHRG-109shrg33724","African Organizations and Institutions: Cross-Continental Progress","https://www.govinfo.gov/app/details/CHRG-109shrg33724/CHRG-109shrg33724","https://www.govinfo.gov/content/pkg/CHRG-109shrg33724/pdf/CHRG-109shrg33724.pdf","270.6 KB","https://www.govinfo.gov/content/pkg/CHRG-109shrg33724/html/CHRG-109shrg33724.htm","207.7 KB","","0 B","","0 B","","0 B"," ON FOREIGN RELATIONS UNITED STATES SENATE ONE HUNDRED NINTH CONGRESS SECOND SESSION NOVEMBER 17, 2005 Printed for the use of the Committee on Foreign Relations Available via the World Wide Web: http://www.access.gpo.gov/congress/ senate U.S. GOVERNMENT PRINTING OFFICE 33-724 WASHINGTON : 2007 For Sale by the Superintendent of Documents, U.S. ...","","2005-11-17"
"565","Congressional Hearings","CHRG-109shrg27485","CHRG-109shrg27485","High Costs of Crude: The New Currency of Foreign Policy","https://www.govinfo.gov/app/details/CHRG-109shrg27485/CHRG-109shrg27485","https://www.govinfo.gov/content/pkg/CHRG-109shrg27485/pdf/CHRG-109shrg27485.pdf","2.0 MB","https://www.govinfo.gov/content/pkg/CHRG-109shrg27485/html/CHRG-109shrg27485.htm","137.7 KB","","0 B","","0 B","","0 B"," NINTH CONGRESS FIRST SESSION NOVEMBER 16, 2005 Printed for the use of the Committee on Foreign Relations Available via the World Wide Web: http://www.gpoaccess.gov/congress/ index.html U.S. GOVERNMENT PRINTING OFFICE 27-485 WASHINGTON : 2006 For Sale by the Superintendent of Documents, U.S. Government Printing Office Internet: ...","","2005-11-16"
"566","Congressional Hearings","CHRG-109shrg26831","CHRG-109shrg26831","Treaties","https://www.govinfo.gov/app/details/CHRG-109shrg26831/CHRG-109shrg26831","https://www.govinfo.gov/content/pkg/CHRG-109shrg26831/pdf/CHRG-109shrg26831.pdf","303.4 KB","https://www.govinfo.gov/content/pkg/CHRG-109shrg26831/html/CHRG-109shrg26831.htm","266.0 KB","","0 B","","0 B","","0 B"," 2005 Printed for the use of the Committee on Foreign Relations Available via the World Wide Web: http://www.access.gpo.gov/congress/senate/senate11sh109.html U.S. GOVERNMENT PRINTING OFFICE 26-831 WASHINGTON : 2006 For Sale by the Superintendent of Documents, U.S. Government Printing Office Internet: bookstore.gpo.gov Phone: toll free (866) 512-...","","2005-11-15"
"567","Congressional Hearings","CHRG-109shrg33730","CHRG-109shrg33730","U.S.-International Climate Change Approach: A Clean Technology Solution","https://www.govinfo.gov/app/details/CHRG-109shrg33730/CHRG-109shrg33730","https://www.govinfo.gov/content/pkg/CHRG-109shrg33730/pdf/CHRG-109shrg33730.pdf","691.4 KB","https://www.govinfo.gov/content/pkg/CHRG-109shrg33730/html/CHRG-109shrg33730.htm","276.0 KB","","0 B","","0 B","","0 B",", EXPORT AND TRADE PROMOTION OF THE COMMITTEE ON FOREIGN RELATIONS UNITED STATES SENATE ONE HUNDRED NINTH CONGRESS FIRST SESSION NOVEMBER 14, 2005 Printed for the use of the Committee on Foreign Relations Available via the World Wide Web: http://www.access.gpo.gov/congress/ senate U.S. GOVERNMENT PRINTING OFFICE 33-730 WASHINGTON : 2007 For Sale...","","2005-11-14"
"568","Congressional Hearings","CHRG-109shrg30423","CHRG-109shrg30423","Avian Influenza: Are We Prepared?","https://www.govinfo.gov/app/details/CHRG-109shrg30423/CHRG-109shrg30423","https://www.govinfo.gov/content/pkg/CHRG-109shrg30423/pdf/CHRG-109shrg30423.pdf","1.7 MB","https://www.govinfo.gov/content/pkg/CHRG-109shrg30423/html/CHRG-109shrg30423.htm","504.9 KB","","0 B","","0 B","","0 B"," SESSION NOVEMBER 9, 2005 Printed for the use of the Committee on Foreign Relations Available via the World Wide Web: http://www.gpoaccess.gov/congress/ index.html U.S. GOVERNMENT PRINTING OFFICE 30-423 WASHINGTON : 2006 For Sale by the Superintendent of Documents, U.S. Government Printing Office Internet: bookstore.gpo.gov Phone: toll free (...","","2005-11-09"
"569","Congressional Hearings","CHRG-109shrg30677","CHRG-109shrg30677","Kosovo: A Way Forward?","https://www.govinfo.gov/app/details/CHRG-109shrg30677/CHRG-109shrg30677","https://www.govinfo.gov/content/pkg/CHRG-109shrg30677/pdf/CHRG-109shrg30677.pdf","248.7 KB","https://www.govinfo.gov/content/pkg/CHRG-109shrg30677/html/CHRG-109shrg30677.htm","178.7 KB","","0 B","","0 B","","0 B"," NOVEMBER 8, 2005 Printed for the use of the Committee on Foreign Relations Available via the World Wide Web: http://www.gpoaccess.gov/congress/ index.html U.S. GOVERNMENT PRINTING OFFICE 30-677 WASHINGTON : 2006 For Sale by the Superintendent of Documents, U.S. Government Printing Office Internet: bookstore.gpo.gov Phone: toll free (866) 512-1800...","","2005-11-08"
"570","Congressional Hearings","CHRG-109shrg27404","CHRG-109shrg27404","U.S.-Indian Nuclear Energy Cooperation: Security and Nonproliferation Implications","https://www.govinfo.gov/app/details/CHRG-109shrg27404/CHRG-109shrg27404","https://www.govinfo.gov/content/pkg/CHRG-109shrg27404/pdf/CHRG-109shrg27404.pdf","832.2 KB","https://www.govinfo.gov/content/pkg/CHRG-109shrg27404/html/CHRG-109shrg27404.htm","449.7 KB","","0 B","","0 B","","0 B","UNITED STATES SENATE ONE HUNDRED NINTH CONGRESS FIRST SESSION NOVEMBER 2, 2005 Printed for the use of the Committee on Foreign Relations Available via the World Wide Web: http://www.gpoaccess.gov/congress/ index.html U.S. GOVERNMENT PRINTING OFFICE 27-404 WASHINGTON : 2006 For Sale by the Superintendent of Documents, U.S. Government Printing Office...","","2005-11-02"
"571","Congressional Hearings","CHRG-109shrg28403","CHRG-109shrg28403","U.S. Foreign Policy, Petroleum, and the Middle East","https://www.govinfo.gov/app/details/CHRG-109shrg28403/CHRG-109shrg28403","https://www.govinfo.gov/content/pkg/CHRG-109shrg28403/pdf/CHRG-109shrg28403.pdf","339.8 KB","https://www.govinfo.gov/content/pkg/CHRG-109shrg28403/html/CHRG-109shrg28403.htm","211.5 KB","","0 B","","0 B","","0 B"," ON FOREIGN RELATIONS UNITED STATES SENATE ONE HUNDRED NINTH CONGRESS FIRST SESSION OCTOBER 20, 2005 Printed for the use of the Committee on Foreign Relations Available via the World Wide Web: http://www.gpoaccess.gov/congress/ index.html U.S. GOVERNMENT PRINTING OFFICE 28-403 WASHINGTON : 2006 For Sale by the Superintendent of Documents, ...","","2005-10-20"
"572","Congressional Hearings","CHRG-109shrg27403","CHRG-109shrg27403","Iraq in U.S. Foreign Policy","https://www.govinfo.gov/app/details/CHRG-109shrg27403/CHRG-109shrg27403","https://www.govinfo.gov/content/pkg/CHRG-109shrg27403/pdf/CHRG-109shrg27403.pdf","343.0 KB","https://www.govinfo.gov/content/pkg/CHRG-109shrg27403/html/CHRG-109shrg27403.htm","303.2 KB","","0 B","","0 B","","0 B"," OCTOBER 19, 2005 Printed for the use of the Committee on Foreign Relations Available via the World Wide Web: http://www.gpoaccess.gov/congress/ index.html U.S. GOVERNMENT PRINTING OFFICE 27-403 WASHINGTON : 2006 For Sale by the Superintendent of Documents, U.S. Government Printing Office Internet: bookstore.gpo.gov Phone: toll free (866) 512...","","2005-10-19"
"573","Congressional Hearings","CHRG-109shrg26490","CHRG-109shrg26490","Treaties","https://www.govinfo.gov/app/details/CHRG-109shrg26490/CHRG-109shrg26490","https://www.govinfo.gov/content/pkg/CHRG-109shrg26490/pdf/CHRG-109shrg26490.pdf","240.5 KB","https://www.govinfo.gov/content/pkg/CHRG-109shrg26490/html/CHRG-109shrg26490.htm","174.6 KB","","0 B","","0 B","","0 B",", 2005 Printed for the use of the Committee on Foreign Relations Available via the World Wide Web: http://www.gpoaccess.gov/congress/senate/foreignrelations/index.html U.S. GOVERNMENT PRINTING OFFICE 26-490 WASHINGTON : 2006 For Sale by the Superintendent of Documents, U.S. Government Printing Office Internet: bookstore.gpo.gov Phone: toll free (...","","2005-09-29"
"574","Congressional Hearings","CHRG-109shrg33729","CHRG-109shrg33729","A Review of U.S.-Japan Relations","https://www.govinfo.gov/app/details/CHRG-109shrg33729/CHRG-109shrg33729","https://www.govinfo.gov/content/pkg/CHRG-109shrg33729/pdf/CHRG-109shrg33729.pdf","298.9 KB","https://www.govinfo.gov/content/pkg/CHRG-109shrg33729/html/CHRG-109shrg33729.htm","238.1 KB","","0 B","","0 B","","0 B"," UNITED STATES SENATE ONE HUNDRED NINTH CONGRESS FIRST SESSION SEPTEMBER 29, 2005 Printed for the use of the Committee on Foreign Relations Available via the World Wide Web: http://www.access.gpo.gov/ Congress.senate U.S. GOVERNMENT PRINTING OFFICE WASHINGTON : 2007 33-729 PDF For Sale by the Superintendent of Documents, U.S. Government Printing...","","2005-09-29"
"575","Congressional Hearings","CHRG-109shrg32197","CHRG-109shrg32197","Darfur Revisited: The International Response","https://www.govinfo.gov/app/details/CHRG-109shrg32197/CHRG-109shrg32197","https://www.govinfo.gov/content/pkg/CHRG-109shrg32197/pdf/CHRG-109shrg32197.pdf","14.9 MB","https://www.govinfo.gov/content/pkg/CHRG-109shrg32197/html/CHRG-109shrg32197.htm","293.4 KB","","0 B","","0 B","","0 B"," CONGRESS FIRST SESSION SEPTEMBER 28, 2005 Printed for the use of the Committee on Foreign Relations Available via the World Wide Web: http://www.access.gpo.gov/congress/ senate U.S. GOVERNMENT PRINTING OFFICE 32-197 WASHINGTON : 2007 For Sale by the Superintendent of Documents, U.S. Government Printing Office Internet: bookstore.gpo.gov Phone: ...","","2005-09-28"
"576","Congressional Hearings","CHRG-109shrg33726","CHRG-109shrg33726","Energy Supplies in Eurasia and Implications for U.S. Energy Security","https://www.govinfo.gov/app/details/CHRG-109shrg33726/CHRG-109shrg33726","https://www.govinfo.gov/content/pkg/CHRG-109shrg33726/pdf/CHRG-109shrg33726.pdf","347.6 KB","https://www.govinfo.gov/content/pkg/CHRG-109shrg33726/html/CHRG-109shrg33726.htm","317.5 KB","","0 B","","0 B","","0 B",", EXPORT AND TRADE PROMOTION OF THE COMMITTEE ON FOREIGN RELATIONS UNITED STATES SENATE ONE HUNDRED NINTH CONGRESS FIRST SESSION SEPTEMBER 27, 2005 Printed for the use of the Committee on Foreign Relations Available via the World Wide Web: http://www.access.gpo.gov/congress/ senate U.S. GOVERNMENT PRINTING OFFICE 33-726 PDF WASHINGTON : 2007 For ...","","2005-09-27"
"577","Congressional Hearings","CHRG-109shrg28258","CHRG-109shrg28258","Challenge or Opportunity? China's Role in Latin America","https://www.govinfo.gov/app/details/CHRG-109shrg28258/CHRG-109shrg28258","https://www.govinfo.gov/content/pkg/CHRG-109shrg28258/pdf/CHRG-109shrg28258.pdf","282.8 KB","https://www.govinfo.gov/content/pkg/CHRG-109shrg28258/html/CHRG-109shrg28258.htm","228.7 KB","","0 B","","0 B","","0 B"," AFFAIRS OF THE COMMITTEE ON FOREIGN RELATIONS UNITED STATES SENATE ONE HUNDRED NINTH CONGRESS FIRST SESSION SEPTEMBER 20, 2005 Printed for the use of the Committee on Foreign Relations Available via the World Wide Web: http://www.gpoaccess.gov/congress/ index.html U.S. GOVERNMENT PRINTING OFFICE 28-258 WASHINGTON : 2006 For Sale by the ...","","2005-09-20"
"578","Congressional Hearings","CHRG-109shrg27909","CHRG-109shrg27909","U.S.-Indonesia Relations","https://www.govinfo.gov/app/details/CHRG-109shrg27909/CHRG-109shrg27909","https://www.govinfo.gov/content/pkg/CHRG-109shrg27909/pdf/CHRG-109shrg27909.pdf","332.8 KB","https://www.govinfo.gov/content/pkg/CHRG-109shrg27909/html/CHRG-109shrg27909.htm","306.7 KB","","0 B","","0 B","","0 B"," STATES SENATE ONE HUNDRED NINTH CONGRESS FIRST SESSION SEPTEMBER 15, 2005 Printed for the use of the Committee on Foreign Relations Available via the World Wide Web: http://www.gpoaccess.gov/congress/ index.html U.S. GOVERNMENT PRINTING OFFICE 27-909 WASHINGTON : 2006 For Sale by the Superintendent of Documents, U.S. Government Printing Office ...","","2005-09-15"
"579","Congressional Hearings","CHRG-109shrg26641","CHRG-109shrg26641","United Nations Peacekeeping Reform","https://www.govinfo.gov/app/details/CHRG-109shrg26641/CHRG-109shrg26641","https://www.govinfo.gov/content/pkg/CHRG-109shrg26641/pdf/CHRG-109shrg26641.pdf","176.3 KB","https://www.govinfo.gov/content/pkg/CHRG-109shrg26641/html/CHRG-109shrg26641.htm","85.8 KB","","0 B","","0 B","","0 B"," RELATIONS UNITED STATES SENATE ONE HUNDRED NINTH CONGRESS FIRST SESSION JULY 27, 2005 Printed for the use of the Committee on Foreign Relations Available via the World Wide Web: http://www.gpoaccess.gov/congress/ index.html U.S. GOVERNMENT PRINTING OFFICE 26-641 PDF WASHINGTON : 2006 For Sale by the Superintendent of Documents, U.S. Government ...","","2005-07-27"
"580","Congressional Hearings","CHRG-109shrg26670","CHRG-109shrg26670","Energy Trends in China and India: Implications for the United States","https://www.govinfo.gov/app/details/CHRG-109shrg26670/CHRG-109shrg26670","https://www.govinfo.gov/content/pkg/CHRG-109shrg26670/pdf/CHRG-109shrg26670.pdf","318.3 KB","https://www.govinfo.gov/content/pkg/CHRG-109shrg26670/html/CHRG-109shrg26670.htm","222.5 KB","","0 B","","0 B","","0 B","SENATE ONE HUNDRED NINTH CONGRESS FIRST SESSION JULY 26, 2005 Printed for the use of the Committee on Foreign Relations Available via the World Wide Web: http://www.gpoaccess.gov/congress/ index.html U.S. GOVERNMENT PRINTING OFFICE 26-670 PDF WASHINGTON : 2006 For Sale by the Superintendent of Documents, U.S. Government Printing Office Internet: ...","","2005-07-26"
"581","Congressional Hearings","CHRG-109shrg26961","CHRG-109shrg26961","United Nations Reform","https://www.govinfo.gov/app/details/CHRG-109shrg26961/CHRG-109shrg26961","https://www.govinfo.gov/content/pkg/CHRG-109shrg26961/pdf/CHRG-109shrg26961.pdf","368.7 KB","https://www.govinfo.gov/content/pkg/CHRG-109shrg26961/html/CHRG-109shrg26961.htm","361.0 KB","","0 B","","0 B","","0 B"," JULY 21, 2005 Printed for the use of the Committee on Foreign Relations Available via the World Wide Web: http://www.gpoaccess.gov/congress/ index.html U.S. GOVERNMENT PRINTING OFFICE 26-961 PDF WASHINGTON : 2006 For Sale by the Superintendent of Documents, U.S. Government Printing Office Internet: bookstore.gpo.gov Phone: toll free (866) 512-1800...","","2005-07-21"
"582","Congressional Hearings","CHRG-109shrg26137","CHRG-109shrg26137","Policy Options for Iraq","https://www.govinfo.gov/app/details/CHRG-109shrg26137/CHRG-109shrg26137","https://www.govinfo.gov/content/pkg/CHRG-109shrg26137/pdf/CHRG-109shrg26137.pdf","665.0 KB","https://www.govinfo.gov/content/pkg/CHRG-109shrg26137/html/CHRG-109shrg26137.htm","718.9 KB","","0 B","","0 B","","0 B"," JULY 18, 19, AND 20, 2005 Printed for the use of the Committee on Foreign Relations Available via the World Wide Web: http://www.gpoaccess.gov/congress/ index.html U.S. GOVERNMENT PRINTING OFFICE 26-137 WASHINGTON : 2006 For Sale by the Superintendent of Documents, U.S. Government Printing Office Internet: bookstore.gpo.gov Phone: toll free (...","","2005-07-18"
"583","Congressional Hearings","CHRG-109shrg28131","CHRG-109shrg28131","North American Cooperation on the Border","https://www.govinfo.gov/app/details/CHRG-109shrg28131/CHRG-109shrg28131","https://www.govinfo.gov/content/pkg/CHRG-109shrg28131/pdf/CHRG-109shrg28131.pdf","280.9 KB","https://www.govinfo.gov/content/pkg/CHRG-109shrg28131/html/CHRG-109shrg28131.htm","221.4 KB","","0 B","","0 B","","0 B"," FIRST SESSION JULY 12, 2005 Printed for the use of the Committee on Foreign Relations Available via the World Wide Web: http://www.gpoaccess.gov/congress/ index.html U.S. GOVERNMENT PRINTING OFFICE WASHINGTON: 2006 28-131 PDF For Sale by the Superintendent of Documents, U.S. Government Printing Office Internet: bookstore.gpo.gov Phone: toll ...","","2005-07-12"
"584","Congressional Hearings","CHRG-109shrg25922","CHRG-109shrg25922","The Challenge to the Middle East Road Map","https://www.govinfo.gov/app/details/CHRG-109shrg25922/CHRG-109shrg25922","https://www.govinfo.gov/content/pkg/CHRG-109shrg25922/pdf/CHRG-109shrg25922.pdf","252.2 KB","https://www.govinfo.gov/content/pkg/CHRG-109shrg25922/html/CHRG-109shrg25922.htm","186.8 KB","","0 B","","0 B","","0 B"," FIRST SESSION JUNE 30, 2005 Printed for the use of the Committee on Foreign Relations Available via the World Wide Web: http://www.gpoaccess.gov/congress/ index.html U.S. GOVERNMENT PRINTING OFFICE 25-922 WASHINGTON : 2006 For Sale by the Superintendent of Documents, U.S. Government Printing Office Internet: bookstore.gpo.gov Phone: toll ...","","2005-06-30"
"585","Congressional Hearings","CHRG-109shrg26211","CHRG-109shrg26211","Hope for the Future: Developing an HIV/AIDS Vaccine","https://www.govinfo.gov/app/details/CHRG-109shrg26211/CHRG-109shrg26211","https://www.govinfo.gov/content/pkg/CHRG-109shrg26211/pdf/CHRG-109shrg26211.pdf","337.5 KB","https://www.govinfo.gov/content/pkg/CHRG-109shrg26211/html/CHRG-109shrg26211.htm","306.2 KB","","0 B","","0 B","","0 B"," NINTH CONGRESS FIRST SESSION JUNE 23, 2005 Printed for the use of the Committee on Foreign Relations Available via the World Wide Web: http://www.gpoaccess.gov/congress/senate/foreignrelations/index.html U.S. GOVERNMENT PRINTING OFFICE 26-211 WASHINGTON : 2006 For Sale by the Superintendent of Documents, U.S. Government Printing Office Internet: ...","","2005-06-23"
"586","Congressional Hearings","CHRG-109shrg25702","CHRG-109shrg25702","U.S. Policy Toward Russia","https://www.govinfo.gov/app/details/CHRG-109shrg25702/CHRG-109shrg25702","https://www.govinfo.gov/content/pkg/CHRG-109shrg25702/pdf/CHRG-109shrg25702.pdf","261.1 KB","https://www.govinfo.gov/content/pkg/CHRG-109shrg25702/html/CHRG-109shrg25702.htm","194.3 KB","","0 B","","0 B","","0 B"," JUNE 21, 2005 Printed for the use of the Committee on Foreign Relations Available via the World Wide Web: http://www.gpoaccess.gov/congress/ index.html U.S. GOVERNMENT PRINTING OFFICE 25-702 WASHINGTON : 2006 For Sale by the Superintendent of Documents, U.S. Government Printing Office Internet: bookstore.gpo.gov Phone: toll free (866) 512-1800...","","2005-06-21"
"587","Congressional Hearings","CHRG-109shrg25574","CHRG-109shrg25574","Stabilization and Reconstruction: Building Peace in a Hostile Environment","https://www.govinfo.gov/app/details/CHRG-109shrg25574/CHRG-109shrg25574","https://www.govinfo.gov/content/pkg/CHRG-109shrg25574/pdf/CHRG-109shrg25574.pdf","326.1 KB","https://www.govinfo.gov/content/pkg/CHRG-109shrg25574/html/CHRG-109shrg25574.htm","162.0 KB","","0 B","","0 B","","0 B"," SENATE ONE HUNDRED NINTH CONGRESS FIRST SESSION JUNE 16, 2005 Printed for the use of the Committee on Foreign Relations Available via the World Wide Web: http://www.gpoaccess.gov/congress/ index.html U.S. GOVERNMENT PRINTING OFFICE 25-574 WASHINGTON : 2006 For Sale by the Superintendent of Documents, U.S. Government Printing Office Internet: ...","","2005-06-16"
"588","Congressional Hearings","CHRG-109shrg25470","CHRG-109shrg25470","North Korea: An Update on Six-Party Talks and Matters Related to the Resolution of the North Korean Nuclear Crisis","https://www.govinfo.gov/app/details/CHRG-109shrg25470/CHRG-109shrg25470","https://www.govinfo.gov/content/pkg/CHRG-109shrg25470/pdf/CHRG-109shrg25470.pdf","200.3 KB","https://www.govinfo.gov/content/pkg/CHRG-109shrg25470/html/CHRG-109shrg25470.htm","117.1 KB","","0 B","","0 B","","0 B"," COMMITTEE ON FOREIGN RELATIONS UNITED STATES SENATE ONE HUNDRED NINTH CONGRESS FIRST SESSION JUNE 14, 2005 Printed for the use of the Committee on Foreign Relations Available via the World Wide Web: http://www.gpoaccess.gov/congress/ index.html U.S. GOVERNMENT PRINTING OFFICE 25-470 WASHINGTON : 2006 For Sale by the Superintendent of Documents, ...","","2005-06-14"
"589","Congressional Hearings","CHRG-109shrg25357","CHRG-109shrg25357","Safety and Convenience in Cross-Border Travel: An Analysis of the Western Hemisphere Travel Initiative","https://www.govinfo.gov/app/details/CHRG-109shrg25357/CHRG-109shrg25357","https://www.govinfo.gov/content/pkg/CHRG-109shrg25357/pdf/CHRG-109shrg25357.pdf","266.5 KB","https://www.govinfo.gov/content/pkg/CHRG-109shrg25357/html/CHRG-109shrg25357.htm","203.1 KB","","0 B","","0 B","","0 B"," ON WESTERN HEMISPHERE, PEACE CORPS AND NARCOTICS AFFAIRS OF THE COMMITTEE ON FOREIGN RELATIONS UNITED STATES SENATE ONE HUNDRED NINTH CONGRESS FIRST SESSION JUNE 9, 2005 Printed for the use of the Committee on Foreign Relations Available via the World Wide Web: http://www.gpoaccess.gov/congress/ index.html U.S. GOVERNMENT PRINTING OFFICE 25-357 ...","","2005-06-09"
"590","Congressional Hearings","CHRG-109shrg25358","CHRG-109shrg25358","The Emergence of China Throughout Asia: Security and Economic Consequences for the United States","https://www.govinfo.gov/app/details/CHRG-109shrg25358/CHRG-109shrg25358","https://www.govinfo.gov/content/pkg/CHRG-109shrg25358/pdf/CHRG-109shrg25358.pdf","297.2 KB","https://www.govinfo.gov/content/pkg/CHRG-109shrg25358/html/CHRG-109shrg25358.htm","247.9 KB","","0 B","","0 B","","0 B"," ASIAN AND PACIFIC AFFAIRS OF THE COMMITTEE ON FOREIGN RELATIONS UNITED STATES SENATE ONE HUNDRED NINTH CONGRESS FIRST SESSION JUNE 7, 2005 Printed for the use of the Committee on Foreign Relations Available via the World Wide Web: http://www.access.gpo.gov/congress/ senate U.S. GOVERNMENT PRINTING OFFICE 25-358 WASHINGTON : 2006 For Sale by the...","","2005-06-07"
"591","Congressional Hearings","CHRG-109shrg25153","CHRG-109shrg25153","Iran: Weapons Proliferation, Terrorism, and Democracy","https://www.govinfo.gov/app/details/CHRG-109shrg25153/CHRG-109shrg25153","https://www.govinfo.gov/content/pkg/CHRG-109shrg25153/pdf/CHRG-109shrg25153.pdf","302.2 KB","https://www.govinfo.gov/content/pkg/CHRG-109shrg25153/html/CHRG-109shrg25153.htm","262.3 KB","","0 B","","0 B","","0 B"," NINTH CONGRESS FIRST SESSION MAY 19, 2005 Printed for the use of the Committee on Foreign Relations Available via the World Wide Web: http://www.gpoaccess.gov/congress/ index.html U.S. GOVERNMENT PRINTING OFFICE 25-153 WASHINGTON : 2005 For Sale by the Superintendent of Documents, U.S. Government Printing Office Internet: bookstore.gpo.gov ...","","2005-05-19"
"592","Congressional Hearings","CHRG-109shrg24843","CHRG-109shrg24843","The Commission for Africa: Recommendations for a Coherent Strategy for Africa","https://www.govinfo.gov/app/details/CHRG-109shrg24843/CHRG-109shrg24843","https://www.govinfo.gov/content/pkg/CHRG-109shrg24843/pdf/CHRG-109shrg24843.pdf","243.1 KB","https://www.govinfo.gov/content/pkg/CHRG-109shrg24843/html/CHRG-109shrg24843.htm","172.4 KB","","0 B","","0 B","","0 B"," STATES SENATE ONE HUNDRED NINTH CONGRESS FIRST SESSION MAY 17, 2005 Printed for the use of the Committee on Foreign Relations Available via the World Wide Web: http://www.gpoaccess.gov/congress/ index.html U.S. GOVERNMENT PRINTING OFFICE 24-843 WASHINGTON : 2005 For Sale by the Superintendent of Documents, U.S. Government Printing Office Internet...","","2005-05-17"
"593","Congressional Hearings","CHRG-109shrg24895","CHRG-109shrg24895","U.S.-E.U. Regulatory Cooperation on Emerging Technologies","https://www.govinfo.gov/app/details/CHRG-109shrg24895/CHRG-109shrg24895","https://www.govinfo.gov/content/pkg/CHRG-109shrg24895/pdf/CHRG-109shrg24895.pdf","346.4 KB","https://www.govinfo.gov/content/pkg/CHRG-109shrg24895/html/CHRG-109shrg24895.htm","246.2 KB","","0 B","","0 B","","0 B"," RELATIONS UNITED STATES SENATE ONE HUNDRED NINTH CONGRESS FIRST SESSION MAY 11, 2005 Printed for the use of the Committee on Foreign Relations Available via the World Wide Web: http://www.access.gpo.gov/congress/ senate U.S. GOVERNMENT PRINTING OFFICE 24-895 WASHINGTON : 2005 For Sale by the Superintendent of Documents, U.S. Government ...","","2005-05-11"
"594","Congressional Hearings","CHRG-109shrg24705","CHRG-109shrg24705","The Millennium Challenge Corporation's Global Impact","https://www.govinfo.gov/app/details/CHRG-109shrg24705/CHRG-109shrg24705","https://www.govinfo.gov/content/pkg/CHRG-109shrg24705/pdf/CHRG-109shrg24705.pdf","1.0 MB","https://www.govinfo.gov/content/pkg/CHRG-109shrg24705/html/CHRG-109shrg24705.htm","185.7 KB","","0 B","","0 B","","0 B"," NINTH CONGRESS FIRST SESSION APRIL 26, 2005 Printed for the use of the Committee on Foreign Relations Available via the World Wide Web: http://www.gpoaccess.gov/congress/ index.html U.S. GOVERNMENT PRINTING OFFICE 24-705 WASHINGTON : 2005 For Sale by the Superintendent of Documents, U.S. Government Printing Office Internet: bookstore.gpo.gov ...","","2005-04-26"
"595","Congressional Hearings","CHRG-109shrg24331","CHRG-109shrg24331","A Review of the Anticorruption Strategies of the African Development Bank, Asian Development Bank, and European Bank on Reconstruction and Development","https://www.govinfo.gov/app/details/CHRG-109shrg24331/CHRG-109shrg24331","https://www.govinfo.gov/content/pkg/CHRG-109shrg24331/pdf/CHRG-109shrg24331.pdf","1.4 MB","https://www.govinfo.gov/content/pkg/CHRG-109shrg24331/html/CHRG-109shrg24331.htm","332.2 KB","","0 B","","0 B","","0 B"," AND DEVELOPMENT HEARING BEFORE THE COMMITTEE ON FOREIGN RELATIONS UNITED STATES SENATE ONE HUNDRED NINETH CONGRESS FIRST SESSION APRIL 21, 2005 Printed for the use of the Committee on Foreign Relations Available via the World Wide Web: http://www.gpoaccess.gov/congress/ index.html U.S. GOVERNMENT PRINTING OFFICE 24-331 WASHINGTON : 2005 For Sale ...","","2005-04-21"
"596","Congressional Hearings","CHRG-109shrg24020","CHRG-109shrg24020","Combating Terrorism Through Education: The near East and South Asian Experience","https://www.govinfo.gov/app/details/CHRG-109shrg24020/CHRG-109shrg24020","https://www.govinfo.gov/content/pkg/CHRG-109shrg24020/pdf/CHRG-109shrg24020.pdf","348.6 KB","https://www.govinfo.gov/content/pkg/CHRG-109shrg24020/html/CHRG-109shrg24020.htm","338.8 KB","","0 B","","0 B","","0 B"," STATES SENATE ONE HUNDRED NINETH CONGRESS FIRST SESSION APRIL 19, 2005 Printed for the use of the Committee on Foreign Relations Available via the World Wide Web: http://www.gpoaccess.gov/congress/ index.html U.S. GOVERNMENT PRINTING OFFICE 24-020 WASHINGTON : 2005 For Sale by the Superintendent of Documents, U.S. Government Printing Office ...","","2005-04-19"
"597","Congressional Hearings","CHRG-109shrg22886","CHRG-109shrg22886","The Lifting of the EU Arms Embargo on China","https://www.govinfo.gov/app/details/CHRG-109shrg22886/CHRG-109shrg22886","https://www.govinfo.gov/content/pkg/CHRG-109shrg22886/pdf/CHRG-109shrg22886.pdf","281.6 KB","https://www.govinfo.gov/content/pkg/CHRG-109shrg22886/html/CHRG-109shrg22886.htm","241.5 KB","","0 B","","0 B","","0 B","CONGRESS FIRST SESSION MARCH 16, 2005 Printed for the use of the Committee on Foreign Relations Available via the World Wide Web: http://www.gpoaccess.gov/congress/ index.html U.S. GOVERNMENT PRINTING OFFICE 22-886 WASHINGTON : 2005 For Sale by the Superintendent of Documents, U.S. Government Printing Office Internet: bookstore.gpo.gov Phone: toll ...","","2005-03-16"
"598","Congressional Hearings","CHRG-109shrg23171","CHRG-109shrg23171","The Future of Democracy in the Black Sea Area","https://www.govinfo.gov/app/details/CHRG-109shrg23171/CHRG-109shrg23171","https://www.govinfo.gov/content/pkg/CHRG-109shrg23171/pdf/CHRG-109shrg23171.pdf","277.5 KB","https://www.govinfo.gov/content/pkg/CHRG-109shrg23171/html/CHRG-109shrg23171.htm","226.8 KB","","0 B","","0 B","","0 B"," UNITED STATES SENATE ONE HUNDRED NINETH CONGRESS FIRST SESSION MARCH 8, 2005 Printed for the use of the Committee on Foreign Relations Available via the World Wide Web: http://www.gpoaccess.gov/congress/ index.html U.S. GOVERNMENT PRINTING OFFICE 23-171 WASHINGTON : 2005 For Sale by the Superintendent of Documents, U.S. Government Printing ...","","2005-03-08"
"599","Congressional Hearings","CHRG-109shrg23757","CHRG-109shrg23757","Foreign Assistance Oversight","https://www.govinfo.gov/app/details/CHRG-109shrg23757/CHRG-109shrg23757","https://www.govinfo.gov/content/pkg/CHRG-109shrg23757/pdf/CHRG-109shrg23757.pdf","642.1 KB","https://www.govinfo.gov/content/pkg/CHRG-109shrg23757/html/CHRG-109shrg23757.htm","692.0 KB","","0 B","","0 B","","0 B"," SESSION MARCH 2, 2005 Printed for the use of the Committee on Foreign Relations Available via the World Wide Web: http://www.gpoaccess.gov/congress/ index.html U.S. GOVERNMENT PRINTING OFFICE 23-757 WASHINGTON : 2005 For Sale by the Superintendent of Documents, U.S. Government Printing Office Internet: bookstore.gpo.gov Phone: toll free (866) 512-...","","2005-03-02"
"600","Congressional Hearings","CHRG-109shrg22751","CHRG-109shrg22751","Democracy in Retreat in Russia","https://www.govinfo.gov/app/details/CHRG-109shrg22751/CHRG-109shrg22751","https://www.govinfo.gov/content/pkg/CHRG-109shrg22751/pdf/CHRG-109shrg22751.pdf","375.2 KB","https://www.govinfo.gov/content/pkg/CHRG-109shrg22751/html/CHRG-109shrg22751.htm","366.7 KB","","0 B","","0 B","","0 B"," SESSION FEBRUARY 17, 2005 Printed for the use of the Committee on Foreign Relations Available via the World Wide Web: http://www.access.gpo.gov/congress/ senate U.S. GOVERNMENT PRINTING OFFICE 22-751 WASHINGTON : 2005 For sale by the Superintendent of Documents, U.S. Government Printing Office Internet: bookstore.gpo.gov Phone: toll free (866) ...","","2005-02-17"
"601","Congressional Hearings","CHRG-109shrg22998","CHRG-109shrg22998","The President's Budget for Foreign Affairs and Business Meeting to Vote Out the Nomination of Robert B. Zoellick to Be Deputy Secretary of State","https://www.govinfo.gov/app/details/CHRG-109shrg22998/CHRG-109shrg22998","https://www.govinfo.gov/content/pkg/CHRG-109shrg22998/pdf/CHRG-109shrg22998.pdf","325.0 KB","https://www.govinfo.gov/content/pkg/CHRG-109shrg22998/html/CHRG-109shrg22998.htm","298.6 KB","","0 B","","0 B","","0 B"," OF STATE HEARING BEFORE THE COMMITTEE ON FOREIGN RELATIONS UNITED STATES SENATE ONE HUNDRED NINETH CONGRESS FIRST SESSION FEBRUARY 16, 2005 Printed for the use of the Committee on Foreign Relations Available via the World Wide Web: http://www.gpoaccess.gov/congress/ index.html U.S. GOVERNMENT PRINTING OFFICE 22-998 WASHINGTON : 2005 For sale by ...","","2005-02-16"
"602","Congressional Hearings","CHRG-109shrg23942","CHRG-109shrg23942","Tsunami Response: Lessons Learned","https://www.govinfo.gov/app/details/CHRG-109shrg23942/CHRG-109shrg23942","https://www.govinfo.gov/content/pkg/CHRG-109shrg23942/pdf/CHRG-109shrg23942.pdf","67.4 MB","https://www.govinfo.gov/content/pkg/CHRG-109shrg23942/html/CHRG-109shrg23942.htm","494.8 KB","","0 B","","0 B","","0 B","FIRST SESSION FEBRUARY 10, 2005 Printed for the use of the Committee on Foreign Relations Available via the World Wide Web: http://www.gpoaccess.gov/congress/ index.html U.S. GOVERNMENT PRINTING OFFICE 23-942 WASHINGTON : 2005 For Sale by the Superintendent of Documents, U.S. Government Printing Office Internet: bookstore.gpo.gov Phone: toll free (...","","2005-02-10"
"603","Congressional Hearings","CHRG-109shrg21064","CHRG-109shrg21064","Strategies for Reshaping U.S. Policy in Iraq and the Middle East","https://www.govinfo.gov/app/details/CHRG-109shrg21064/CHRG-109shrg21064","https://www.govinfo.gov/content/pkg/CHRG-109shrg21064/pdf/CHRG-109shrg21064.pdf","471.4 KB","https://www.govinfo.gov/content/pkg/CHRG-109shrg21064/html/CHRG-109shrg21064.htm","517.9 KB","","0 B","","0 B","","0 B"," ONE HUNDRED NINETH CONGRESS FIRST SESSION FEBRUARY 1, 2005 Printed for the use of the Committee on Foreign Relations Available via the World Wide Web: http://www.access.gpo.gov/congress/ senate U.S. GOVERNMENT PRINTING OFFICE 21-064 WASHINGTON : 2005 For Sale by the Superintendent of Documents, U.S. Government Printing Office Internet: ...","","2005-02-01"
"604","Congressional Hearings","CHRG-109shrg22847","CHRG-109shrg22847","The Nomination of Dr. Condoleezza Rice to Be Secretary of State","https://www.govinfo.gov/app/details/CHRG-109shrg22847/CHRG-109shrg22847","https://www.govinfo.gov/content/pkg/CHRG-109shrg22847/pdf/CHRG-109shrg22847.pdf","1.1 MB","https://www.govinfo.gov/content/pkg/CHRG-109shrg22847/html/CHRG-109shrg22847.htm","1.0 MB","","0 B","","0 B","","0 B"," ONE HUNDRED NINETH CONGRESS FIRST SESSION JANUARY 18 AND 19, 2005 Printed for the use of the Committee on Foreign Relations Available via the World Wide Web: http://www.access.gpo.gov/congress/ senate U.S. GOVERNMENT PRINTING OFFICE 22-847 WASHINGTON : 2005 For Sale by the Superintendent of Documents, U.S. Government Printing Office Internet: ...","","2005-01-18"
"605","Congressional Hearings","CHRG-108shrg21964","CHRG-108shrg21964","Neglected Diseases in East Asia: Are Public Health Programs Working?","https://www.govinfo.gov/app/details/CHRG-108shrg21964/CHRG-108shrg21964","https://www.govinfo.gov/content/pkg/CHRG-108shrg21964/pdf/CHRG-108shrg21964.pdf","1.2 MB","https://www.govinfo.gov/content/pkg/CHRG-108shrg21964/html/CHRG-108shrg21964.htm","159.9 KB","","0 B","","0 B","","0 B"," OF THE COMMITTEE ON FOREIGN RELATIONS UNITED STATES SENATE ONE HUNDRED EIGHTH CONGRESS SECOND SESSION OCTOBER 6, 2004 Printed for the use of the Committee on Foreign Relations Available via the World Wide Web: http://www.access.gpo.gov/congress/ senate U.S. GOVERNMENT PRINTING OFFICE 21-964 WASHINGTON : 2005 For Sale by the Superintendent of ...","","2004-10-06"
"606","Congressional Hearings","CHRG-108shrg20635","CHRG-108shrg20635","Addressing the New Reality of Current Visa Policy on International Students and Researchers","https://www.govinfo.gov/app/details/CHRG-108shrg20635/CHRG-108shrg20635","https://www.govinfo.gov/content/pkg/CHRG-108shrg20635/pdf/CHRG-108shrg20635.pdf","946.2 KB","https://www.govinfo.gov/content/pkg/CHRG-108shrg20635/html/CHRG-108shrg20635.htm","422.9 KB","","0 B","","0 B","","0 B"," UNITED STATES SENATE ONE HUNDRED EIGHTH CONGRESS SECOND SESSION OCTOBER 6, 2004 Printed for the use of the Committee on Foreign Relations Available via the World Wide Web: http://www.access.gpo.gov/congress/ senate U.S. GOVERNMENT PRINTING OFFICE 20-635 WASHINGTON : 2005 For Sale by the Superintendent of Documents, U.S. Government Printing...","","2004-10-06"
"607","Congressional Hearings","CHRG-108shrg98626","CHRG-108shrg98626","The Millennium Challenge Corporation: A Progress Report","https://www.govinfo.gov/app/details/CHRG-108shrg98626/CHRG-108shrg98626","https://www.govinfo.gov/content/pkg/CHRG-108shrg98626/pdf/CHRG-108shrg98626.pdf","215.5 KB","https://www.govinfo.gov/content/pkg/CHRG-108shrg98626/html/CHRG-108shrg98626.htm","138.3 KB","","0 B","","0 B","","0 B"," EIGHTH CONGRESS SECOND SESSION OCTOBER 5, 2004 Printed for the use of the Committee on Foreign Relations Available via the World Wide Web: http://www.access.gpo.gov/congress/ senate U.S. GOVERNMENT PRINTING OFFICE 98-626 WASHINGTON : 2005 For Sale by the Superintendent of Documents, U.S. Government Printing Office Internet: bookstore.gpo.gov ...","","2004-10-05"
"608","Congressional Hearings","CHRG-108shrg21394","CHRG-108shrg21394","Combating Corruption in the Multilateral Development Banks [Part III]","https://www.govinfo.gov/app/details/CHRG-108shrg21394/CHRG-108shrg21394","https://www.govinfo.gov/content/pkg/CHRG-108shrg21394/pdf/CHRG-108shrg21394.pdf","4.9 MB","https://www.govinfo.gov/content/pkg/CHRG-108shrg21394/html/CHRG-108shrg21394.htm","275.0 KB","","0 B","","0 B","","0 B"," SENATE ONE HUNDRED EIGHTH CONGRESS SECOND SESSION SEPTEMBER 28, 2004 Printed for the use of the Committee on Foreign Relations Available via the World Wide Web: http://www.access.gpo.gov/congress/ senate U.S. GOVERNMENT PRINTING OFFICE 21-394 WASHINGTON : 2005 For Sale by the Superintendent of Documents, U.S. Government Printing Office Internet: ...","","2004-09-28"
"609","Congressional Hearings","CHRG-108shrg21353","CHRG-108shrg21353","Treaties","https://www.govinfo.gov/app/details/CHRG-108shrg21353/CHRG-108shrg21353","https://www.govinfo.gov/content/pkg/CHRG-108shrg21353/pdf/CHRG-108shrg21353.pdf","331.7 KB","https://www.govinfo.gov/content/pkg/CHRG-108shrg21353/html/CHRG-108shrg21353.htm","328.5 KB","","0 B","","0 B","","0 B","24, 2004 Printed for the use of the Committee on Foreign Relations Available via the World Wide Web: http://www.access.gpo.gov/congress/ senate U.S. GOVERNMENT PRINTING OFFICE 21-353 WASHINGTON : 2006 For Sale by the Superintendent of Documents, U.S. Government Printing Office Internet: bookstore.gpo.gov Phone: toll free (866) 512-1800; (202) 512�...","","2004-09-24"
"610","Congressional Hearings","CHRG-108shrg24143","CHRG-108shrg24143","Accelerating U.S. Assistance to Iraq","https://www.govinfo.gov/app/details/CHRG-108shrg24143/CHRG-108shrg24143","https://www.govinfo.gov/content/pkg/CHRG-108shrg24143/pdf/CHRG-108shrg24143.pdf","2.3 MB","https://www.govinfo.gov/content/pkg/CHRG-108shrg24143/html/CHRG-108shrg24143.htm","254.6 KB","","0 B","","0 B","","0 B"," SECOND SESSION SEPTEMBER 15, 2004 Printed for the use of the Committee on Foreign Relations Available via the World Wide Web: http://www.access.gpo.gov/congress/ senate U.S. GOVERNMENT PRINTING OFFICE 24-143 WASHINGTON : 2005 For Sale by the Superintendent of Documents, U.S. Government Printing Office Internet: bookstore.gpo.gov Phone: toll free...","","2004-09-15"
"611","Congressional Hearings","CHRG-108shrg97822","CHRG-108shrg97822","The Current Situation in Sudan and the Prospects for Peace","https://www.govinfo.gov/app/details/CHRG-108shrg97822/CHRG-108shrg97822","https://www.govinfo.gov/content/pkg/CHRG-108shrg97822/pdf/CHRG-108shrg97822.pdf","6.5 MB","https://www.govinfo.gov/content/pkg/CHRG-108shrg97822/html/CHRG-108shrg97822.htm","246.7 KB","","0 B","","0 B","","0 B"," HUNDRED EIGHTH CONGRESS SECOND SESSION SEPTEMBER 9, 2004 Printed for the use of the Committee on Foreign Relations Available via the World Wide Web: http://www.access.gpo.gov/congress/ senate U.S. GOVERNMENT PRINTING OFFICE 97-822 WASHINGTON : 2005 For Sale by the Superintendent of Documents, U.S. Government Printing Office Internet: ...","","2004-09-09"
"612","Congressional Hearings","CHRG-108shrg97430","CHRG-108shrg97430","Iraq--Post Transition","https://www.govinfo.gov/app/details/CHRG-108shrg97430/CHRG-108shrg97430","https://www.govinfo.gov/content/pkg/CHRG-108shrg97430/pdf/CHRG-108shrg97430.pdf","211.4 KB","https://www.govinfo.gov/content/pkg/CHRG-108shrg97430/html/CHRG-108shrg97430.htm","122.6 KB","","0 B","","0 B","","0 B"," JULY 22, 2004 Printed for the use of the Committee on Foreign Relations Available via the World Wide Web: http://www.access.gpo.gov/congress/ senate U.S. GOVERNMENT PRINTING OFFICE 97-430 PDF WASHINGTON: 2004 For Sale by the Superintendent of Documents, U.S. Government Printing Office Internet: bookstore.gpo.gov Phone: toll free (866) 512-1800; ...","","2004-07-22"
"613","Congressional Hearings","CHRG-108shrg97666","CHRG-108shrg97666","Combating Multilateral Development Bank Corruption: U.S. Treasury Role and Internal Efforts [Part II]","https://www.govinfo.gov/app/details/CHRG-108shrg97666/CHRG-108shrg97666","https://www.govinfo.gov/content/pkg/CHRG-108shrg97666/pdf/CHRG-108shrg97666.pdf","468.8 KB","https://www.govinfo.gov/content/pkg/CHRG-108shrg97666/html/CHRG-108shrg97666.htm","313.0 KB","","0 B","","0 B","","0 B"," FOREIGN RELATIONS UNITED STATES SENATE ONE HUNDRED EIGHTH CONGRESS SECOND SESSION JULY 21, 2004 Printed for the use of the Committee on Foreign Relations Available via the World Wide Web: http://www.access.gpo.gov/congress/ senate U.S. GOVERNMENT PRINTING OFFICE 97-666 WASHINGTON : 2005 For Sale by the Superintendent of Documents, U.S. Government ...","","2004-07-21"
"614","Congressional Hearings","CHRG-108shrg97377","CHRG-108shrg97377","The Road Map: Detours and Disengagements","https://www.govinfo.gov/app/details/CHRG-108shrg97377/CHRG-108shrg97377","https://www.govinfo.gov/content/pkg/CHRG-108shrg97377/pdf/CHRG-108shrg97377.pdf","280.7 KB","https://www.govinfo.gov/content/pkg/CHRG-108shrg97377/html/CHRG-108shrg97377.htm","219.2 KB","","0 B","","0 B","","0 B"," SECOND SESSION JULY 20, 2004 Printed for the use of the Committee on Foreign Relations Available via the World Wide Web: http://www.access.gpo.gov/congress/ senate U.S. GOVERNMENT PRINTING OFFICE 97-377 WASHINGTON : 2004 For Sale by the Superintendent of Documents, U.S. Government Printing Office Internet: bookstore.gpo.gov Phone: toll free ...","","2004-07-20"
"615","Congressional Hearings","CHRG-108shrg97231","CHRG-108shrg97231","The Gulf of Guinea and U.S. Strategic Energy Policy","https://www.govinfo.gov/app/details/CHRG-108shrg97231/CHRG-108shrg97231","https://www.govinfo.gov/content/pkg/CHRG-108shrg97231/pdf/CHRG-108shrg97231.pdf","1.6 MB","https://www.govinfo.gov/content/pkg/CHRG-108shrg97231/html/CHRG-108shrg97231.htm","185.8 KB","","0 B","","0 B","","0 B"," PROMOTION OF THE COMMITTEE ON FOREIGN RELATIONS UNITED STATES SENATE ONE HUNDRED EIGHTH CONGRESS SECOND SESSION JULY 15, 2004 Printed for the use of the Committee on Foreign Relations Available via the World Wide Web: http://www.access.gpo.gov/congress/ senate U.S. GOVERNMENT PRINTING OFFICE 97-231 WASHINGTON : 2004 For Sale by the Superintendent...","","2004-07-15"
"616","Congressional Hearings","CHRG-108shrg97122","CHRG-108shrg97122","A Report on Latest Round of Six-Way Talks Regarding Nuclear Weapons in North Korea","https://www.govinfo.gov/app/details/CHRG-108shrg97122/CHRG-108shrg97122","https://www.govinfo.gov/content/pkg/CHRG-108shrg97122/pdf/CHRG-108shrg97122.pdf","284.0 KB","https://www.govinfo.gov/content/pkg/CHRG-108shrg97122/html/CHRG-108shrg97122.htm","211.8 KB","","0 B","","0 B","","0 B","UNITED STATES SENATE ONE HUNDRED EIGHTH CONGRESS SECOND SESSION JULY 15, 2004 Printed for the use of the Committee on Foreign Relations Available via the World Wide Web: http://www.access.gpo.gov/congress/ senate U.S. GOVERNMENT PRINTING OFFICE 97-122 WASHINGTON : 2004 For sale by the Superintendent of Documents, U.S. Government Printing Office ...","","2004-07-15"
"617","Congressional Hearings","CHRG-108shrg96976","CHRG-108shrg96976","U.S. Policy Toward Southeast Europe: Unfinished Business in the Balkans","https://www.govinfo.gov/app/details/CHRG-108shrg96976/CHRG-108shrg96976","https://www.govinfo.gov/content/pkg/CHRG-108shrg96976/pdf/CHRG-108shrg96976.pdf","304.7 KB","https://www.govinfo.gov/content/pkg/CHRG-108shrg96976/html/CHRG-108shrg96976.htm","246.9 KB","","0 B","","0 B","","0 B"," SENATE ONE HUNDRED EIGHTH CONGRESS SECOND SESSION JULY 14, 2004 Printed for the use of the Committee on Foreign Relations Available via the World Wide Web: http://www.access.gpo.gov/congress/ senate U.S. GOVERNMENT PRINTING OFFICE 96-976 WASHINGTON : 2004 For Sale by the Superintendent of Documents, U.S. Government Printing Office Internet: ...","","2004-07-14"
"618","Congressional Hearings","CHRG-108shrg96923","CHRG-108shrg96923","Pakistan: Balancing Reform and Counterterrorism","https://www.govinfo.gov/app/details/CHRG-108shrg96923/CHRG-108shrg96923","https://www.govinfo.gov/content/pkg/CHRG-108shrg96923/pdf/CHRG-108shrg96923.pdf","259.8 KB","https://www.govinfo.gov/content/pkg/CHRG-108shrg96923/html/CHRG-108shrg96923.htm","184.1 KB","","0 B","","0 B","","0 B"," CONGRESS SECOND SESSION JULY 14, 2004 Printed for the use of the Committee on Foreign Relations Available via the World Wide Web: http://www.access.gpo.gov/congress/ senate U.S. Government Printing Office 96-923 PDF Washington : 2004 For Sale by the Superintendent of Documents, U.S. Government Printing Office Internet: bookstore.gpo.gov Phone:...","","2004-07-14"
"619","Congressional Hearings","CHRG-108shrg96804","CHRG-108shrg96804","Human Trafficking: Mail Order Bride Abuses","https://www.govinfo.gov/app/details/CHRG-108shrg96804/CHRG-108shrg96804","https://www.govinfo.gov/content/pkg/CHRG-108shrg96804/pdf/CHRG-108shrg96804.pdf","4.0 MB","https://www.govinfo.gov/content/pkg/CHRG-108shrg96804/html/CHRG-108shrg96804.htm","176.6 KB","","0 B","","0 B","","0 B"," RELATIONS UNITED STATES SENATE ONE HUNDRED EIGHTH CONGRESS SECOND SESSION JULY 13, 2004 Printed for the use of the Committee on Foreign Relations Available via the World Wide Web: http://www.access.gpo.gov/congress/ senate U.S. GOVERNMENT PRINTING OFFICE 96-804 WASHINGTON : 2004 For Sale by the Superintendent of Documents, U.S. Government ...","","2004-07-13"
"620","Congressional Hearings","CHRG-108shrg96730","CHRG-108shrg96730","The State of Democracy in Venezuela","https://www.govinfo.gov/app/details/CHRG-108shrg96730/CHRG-108shrg96730","https://www.govinfo.gov/content/pkg/CHRG-108shrg96730/pdf/CHRG-108shrg96730.pdf","383.3 KB","https://www.govinfo.gov/content/pkg/CHRG-108shrg96730/html/CHRG-108shrg96730.htm","337.9 KB","","0 B","","0 B","","0 B","COMMITTEE ON FOREIGN RELATIONS UNITED STATES SENATE ONE HUNDRED EIGHTH CONGRESS SECOND SESSION JUNE 24, 2004 Printed for the use of the Committee on Foreign Relations Available via the World Wide Web: http://www.access.gpo.gov/congress/ senate U.S. GOVERNMENT PRINTING OFFICE 96-730 WASHINGTON : 2004 For Sale by the Superintendent of Documents, U.S....","","2004-06-24"
"621","Congressional Hearings","CHRG-108shrg97289","CHRG-108shrg97289","Assessing the Safety and Security of Peace Corps Volunteers","https://www.govinfo.gov/app/details/CHRG-108shrg97289/CHRG-108shrg97289","https://www.govinfo.gov/content/pkg/CHRG-108shrg97289/pdf/CHRG-108shrg97289.pdf","516.0 KB","https://www.govinfo.gov/content/pkg/CHRG-108shrg97289/html/CHRG-108shrg97289.htm","295.7 KB","","0 B","","0 B","","0 B"," HUNDRED EIGHTH CONGRESS SECOND SESSION JUNE 22, 2004 Printed for the use of the Committee on Foreign Relations Available via the World Wide Web: http://www.access.gpo.gov/congress/ senate U.S. GOVERNMENT PRINTING OFFICE 97-289 PDF WASHINGTON : 2005 For Sale by the Superintendent of Documents, U.S. Government Printing Office Internet: ...","","2004-06-22"
"622","Congressional Hearings","CHRG-108shrg97299","CHRG-108shrg97299","HEARING ON LAW ENFORCEMENT TREATIES: TREATY DOC. 107-18, INTER-AMERICAN CONVENTION AGAINST TERRORISM; TREATY DOC. 108-6, PROTOCOL OF AMENDMENT TO THE INTERNATIONAL CONVENTION ON THE SIMPLIFICATION AND HARMONIZATION OF CUSTOMS PROCEDURES; TREATY DOC. 108-11, COUNCIL OF EUROPE CONVENTION ON CYBERCRIME; TREATY DOC. 108-16, U.N. CONVENTION AGAINST TRANSNATIONAL ORGANIZED CRIME AND PROTOCOLS ON TRAFFICKING IN PERSONS AND SMUGGLING OF MIGRANTS","https://www.govinfo.gov/app/details/CHRG-108shrg97299/CHRG-108shrg97299","https://www.govinfo.gov/content/pkg/CHRG-108shrg97299/pdf/CHRG-108shrg97299.pdf","341.7 KB","https://www.govinfo.gov/content/pkg/CHRG-108shrg97299/html/CHRG-108shrg97299.htm","307.7 KB","","0 B","","0 B","","0 B","AMENDMENT TO THE INTERNATIONAL CONVENTION ON THE SIMPLIFICATION AND HARMONIZATION OF CUSTOMS PROCEDURES; TREATY DOC. 108-11, COUNCIL OF EUROPE CONVENTION ON CYBERCRIME; TREATY DOC. 108-16, U.N. CONVENTION AGAINST TRANSNATIONAL ORGANIZED CRIME AND PROTOCOLS ON TRAFFICKING IN PERSONS AND SMUGGLING OF MIGRANTS HEARING BEFORE THE COMMITTEE ON FOREIGN ...","","2004-06-17"
"623","Congressional Hearings","CHRG-108shrg96569","CHRG-108shrg96569","Sudan: Peace but at What Price?","https://www.govinfo.gov/app/details/CHRG-108shrg96569/CHRG-108shrg96569","https://www.govinfo.gov/content/pkg/CHRG-108shrg96569/pdf/CHRG-108shrg96569.pdf","4.4 MB","https://www.govinfo.gov/content/pkg/CHRG-108shrg96569/html/CHRG-108shrg96569.htm","267.3 KB","","0 B","","0 B","","0 B"," SESSION JUNE 15, 2004 Printed for the use of the Committee on Foreign Relations Available via the World Wide Web: http://www.access.gpo.gov/congress/ senate U.S. GOVERNMENT PRINTING OFFICE 96-569 WASHINGTON : 2004 For sale by the Superintendent of Documents, U.S. Government Printing Office Internet: bookstore.gpo.gov Phone: toll free (866)512-...","","2004-06-15"
"624","Congressional Hearings","CHRG-108shrg96631","CHRG-108shrg96631","Sea Island and Beyond: Status Report on the Global Partnership Against Weapons of Mass Destruction","https://www.govinfo.gov/app/details/CHRG-108shrg96631/CHRG-108shrg96631","https://www.govinfo.gov/content/pkg/CHRG-108shrg96631/pdf/CHRG-108shrg96631.pdf","2.5 MB","https://www.govinfo.gov/content/pkg/CHRG-108shrg96631/html/CHRG-108shrg96631.htm","236.5 KB","","0 B","","0 B","","0 B"," RELATIONS UNITED STATES SENATE ONE HUNDRED EIGHTH CONGRESS SECOND SESSION JUNE 15, 2004 Printed for the use of the Committee on Foreign Relations Available via the World Wide Web: http://www.access.gpo.gov/congress/ senate U.S. GOVERNMENT PRINTING OFFICE 96-631 WASHINGTON : 2004 For Sale by the Superintendent of Documents, U.S. Government ...","","2004-06-15"
"625","Congressional Hearings","CHRG-108shrg96570","CHRG-108shrg96570","Evaluating International Intellectual Property Piracy","https://www.govinfo.gov/app/details/CHRG-108shrg96570/CHRG-108shrg96570","https://www.govinfo.gov/content/pkg/CHRG-108shrg96570/pdf/CHRG-108shrg96570.pdf","832.2 KB","https://www.govinfo.gov/content/pkg/CHRG-108shrg96570/html/CHRG-108shrg96570.htm","245.6 KB","","0 B","","0 B","","0 B"," EIGHTH CONGRESS SECOND SESSION JUNE 9, 2004 Printed for the use of the Committee on Foreign Relations Available via the World Wide Web: http://www.access.gpo.gov/congress/ senate U.S. GOVERNMENT PRINTING OFFICE 96-570 WASHINGTON : 2004 For Sale by the Superintendent of Documents, U.S. Government Printing Office Internet: bookstore.gpo.gov Phone...","","2004-06-09"
"626","Congressional Hearings","CHRG-108shrg96429","CHRG-108shrg96429","The Greater Middle East Initiative: Sea Island and Beyond","https://www.govinfo.gov/app/details/CHRG-108shrg96429/CHRG-108shrg96429","https://www.govinfo.gov/content/pkg/CHRG-108shrg96429/pdf/CHRG-108shrg96429.pdf","351.5 KB","https://www.govinfo.gov/content/pkg/CHRG-108shrg96429/html/CHRG-108shrg96429.htm","301.4 KB","","0 B","","0 B","","0 B","HUNDRED EIGHTH CONGRESS SECOND SESSION JUNE 2, 2004 Printed for the use of the Committee on Foreign Relations Available via the World Wide Web: http://www.access.gpo.gov/congress/ senate U.S. GOVERNMENT PRINTING OFFICE 96-429 WASHINGTON : 2004 For Sale by the Superintendent of Documents, U.S. Government Printing Office Internet: bookstore.gpo.gov ...","","2004-06-02"
"627","Congressional Hearings","CHRG-108shrg96372","CHRG-108shrg96372","Iraq's Transition--the Way Ahead [Part II]","https://www.govinfo.gov/app/details/CHRG-108shrg96372/CHRG-108shrg96372","https://www.govinfo.gov/content/pkg/CHRG-108shrg96372/pdf/CHRG-108shrg96372.pdf","363.5 KB","https://www.govinfo.gov/content/pkg/CHRG-108shrg96372/html/CHRG-108shrg96372.htm","328.1 KB","","0 B","","0 B","","0 B","CONGRESS SECOND SESSION MAY 19, 2004 Printed for the use of the Committee on Foreign Relations Available via the World Wide Web: http://www.access.gpo.gov/congress/ senate U.S. GOVERNMENT PRINTING OFFICE 96-372 WASHINGTON : 2004 For Sale by the Superintendent of Documents, U.S. Government Printing Office Internet: bookstore.gpo.gov Phone: toll free...","","2004-05-19"
"628","Congressional Hearings","CHRG-108shrg96371","CHRG-108shrg96371","Iraq's Transition--the Way Ahead [Part I]","https://www.govinfo.gov/app/details/CHRG-108shrg96371/CHRG-108shrg96371","https://www.govinfo.gov/content/pkg/CHRG-108shrg96371/pdf/CHRG-108shrg96371.pdf","660.2 KB","https://www.govinfo.gov/content/pkg/CHRG-108shrg96371/html/CHRG-108shrg96371.htm","396.7 KB","","0 B","","0 B","","0 B"," SECOND SESSION MAY 18, 2004 Printed for the use of the Committee on Foreign Relations Available via the World Wide Web: http://www.access.gpo.gov/congress/ senate 96-371 PDF U.S. GOVERNMENT PRINTING OFFICE WASHINGTON : 2005 For Sale by the Superintendent of Documents, U.S. Government Printing Office Internet: bookstore.gpo.gov Phone: toll ...","","2004-05-18"
"629","Congressional Hearings","CHRG-108shrg97554","CHRG-108shrg97554","Combating Corruption in the Multi- Lateral Development Banks [Part I]","https://www.govinfo.gov/app/details/CHRG-108shrg97554/CHRG-108shrg97554","https://www.govinfo.gov/content/pkg/CHRG-108shrg97554/pdf/CHRG-108shrg97554.pdf","387.3 KB","https://www.govinfo.gov/content/pkg/CHRG-108shrg97554/html/CHRG-108shrg97554.htm","359.9 KB","","0 B","","0 B","","0 B"," ONE HUNDRED EIGHTH CONGRESS SECOND SESSION MAY 13, 2004 Printed for the use of the Committee on Foreign Relations Available via the World Wide Web: http://www.access.gpo.gov/congress/ senate U.S. GOVERNMENT PRINTING OFFICE 97-554 PDF WASHINGTON : 2005 For Sale by the Superintendent of Documents, U.S. Government Printing Office Internet: ...","","2004-05-13"
"630","Congressional Hearings","CHRG-108shrg96108","CHRG-108shrg96108","Challenges and Accomplishments as the European Union and the United States Promote Trade and Tourism in a Terrorism Environment","https://www.govinfo.gov/app/details/CHRG-108shrg96108/CHRG-108shrg96108","https://www.govinfo.gov/content/pkg/CHRG-108shrg96108/pdf/CHRG-108shrg96108.pdf","228.4 KB","https://www.govinfo.gov/content/pkg/CHRG-108shrg96108/html/CHRG-108shrg96108.htm","148.4 KB","","0 B","","0 B","","0 B"," BEFORE THE SUBCOMMITTEE ON EUROPEAN AFFAIRS OF THE COMMITTEE ON FOREIGN RELATIONS UNITED STATES SENATE ONE HUNDRED EIGHTH CONGRESS SECOND SESSION MAY 13, 2004 Printed for the use of the Committee on Foreign Relations Available via the World Wide Web: http://www.access.gpo.gov/congress/ senate U.S. GOVERNMENT PRINTING OFFICE 96-108 WASHINGTON : ...","","2004-05-13"
"631","Congressional Hearings","CHRG-108shrg95973","CHRG-108shrg95973","Afghanistan: Continuing Challenges","https://www.govinfo.gov/app/details/CHRG-108shrg95973/CHRG-108shrg95973","https://www.govinfo.gov/content/pkg/CHRG-108shrg95973/pdf/CHRG-108shrg95973.pdf","596.1 KB","https://www.govinfo.gov/content/pkg/CHRG-108shrg95973/html/CHRG-108shrg95973.htm","304.1 KB","","0 B","","0 B","","0 B"," SECOND SESSION MAY 12, 2004 Printed for the use of the Committee on Foreign Relations Available via the World Wide Web: http://www.access.gpo.gov/congress/ senate U.S. GOVERNMENT PRINTING OFFICE 95-973 WASHINGTON : 2004 For sale by the Superintendent of Documents, U.S. Government Printing Office Internet: bookstore.gpo.gov Phone: toll free (866)...","","2004-05-12"
"632","Congressional Hearings","CHRG-108shrg95957","CHRG-108shrg95957","Saving Lives: The Deadly Intersection of AIDS and Hunger","https://www.govinfo.gov/app/details/CHRG-108shrg95957/CHRG-108shrg95957","https://www.govinfo.gov/content/pkg/CHRG-108shrg95957/pdf/CHRG-108shrg95957.pdf","31.9 MB","https://www.govinfo.gov/content/pkg/CHRG-108shrg95957/html/CHRG-108shrg95957.htm","222.6 KB","","0 B","","0 B","","0 B"," EIGHTH CONGRESS SECOND SESSION MAY 11, 2004 Printed for the use of the Committee on Foreign Relations Available via the World Wide Web: http://www.access.gpo.gov/congress/ senate COMMITTEE ON FOREIGN RELATIONS RICHARD G. LUGAR, Indiana, Chairman CHUCK HAGEL, Nebraska JOSEPH R. BIDEN, Jr., Delaware LINCOLN CHAFEE, Rhode Island PAUL S. ...","","2004-05-11"
"633","Congressional Hearings","CHRG-108shrg95841","CHRG-108shrg95841","The Broadcasting Board of Governors: Finding the Right Media for the Message in the Middle East","https://www.govinfo.gov/app/details/CHRG-108shrg95841/CHRG-108shrg95841","https://www.govinfo.gov/content/pkg/CHRG-108shrg95841/pdf/CHRG-108shrg95841.pdf","8.3 MB","https://www.govinfo.gov/content/pkg/CHRG-108shrg95841/html/CHRG-108shrg95841.htm","230.4 KB","","0 B","","0 B","","0 B"," OPERATIONS AND TERRORISM OF THE COMMITTEE ON FOREIGN RELATIONS UNITED STATES SENATE ONE HUNDRED EIGHTH CONGRESS SECOND SESSION APRIL 29, 2004 Printed for the use of the Committee on Foreign Relations Available via the World Wide Web: http://www.access.gpo.gov/congress/ senate U.S. GOVERNMENT PRINTING OFFICE 95-841 WASHINGTON : DC For ...","","2004-04-29"
"634","Congressional Hearings","CHRG-108shrg94081","CHRG-108shrg94081","The Nomination of Hon. John D. Negroponte to Be U.S. Ambassador to Iraq","https://www.govinfo.gov/app/details/CHRG-108shrg94081/CHRG-108shrg94081","https://www.govinfo.gov/content/pkg/CHRG-108shrg94081/pdf/CHRG-108shrg94081.pdf","408.6 KB","https://www.govinfo.gov/content/pkg/CHRG-108shrg94081/html/CHRG-108shrg94081.htm","209.1 KB","","0 B","","0 B","","0 B"," SENATE ONE HUNDRED EIGHTH CONGRESS SECOND SESSION APRIL 27, 2004 Printed for the use of the Committee on Foreign Relations Available via the World Wide Web: http://www.access.gpo.gov/congress/ senate U.S. GOVERNMENT PRINTING OFFICE 94-081 WASHINGTON : DC For Sale by the Superintendent of Documents, U.S. Government Printing Office Internet: ...","","2004-04-27"
"635","Congressional Hearings","CHRG-108shrg22846","CHRG-108shrg22846","[ERRATA] IRAQ TRANSITION: CIVIL WAR OR CIVIL SOCIETY? [PART III]","https://www.govinfo.gov/app/details/CHRG-108shrg22846/CHRG-108shrg22846","https://www.govinfo.gov/content/pkg/CHRG-108shrg22846/pdf/CHRG-108shrg22846.pdf","124.2 KB","https://www.govinfo.gov/content/pkg/CHRG-108shrg22846/html/CHRG-108shrg22846.htm","2.9 KB","","0 B","","0 B","","0 B"," ONE HUNDRED EIGHTH CONGRESS SECOND SESSION APRIL 22, 2004 Printed for the use of the Committee on Foreign Relations Available via the World Wide Web: http://www.access.gpo.gov/congress/ senate U.S. GOVERNMENT PRINTING OFFICE 22-846 WASHINGTON : 2005 For Sale by the Superintendent of Documents, U.S. Government Printing Office Internet: ...","","2004-04-22"
"636","Congressional Hearings","CHRG-108shrg95873","CHRG-108shrg95873","U.S.-China Relations: Status of Reforms in China","https://www.govinfo.gov/app/details/CHRG-108shrg95873/CHRG-108shrg95873","https://www.govinfo.gov/content/pkg/CHRG-108shrg95873/pdf/CHRG-108shrg95873.pdf","423.0 KB","https://www.govinfo.gov/content/pkg/CHRG-108shrg95873/html/CHRG-108shrg95873.htm","232.9 KB","","0 B","","0 B","","0 B"," FOREIGN RELATIONS UNITED STATES SENATE ONE HUNDRED EIGHTH CONGRESS SECOND SESSION APRIL 22, 2004 Printed for the use of the Committee on Foreign Relations Available via the World Wide Web: http://www.access.gpo.gov/congress/ senate U.S. GOVERNMENT PRINTING OFFICE 95-873 WASHINGTON : DC For Sale by the Superintendent of Documents, U.S. Government ...","","2004-04-22"
"637","Congressional Hearings","CHRG-108shrg97602","CHRG-108shrg97602","IRAQ TRANSITION: CIVIL WAR OR CIVIL SOCIETY? [PART III]","https://www.govinfo.gov/app/details/CHRG-108shrg97602/CHRG-108shrg97602","https://www.govinfo.gov/content/pkg/CHRG-108shrg97602/pdf/CHRG-108shrg97602.pdf","4.4 MB","https://www.govinfo.gov/content/pkg/CHRG-108shrg97602/html/CHRG-108shrg97602.htm","371.8 KB","","0 B","","0 B","","0 B"," HUNDRED EIGHTH CONGRESS SECOND SESSION APRIL 22, 2004 Printed for the use of the Committee on Foreign Relations Available via the World Wide Web: http://www.access.gpo.gov/congress/ senate U.S. GOVERNMENT PRINTING OFFICE 97-602 WASHINGTON : 2005 For Sale by the Superintendent of Documents, U.S. Government Printing Office Internet: ...","","2004-04-22"
"638","Congressional Hearings","CHRG-108shrg95627","CHRG-108shrg95627","Iraq Transition: Civil War or Civil Society? [Part II]","https://www.govinfo.gov/app/details/CHRG-108shrg95627/CHRG-108shrg95627","https://www.govinfo.gov/content/pkg/CHRG-108shrg95627/pdf/CHRG-108shrg95627.pdf","343.3 KB","https://www.govinfo.gov/content/pkg/CHRG-108shrg95627/html/CHRG-108shrg95627.htm","271.2 KB","","0 B","","0 B","","0 B"," EIGHTH CONGRESS SECOND SESSION APRIL 21, 2004 Printed for the use of the Committee on Foreign Relations Available via the World Wide Web: http://www.access.gpo.gov/congress/ senate U.S. GOVERNMENT PRINTING OFFICE 95-627 WASHINGTON : DC For Sale by the Superintendent of Documents, U.S. Government Printing Office Internet: bookstore.gpo.gov ...","","2004-04-21"
"639","Congressional Hearings","CHRG-108shrg95375","CHRG-108shrg95375","NAFTA: A Ten Year Perspective and Implications for the Future","https://www.govinfo.gov/app/details/CHRG-108shrg95375/CHRG-108shrg95375","https://www.govinfo.gov/content/pkg/CHRG-108shrg95375/pdf/CHRG-108shrg95375.pdf","2.6 MB","https://www.govinfo.gov/content/pkg/CHRG-108shrg95375/html/CHRG-108shrg95375.htm","328.2 KB","","0 B","","0 B","","0 B"," AND TRADE PROMOTION OF THE COMMITTEE ON FOREIGN RELATIONS UNITED STATES SENATE ONE HUNDRED EIGHTH CONGRESS SECOND SESSION APRIL 20, 2004 Printed for the use of the Committee on Foreign Relations Available via the World Wide Web: http://www.access.gpo.gov/congress/ senate U.S. GOVERNMENT PRINTING OFFICE 95-375 WASHINGTON : DC For Sale by the ...","","2004-04-20"
"640","Congressional Hearings","CHRG-108shrg95512","CHRG-108shrg95512","Iraq Transition: Civil War or Civil Society? [Part I]","https://www.govinfo.gov/app/details/CHRG-108shrg95512/CHRG-108shrg95512","https://www.govinfo.gov/content/pkg/CHRG-108shrg95512/pdf/CHRG-108shrg95512.pdf","368.5 KB","https://www.govinfo.gov/content/pkg/CHRG-108shrg95512/html/CHRG-108shrg95512.htm","306.4 KB","","0 B","","0 B","","0 B"," EIGHTH CONGRESS SECOND SESSION APRIL 20, 2004 Printed for the use of the Committee on Foreign Relations Available via the World Wide Web: http://www.access.gpo.gov/congress/ senate U.S. GOVERNMENT PRINTING OFFICE WASHINGTON : 2004 95-512 PDF For Sale by the Superintendent of Documents, U.S. Government Printing Office Internet: bookstore.gpo.gov...","","2004-04-20"
"641","Congressional Hearings","CHRG-108shrg95528","CHRG-108shrg95528","Anti-Semitism in Europe","https://www.govinfo.gov/app/details/CHRG-108shrg95528/CHRG-108shrg95528","https://www.govinfo.gov/content/pkg/CHRG-108shrg95528/pdf/CHRG-108shrg95528.pdf","1.5 MB","https://www.govinfo.gov/content/pkg/CHRG-108shrg95528/html/CHRG-108shrg95528.htm","356.2 KB","","0 B","","0 B","","0 B"," ONE HUNDRED EIGHTH CONGRESS SECOND SESSION APRIL 8, 2004 Printed for the use of the Committee on Foreign Relations Available via the World Wide Web: http://www.access.gpo.gov/congress/ senate U.S. GOVERNMENT PRINTING OFFICE 95-528 WASHINGTON : DC For Sale by the Superintendent of Documents, U.S. Government Printing Office Internet: ...","","2004-04-08"
"642","Congressional Hearings","CHRG-108shrg95026","CHRG-108shrg95026","A Review of the United Nations Oil-For-Food Program","https://www.govinfo.gov/app/details/CHRG-108shrg95026/CHRG-108shrg95026","https://www.govinfo.gov/content/pkg/CHRG-108shrg95026/pdf/CHRG-108shrg95026.pdf","25.5 MB","https://www.govinfo.gov/content/pkg/CHRG-108shrg95026/html/CHRG-108shrg95026.htm","434.2 KB","","0 B","","0 B","","0 B"," EIGHTH CONGRESS SECOND SESSION APRIL 7, 2004 Printed for the use of the Committee on Foreign Relations Available via the World Wide Web: http://www.access.gpo.gov/congress/ senate U.S. GOVERNMENT PRINTING OFFICE 95-026 WASHINGTON : 2004 For sale by the Superintendent of Documents, U.S. Government Printing Office Internet: bookstore.gpo.gov Phone:...","","2004-04-07"
"643","Congressional Hearings","CHRG-108shrg95255","CHRG-108shrg95255","FIGHTING HIV/AIDS IN AFRICA: A PROGRESS REPORT","https://www.govinfo.gov/app/details/CHRG-108shrg95255/CHRG-108shrg95255","https://www.govinfo.gov/content/pkg/CHRG-108shrg95255/pdf/CHRG-108shrg95255.pdf","7.9 MB","https://www.govinfo.gov/content/pkg/CHRG-108shrg95255/html/CHRG-108shrg95255.htm","209.1 KB","","0 B","","0 B","","0 B"," UNITED STATES SENATE ONE HUNDRED EIGHTH CONGRESS SECOND SESSION APRIL 7, 2004 Printed for the use of the Committee on Foreign Relations Available via the World Wide Web: http://www.access.gpo.gov/congress/ senate U.S. GOVERNMENT PRINTING OFFICE 95-255 WASHINGTON : 2004 For sale by the Superintendent of Documents, U.S. Government Printing Office ...","","2004-04-07"
"644","Congressional Hearings","CHRG-108shrg95699","CHRG-108shrg95699","The Effects of the Madrid Terrorist Attacks on U.S.-European Cooperation in the War on Terrorism","https://www.govinfo.gov/app/details/CHRG-108shrg95699/CHRG-108shrg95699","https://www.govinfo.gov/content/pkg/CHRG-108shrg95699/pdf/CHRG-108shrg95699.pdf","291.4 KB","https://www.govinfo.gov/content/pkg/CHRG-108shrg95699/html/CHRG-108shrg95699.htm","221.6 KB","","0 B","","0 B","","0 B"," AFFAIRS OF THE COMMITTEE ON FOREIGN RELATIONS UNITED STATES SENATE ONE HUNDRED EIGHTH CONGRESS SECOND SESSION MARCH 31, 2004 Printed for the use of the Committee on Foreign Relations Available via the World Wide Web: http://www.access.gpo.gov/congress/ senate U.S. GOVERNMENT PRINTING OFFICE 95-699 WASHINGTON : DC For Sale by the ...","","2004-03-31"
"645","Congressional Hearings","CHRG-108shrg94642","CHRG-108shrg94642","Agoa III: The United States-Africa Partnership Act of 2003","https://www.govinfo.gov/app/details/CHRG-108shrg94642/CHRG-108shrg94642","https://www.govinfo.gov/content/pkg/CHRG-108shrg94642/pdf/CHRG-108shrg94642.pdf","346.1 KB","https://www.govinfo.gov/content/pkg/CHRG-108shrg94642/html/CHRG-108shrg94642.htm","139.6 KB","","0 B","","0 B","","0 B"," HUNDRED EIGHTH CONGRESS SECOND SESSION MARCH 25, 2004 Printed for the use of the Committee on Foreign Relations Available via the World Wide Web: http://www.access.gpo.gov/congress/ senate U.S. GOVERNMENT PRINTING OFFICE 94-642 WASHINGTON : DC For Sale by the Superintendent of Documents, U.S. Government Printing Office Internet: bookstore.gpo.gov ...","","2004-03-25"
"646","Congressional Hearings","CHRG-108shrg94643","CHRG-108shrg94643","United States and Mexico: Immigration Policy and the Bilateral Relationship","https://www.govinfo.gov/app/details/CHRG-108shrg94643/CHRG-108shrg94643","https://www.govinfo.gov/content/pkg/CHRG-108shrg94643/pdf/CHRG-108shrg94643.pdf","9.2 MB","https://www.govinfo.gov/content/pkg/CHRG-108shrg94643/html/CHRG-108shrg94643.htm","400.8 KB","","0 B","","0 B","","0 B","STATES SENATE ONE HUNDRED EIGHTH CONGRESS SECOND SESSION MARCH 23, 2004 Printed for the use of the Committee on Foreign Relations Available via the World Wide Web: http://www.access.gpo.gov/congress/ senate U.S. GOVERNMENT PRINTING OFFICE 94-643 WASHINGTON : DC For Sale by the Superintendent of Documents, U.S. Government Printing Office Internet: ...","","2004-03-23"
"647","Congressional Hearings","CHRG-108shrg94204","CHRG-108shrg94204","Non-Proliferation and Arms Control: Strategic Choices","https://www.govinfo.gov/app/details/CHRG-108shrg94204/CHRG-108shrg94204","https://www.govinfo.gov/content/pkg/CHRG-108shrg94204/pdf/CHRG-108shrg94204.pdf","395.2 KB","https://www.govinfo.gov/content/pkg/CHRG-108shrg94204/html/CHRG-108shrg94204.htm","198.9 KB","","0 B","","0 B","","0 B"," EIGHTH CONGRESS SECOND SESSION MARCH 10, 2004 Printed for the use of the Committee on Foreign Relations Available via the World Wide Web: http://www.access.gpo.gov/congress/ senate U.S. GOVERNMENT PRINTING OFFICE 94-204 WASHINGTON : DC For Sale by the Superintendent of Documents, U.S. Government Printing Office Internet: bookstore.gpo.gov Phone...","","2004-03-10"
"648","Congressional Hearings","CHRG-108shrg94920","CHRG-108shrg94920","A Fresh Start for Haiti? Charting the Future of U.S.-Haitian Relations","https://www.govinfo.gov/app/details/CHRG-108shrg94920/CHRG-108shrg94920","https://www.govinfo.gov/content/pkg/CHRG-108shrg94920/pdf/CHRG-108shrg94920.pdf","427.4 KB","https://www.govinfo.gov/content/pkg/CHRG-108shrg94920/html/CHRG-108shrg94920.htm","404.0 KB","","0 B","","0 B","","0 B"," AND NARCOTICS AFFAIRS OF THE COMMITTEE ON FOREIGN RELATIONS UNITED STATES SENATE ONE HUNDRED EIGHTH CONGRESS SECOND SESSION MARCH 10, 2004 Printed for the use of the Committee on Foreign Relations Available via the World Wide Web: http://www.access.gpo.gov/congress/ senate U.S. GOVERNMENT PRINTING OFFICE 94-920 WASHINGTON : 2005 For Sale by ...","","2004-03-10"
"649","Congressional Hearings","CHRG-108shrg94104","CHRG-108shrg94104","Democracy in Hong Kong","https://www.govinfo.gov/app/details/CHRG-108shrg94104/CHRG-108shrg94104","https://www.govinfo.gov/content/pkg/CHRG-108shrg94104/pdf/CHRG-108shrg94104.pdf","285.2 KB","https://www.govinfo.gov/content/pkg/CHRG-108shrg94104/html/CHRG-108shrg94104.htm","215.4 KB","","0 B","","0 B","","0 B"," STATES SENATE ONE HUNDRED EIGHTH CONGRESS SECOND SESSION MARCH 4, 2004 Printed for the use of the Committee on Foreign Relations Available via the World Wide Web: http://www.access.gpo.gov/congress/ senate 94-104 U.S. GOVERNMENT PRINTING OFFICE WASHINGTON : 2003 For Sale by the Superintendent of Documents, U.S. Government Printing Office Internet:...","","2004-03-04"
"650","Congressional Hearings","CHRG-108shrg94063","CHRG-108shrg94063","Building Operation Readiness in Foreign Affairs Agencies","https://www.govinfo.gov/app/details/CHRG-108shrg94063/CHRG-108shrg94063","https://www.govinfo.gov/content/pkg/CHRG-108shrg94063/pdf/CHRG-108shrg94063.pdf","323.0 KB","https://www.govinfo.gov/content/pkg/CHRG-108shrg94063/html/CHRG-108shrg94063.htm","126.4 KB","","0 B","","0 B","","0 B"," EIGHTH CONGRESS SECOND SESSION MARCH 3, 2004 Printed for the use of the Committee on Foreign Relations Available via the World Wide Web: http://www.access.gpo.gov/congress/ senate 94-063 U.S. GOVERNMENT PRINTING OFFICE WASHINGTON : 2003 For Sale by the Superintendent of Documents, U.S. Government Printing Office Internet: bookstore.gpo.gov ...","","2004-03-03"
"651","Congressional Hearings","CHRG-108shrg94028","CHRG-108shrg94028","The North Korea Nuclear Calculus: Beyond the Six-Power Talks","https://www.govinfo.gov/app/details/CHRG-108shrg94028/CHRG-108shrg94028","https://www.govinfo.gov/content/pkg/CHRG-108shrg94028/pdf/CHRG-108shrg94028.pdf","237.9 KB","https://www.govinfo.gov/content/pkg/CHRG-108shrg94028/html/CHRG-108shrg94028.htm","152.7 KB","","0 B","","0 B","","0 B","ONE HUNDRED EIGHTH CONGRESS SECOND SESSION MARCH 2, 2004 Printed for the use of the Committee on Foreign Relations Available via the World Wide Web: http://www.access.gpo.gov/congress/ senate 94-028 U.S. GOVERNMENT PRINTING OFFICE WASHINGTON : 2003 For Sale by the Superintendent of Documents, U.S. Government Printing Office Internet: ...","","2004-03-02"
"652","Congressional Hearings","CHRG-108shrg94558","CHRG-108shrg94558","Foreign Assistance Oversight","https://www.govinfo.gov/app/details/CHRG-108shrg94558/CHRG-108shrg94558","https://www.govinfo.gov/content/pkg/CHRG-108shrg94558/pdf/CHRG-108shrg94558.pdf","2.5 MB","https://www.govinfo.gov/content/pkg/CHRG-108shrg94558/html/CHRG-108shrg94558.htm","506.2 KB","","0 B","","0 B","","0 B"," SESSION MARCH 2, 2004 Printed for the use of the Committee on Foreign Relations Available via the World Wide Web: http://www.access.gpo.gov/congress/ senate U.S. GOVERNMENT PRINTING OFFICE 94-558 WASHINGTON : DC For Sale by the Superintendent of Documents, U.S. Government Printing Office Internet: bookstore.gpo.gov Phone: toll free (866) 512-1800...","","2004-03-02"
"653","Congressional Hearings","CHRG-108shrg94557","CHRG-108shrg94557","Libya--Next Steps in U.S. Relations","https://www.govinfo.gov/app/details/CHRG-108shrg94557/CHRG-108shrg94557","https://www.govinfo.gov/content/pkg/CHRG-108shrg94557/pdf/CHRG-108shrg94557.pdf","226.3 KB","https://www.govinfo.gov/content/pkg/CHRG-108shrg94557/html/CHRG-108shrg94557.htm","133.6 KB","","0 B","","0 B","","0 B"," SECOND SESSION FEBRUARY 26, 2004 Printed for the use of the Committee on Foreign Relations Available via the World Wide Web: http://www.access.gpo.gov/congress/ senate U.S. GOVERNMENT PRINTING OFFICE 94-557 WASHINGTON : DC For Sale by the Superintendent of Documents, U.S. Government Printing Office Internet: bookstore.gpo.gov Phone: toll free (...","","2004-02-26"
"654","Congressional Hearings","CHRG-108shrg93694","CHRG-108shrg93694","Public Diplomacy and International Free Press","https://www.govinfo.gov/app/details/CHRG-108shrg93694/CHRG-108shrg93694","https://www.govinfo.gov/content/pkg/CHRG-108shrg93694/pdf/CHRG-108shrg93694.pdf","281.5 KB","https://www.govinfo.gov/content/pkg/CHRG-108shrg93694/html/CHRG-108shrg93694.htm","196.1 KB","","0 B","","0 B","","0 B"," CONGRESS SECOND SESSION FEBRUARY 26, 2004 Printed for the use of the Committee on Foreign Relations Available via the World Wide Web: http://www.access.gpo.gov/congress/ senate 93-694 U.S. GOVERNMENT PRINTING OFFICE WASHINGTON : 2003 For Sale by the Superintendent of Documents, U.S. Government Printing Office Internet: bookstore.gpo.gov Phone: ...","","2004-02-26"
"655","Congressional Hearings","CHRG-108shrg93579","CHRG-108shrg93579","The Japanese Tax Treaty (T. Doc. 108-14) and the Sri Lanka Tax Protocol (T. Doc. 108-9)","https://www.govinfo.gov/app/details/CHRG-108shrg93579/CHRG-108shrg93579","https://www.govinfo.gov/content/pkg/CHRG-108shrg93579/pdf/CHRG-108shrg93579.pdf","598.0 KB","https://www.govinfo.gov/content/pkg/CHRG-108shrg93579/html/CHRG-108shrg93579.htm","173.3 KB","","0 B","","0 B","","0 B"," UNITED STATES SENATE ONE HUNDRED EIGHTH CONGRESS SECOND SESSION FEBRUARY 25, 2004 Printed for the use of the Committee on Foreign Relations Available via the World Wide Web: http://www.access.gpo.gov/congress/ senate U.S. GOVERNMENT PRINTING OFFICE WASHINGTON : 2004 93-579 PDF For Sale by the Superintendent of Documents, U.S. Government ...","","2004-02-25"
"656","Congressional Hearings","CHRG-108shrg95264","CHRG-108shrg95264","Usaid Contracting Policies","https://www.govinfo.gov/app/details/CHRG-108shrg95264/CHRG-108shrg95264","https://www.govinfo.gov/content/pkg/CHRG-108shrg95264/pdf/CHRG-108shrg95264.pdf","289.4 KB","https://www.govinfo.gov/content/pkg/CHRG-108shrg95264/html/CHRG-108shrg95264.htm","220.9 KB","","0 B","","0 B","","0 B"," ON FOREIGN RELATIONS UNITED STATES SENATE ONE HUNDRED EIGHTH CONGRESS SECOND SESSION FEBRUARY 25, 2004 Printed for the use of the Committee on Foreign Relations Available via the World Wide Web: http://www.access.gpo.gov/congress/ senate U.S. GOVERNMENT PRINTING OFFICE 92-264 WASHINGTON : 2004 For sale by the Superintendent of Documents, U.S. ...","","2004-02-25"
"657","Congressional Hearings","CHRG-108shrg93762","CHRG-108shrg93762","The Middle East: Rethinking the Road Map","https://www.govinfo.gov/app/details/CHRG-108shrg93762/CHRG-108shrg93762","https://www.govinfo.gov/content/pkg/CHRG-108shrg93762/pdf/CHRG-108shrg93762.pdf","297.1 KB","https://www.govinfo.gov/content/pkg/CHRG-108shrg93762/html/CHRG-108shrg93762.htm","239.8 KB","","0 B","","0 B","","0 B"," SECOND SESSION FEBRUARY 24, 2004 Printed for the use of the Committee on Foreign Relations Available via the World Wide Web: http://www.access.gpo.gov/congress/ senate 93-762 U.S. GOVERNMENT PRINTING OFFICE WASHINGTON : 2003 For Sale by the Superintendent of Documents, U.S. Government Printing Office Internet: bookstore.gpo.gov Phone: toll ...","","2004-02-24"
"658","Congressional Hearings","CHRG-108shrg93953","CHRG-108shrg93953","Trade and Human Rights: The Future of U.S.-Vietnamese Relationships","https://www.govinfo.gov/app/details/CHRG-108shrg93953/CHRG-108shrg93953","https://www.govinfo.gov/content/pkg/CHRG-108shrg93953/pdf/CHRG-108shrg93953.pdf","422.0 KB","https://www.govinfo.gov/content/pkg/CHRG-108shrg93953/html/CHRG-108shrg93953.htm","226.6 KB","","0 B","","0 B","","0 B"," OF THE COMMITTEE ON FOREIGN RELATIONS UNITED STATES SENATE ONE HUNDRED EIGHTH CONGRESS SECOND SESSION FEBRUARY 12, 2004 Printed for the use of the Committee on Foreign Relations Available via the World Wide Web: http://www.access.gpo.gov/congress/ senate 93-953 U.S. GOVERNMENT PRINTING OFFICE WASHINGTON : 2003 For Sale by the Superintendent of ...","","2004-02-12"
"659","Congressional Hearings","CHRG-108shrg93316","CHRG-108shrg93316","State Department: Policy and Programs","https://www.govinfo.gov/app/details/CHRG-108shrg93316/CHRG-108shrg93316","https://www.govinfo.gov/content/pkg/CHRG-108shrg93316/pdf/CHRG-108shrg93316.pdf","352.1 KB","https://www.govinfo.gov/content/pkg/CHRG-108shrg93316/html/CHRG-108shrg93316.htm","299.5 KB","","0 B","","0 B","","0 B"," SECOND SESSION FEBRUARY 12, 2004 Printed for the use of the Committee on Foreign Relations Available via the World Wide Web: http://www.access.gpo.gov/congress/ senate 93-316 U.S. GOVERNMENT PRINTING OFFICE WASHINGTON : 2003 For Sale by the Superintendent of Documents, U.S. Government Printing Office Internet: bookstore.gpo.gov Phone: toll free...","","2004-02-12"
"660","Congressional Hearings","CHRG-108shrg93067","CHRG-108shrg93067","Pakistan and India: Steps Toward Rapprochement","https://www.govinfo.gov/app/details/CHRG-108shrg93067/CHRG-108shrg93067","https://www.govinfo.gov/content/pkg/CHRG-108shrg93067/pdf/CHRG-108shrg93067.pdf","229.0 KB","https://www.govinfo.gov/content/pkg/CHRG-108shrg93067/html/CHRG-108shrg93067.htm","142.8 KB","","0 B","","0 B","","0 B"," CONGRESS SECOND SESSION JANUARY 28, 2004 Printed for the use of the Committee on Foreign Relations Available via the World Wide Web: http://www.access.gpo.gov/congress/ senate 93-067 U.S. GOVERNMENT PRINTING OFFICE WASHINGTON : 2003 For Sale by the Superintendent of Documents, U.S. Government Printing Office Internet: bookstore.gpo.gov Phone: ...","","2004-01-28"
"661","Congressional Hearings","CHRG-108shrg93763","CHRG-108shrg93763","Afghanistan Stabilization and Reconstruction: A Status Report","https://www.govinfo.gov/app/details/CHRG-108shrg93763/CHRG-108shrg93763","https://www.govinfo.gov/content/pkg/CHRG-108shrg93763/pdf/CHRG-108shrg93763.pdf","216.1 KB","https://www.govinfo.gov/content/pkg/CHRG-108shrg93763/html/CHRG-108shrg93763.htm","121.2 KB","","0 B","","0 B","","0 B","ONE HUNDRED EIGHTH CONGRESS SECOND SESSION JANUARY 27, 2004 Printed for the use of the Committee on Foreign Relations Available via the World Wide Web: http://www.access.gpo.gov/congress/ senate 93-763 U.S. GOVERNMENT PRINTING OFFICE WASHINGTON : 2003 For Sale by the Superintendent of Documents, U.S. Government Printing Office Internet: ...","","2004-01-27"
"662","Congressional Hearings","CHRG-108shrg92962","CHRG-108shrg92962","An Update on North Korean Nuclear Developments","https://www.govinfo.gov/app/details/CHRG-108shrg92962/CHRG-108shrg92962","https://www.govinfo.gov/content/pkg/CHRG-108shrg92962/pdf/CHRG-108shrg92962.pdf","247.6 KB","https://www.govinfo.gov/content/pkg/CHRG-108shrg92962/html/CHRG-108shrg92962.htm","152.3 KB","","0 B","","0 B","","0 B"," CONGRESS SECOND SESSION JANUARY 21, 2004 Printed for the use of the Committee on Foreign Relations Available via the World Wide Web: http://www.access.gpo.gov/congress/ senate 92-962 U.S. GOVERNMENT PRINTING OFFICE WASHINGTON : 2003 For Sale by the Superintendent of Documents, U.S. Government Printing Office Internet: bookstore.gpo.gov Phone: ...","","2004-01-21"
"663","Congressional Hearings","CHRG-108shrg92834","CHRG-108shrg92834","The Hidden Gulag: Putting Human Rights on the North Korea Policy Agenda","https://www.govinfo.gov/app/details/CHRG-108shrg92834/CHRG-108shrg92834","https://www.govinfo.gov/content/pkg/CHRG-108shrg92834/pdf/CHRG-108shrg92834.pdf","296.5 KB","https://www.govinfo.gov/content/pkg/CHRG-108shrg92834/html/CHRG-108shrg92834.htm","228.6 KB","","0 B","","0 B","","0 B"," OF THE COMMITTEE ON FOREIGN RELATIONS UNITED STATES SENATE ONE HUNDRED EIGHTH CONGRESS FIRST SESSION NOVEMBER 4, 2003 Printed for the use of the Committee on Foreign Relations Available via the World Wide Web: http://www.access.gpo.gov/congress/ senate 92-834 U.S. GOVERNMENT PRINTING OFFICE WASHINGTON : 2003 For Sale by the Superintendent of ...","","2003-11-04"
"664","Congressional Hearings","CHRG-108shrg91171","CHRG-108shrg91171","A Moral Imperative: Leader Frist's Report on the HIV/AIDS Codel to Africa","https://www.govinfo.gov/app/details/CHRG-108shrg91171/CHRG-108shrg91171","https://www.govinfo.gov/content/pkg/CHRG-108shrg91171/pdf/CHRG-108shrg91171.pdf","145.2 KB","https://www.govinfo.gov/content/pkg/CHRG-108shrg91171/html/CHRG-108shrg91171.htm","51.8 KB","","0 B","","0 B","","0 B"," OF THE COMMITTEE ON HEALTH, EDUCATION, LABOR, AND PENSIONS UNITED STATES SENATE AND THE SUBCOMMITTEE ON AFRICAN AFFAIRS OF THE COMMITTEE ON FOREIGN RELATIONS UNITED STATES SENATE ONE HUNDRED EIGHTH CONGRESS FIRST SESSION ON A REPORT FROM SENATOR FRIST RELATIVE TO THE HIV/AIDS CODEL TO AFRICA October 30, 2003 Printed for the use of the Committee...","","2003-10-30"
"665","Congressional Hearings","CHRG-108shrg93068","CHRG-108shrg93068","Syria: U.S. Policy Directions","https://www.govinfo.gov/app/details/CHRG-108shrg93068/CHRG-108shrg93068","https://www.govinfo.gov/content/pkg/CHRG-108shrg93068/pdf/CHRG-108shrg93068.pdf","414.9 KB","https://www.govinfo.gov/content/pkg/CHRG-108shrg93068/html/CHRG-108shrg93068.htm","202.2 KB","","0 B","","0 B","","0 B"," SESSION OCTOBER 30, 2003 Printed for the use of the Committee on Foreign Relations Available via the World Wide Web: http://www.access.gpo.gov/congress/ senate 93-068 U.S. GOVERNMENT PRINTING OFFICE WASHINGTON : 2003 For Sale by the Superintendent of Documents, U.S. Government Printing Office Internet: bookstore.gpo.gov Phone: toll free (866) 512...","","2003-10-30"
"666","Congressional Hearings","CHRG-108shrg92792","CHRG-108shrg92792","Combating Transnational Crime and Corruption in Europe","https://www.govinfo.gov/app/details/CHRG-108shrg92792/CHRG-108shrg92792","https://www.govinfo.gov/content/pkg/CHRG-108shrg92792/pdf/CHRG-108shrg92792.pdf","408.3 KB","https://www.govinfo.gov/content/pkg/CHRG-108shrg92792/html/CHRG-108shrg92792.htm","266.6 KB","","0 B","","0 B","","0 B"," RELATIONS UNITED STATES SENATE ONE HUNDRED EIGHTH CONGRESS FIRST SESSION OCTOBER 30, 2003 Printed for the use of the Committee on Foreign Relations Available via the World Wide Web: http://www.access.gpo.gov/congress/ senate 92-792 U.S. GOVERNMENT PRINTING OFFICE WASHINGTON : 2003 For Sale by the Superintendent of Documents, U.S. Government ...","","2003-10-30"
"667","Congressional Hearings","CHRG-108shrg92685","CHRG-108shrg92685","Challenges and Successes for U.S. Policy Toward Colombia: Is Plan Colombia Working?","https://www.govinfo.gov/app/details/CHRG-108shrg92685/CHRG-108shrg92685","https://www.govinfo.gov/content/pkg/CHRG-108shrg92685/pdf/CHRG-108shrg92685.pdf","2.5 MB","https://www.govinfo.gov/content/pkg/CHRG-108shrg92685/html/CHRG-108shrg92685.htm","333.4 KB","","0 B","","0 B","","0 B"," UNITED STATES SENATE ONE HUNDRED EIGHTH CONGRESS FIRST SESSION OCTOBER 29, 2003 Printed for the use of the Committee on Foreign Relations Available via the World Wide Web: http://www.access.gpo.gov/congress/ senate 92-685 U.S. GOVERNMENT PRINTING OFFICE WASHINGTON : 2003 For Sale by the Superintendent of Documents, U.S. Government Printing Office ...","","2003-10-29"
"668","Congressional Hearings","CHRG-108shrg92476","CHRG-108shrg92476","Iran: Security Threats and U.S. Policy","https://www.govinfo.gov/app/details/CHRG-108shrg92476/CHRG-108shrg92476","https://www.govinfo.gov/content/pkg/CHRG-108shrg92476/pdf/CHRG-108shrg92476.pdf","455.1 KB","https://www.govinfo.gov/content/pkg/CHRG-108shrg92476/html/CHRG-108shrg92476.htm","331.2 KB","","0 B","","0 B","","0 B"," FIRST SESSION OCTOBER 28, 2003 Printed for the use of the Committee on Foreign Relations Available via the World Wide Web: http://www.access.gpo.gov/congress/ senate 92-476 U.S. GOVERNMENT PRINTING OFFICE WASHINGTON : 2003 For Sale by the Superintendent of Documents, U.S. Government Printing Office Internet: bookstore.gpo.gov Phone: toll free ...","","2003-10-28"
"669","Congressional Hearings","CHRG-108shrg92725","CHRG-108shrg92725","Post-9/11 Visa Reforms and New Technology: Achieving the Necessary Security Improvements in a Global Environment","https://www.govinfo.gov/app/details/CHRG-108shrg92725/CHRG-108shrg92725","https://www.govinfo.gov/content/pkg/CHRG-108shrg92725/pdf/CHRG-108shrg92725.pdf","614.6 KB","https://www.govinfo.gov/content/pkg/CHRG-108shrg92725/html/CHRG-108shrg92725.htm","554.3 KB","","0 B","","0 B","","0 B"," ON INTERNATIONAL OPERATIONS AND TERRORISM OF THE COMMITTEE ON FOREIGN RELATIONS UNITED STATES SENATE ONE HUNDRED EIGHTH CONGRESS FIRST SESSION OCTOBER 23, 2003 Printed for the use of the Committee on Foreign Relations Available via the World Wide Web: http://www.access.gpo.gov/congress/ senate 92-725 U.S. GOVERNMENT PRINTING OFFICE ...","","2003-10-23"
"670","Congressional Hearings","CHRG-108shrg92370","CHRG-108shrg92370","Anti-Semitism in Europe","https://www.govinfo.gov/app/details/CHRG-108shrg92370/CHRG-108shrg92370","https://www.govinfo.gov/content/pkg/CHRG-108shrg92370/pdf/CHRG-108shrg92370.pdf","7.4 MB","https://www.govinfo.gov/content/pkg/CHRG-108shrg92370/html/CHRG-108shrg92370.htm","451.8 KB","","0 B","","0 B","","0 B"," ONE HUNDRED EIGHTH CONGRESS FIRST SESSION OCTOBER 22, 2003 Printed for the use of the Committee on Foreign Relations Available via the World Wide Web: http://www.access.gpo.gov/congress/ senate 92-370 U.S. GOVERNMENT PRINTING OFFICE WASHINGTON : 2003 For Sale by the Superintendent of Documents, U.S. Government Printing Office Internet: ...","","2003-10-22"
"671","Congressional Hearings","CHRG-108shrg91959","CHRG-108shrg91959","U.S. Energy Security: West Africa and Latin America","https://www.govinfo.gov/app/details/CHRG-108shrg91959/CHRG-108shrg91959","https://www.govinfo.gov/content/pkg/CHRG-108shrg91959/pdf/CHRG-108shrg91959.pdf","3.9 MB","https://www.govinfo.gov/content/pkg/CHRG-108shrg91959/html/CHRG-108shrg91959.htm","271.7 KB","","0 B","","0 B","","0 B"," PROMOTION OF THE COMMITTEE ON FOREIGN RELATIONS UNITED STATES SENATE ONE HUNDRED EIGHTH CONGRESS FIRST SESSION OCTOBER 21, 2003 Printed for the use of the Committee on Foreign Relations Available via the World Wide Web: http://www.access.gpo.gov/congress/ senate 91-959 U.S. GOVERNMENT PRINTING OFFICE WASHINGTON : 2003 For Sale by the ...","","2003-10-21"
"672","Congressional Hearings","CHRG-108shrg91915","CHRG-108shrg91915","Afghanistan: In Pursuit of Security and Democracy","https://www.govinfo.gov/app/details/CHRG-108shrg91915/CHRG-108shrg91915","https://www.govinfo.gov/content/pkg/CHRG-108shrg91915/pdf/CHRG-108shrg91915.pdf","3.5 MB","https://www.govinfo.gov/content/pkg/CHRG-108shrg91915/html/CHRG-108shrg91915.htm","265.5 KB","","0 B","","0 B","","0 B","EIGHTH CONGRESS FIRST SESSION OCTOBER 16, 2003 Printed for the use of the Committee on Foreign Relations Available via the World Wide Web: http://www.access.gpo.gov/congress/ senate U.S. GOVERNMENT PRINTING OFFICE 91-915 WASHINGTON : 2004 For sale by the Superintendent of Documents, U.S. Government Printing Office Internet: bookstore.gpo.gov Phone:...","","2003-10-16"
"673","Congressional Hearings","CHRG-108shrg91958","CHRG-108shrg91958","U.S.-EU Cooperation on Regulatory Affairs","https://www.govinfo.gov/app/details/CHRG-108shrg91958/CHRG-108shrg91958","https://www.govinfo.gov/content/pkg/CHRG-108shrg91958/pdf/CHRG-108shrg91958.pdf","378.4 KB","https://www.govinfo.gov/content/pkg/CHRG-108shrg91958/html/CHRG-108shrg91958.htm","220.3 KB","","0 B","","0 B","","0 B"," STATES SENATE ONE HUNDRED EIGHTH CONGRESS FIRST SESSION OCTOBER 16, 2003 Printed for the use of the Committee on Foreign Relations Available via the World Wide Web: http://www.access.gpo.gov/congress/ senate 91-958 U.S. GOVERNMENT PRINTING OFFICE WASHINGTON : 2003 For Sale by the Superintendent of Documents, U.S. Government Printing Office ...","","2003-10-16"
"674","Congressional Hearings","CHRG-108shrg91730","CHRG-108shrg91730","The Middle East Road Map: Overcoming Obstacles to Peace","https://www.govinfo.gov/app/details/CHRG-108shrg91730/CHRG-108shrg91730","https://www.govinfo.gov/content/pkg/CHRG-108shrg91730/pdf/CHRG-108shrg91730.pdf","360.1 KB","https://www.govinfo.gov/content/pkg/CHRG-108shrg91730/html/CHRG-108shrg91730.htm","197.3 KB","","0 B","","0 B","","0 B"," COMMITTEE ON FOREIGN RELATIONS UNITED STATES SENATE ONE HUNDRED EIGHTH CONGRESS FIRST SESSION OCTOBER 15, 2003 Printed for the use of the Committee on Foreign Relations Available via the World Wide Web: http://www.access.gpo.gov/congress/ senate 91-730 U.S. GOVERNMENT PRINTING OFFICE WASHINGTON : 2003 For Sale by the Superintendent of Documents, ...","","2003-10-15"
"675","Congressional Hearings","CHRG-108shrg91684","CHRG-108shrg91684","Challenges for U.S. Policy Toward Cuba","https://www.govinfo.gov/app/details/CHRG-108shrg91684/CHRG-108shrg91684","https://www.govinfo.gov/content/pkg/CHRG-108shrg91684/pdf/CHRG-108shrg91684.pdf","447.8 KB","https://www.govinfo.gov/content/pkg/CHRG-108shrg91684/html/CHRG-108shrg91684.htm","298.7 KB","","0 B","","0 B","","0 B"," FIRST SESSION OCTOBER 2, 2003 Printed for the use of the Committee on Foreign Relations Available via the World Wide Web: http://www.access.gpo.gov/congress/ senate 91-684 U.S. GOVERNMENT PRINTING OFFICE WASHINGTON : 2003 For Sale by the Superintendent of Documents, U.S. Government Printing Office Internet: bookstore.gpo.gov Phone: toll free (...","","2003-10-02"
"676","Congressional Hearings","CHRG-108shrg91493","CHRG-108shrg91493","Iraq: Next Steps - How Can Democratic Institutions Succeed in Iraq and the Middle East?","https://www.govinfo.gov/app/details/CHRG-108shrg91493/CHRG-108shrg91493","https://www.govinfo.gov/content/pkg/CHRG-108shrg91493/pdf/CHRG-108shrg91493.pdf","399.0 KB","https://www.govinfo.gov/content/pkg/CHRG-108shrg91493/html/CHRG-108shrg91493.htm","220.7 KB","","0 B","","0 B","","0 B"," UNITED STATES SENATE ONE HUNDRED EIGHTH CONGRESS FIRST SESSION SEPTEMBER 24, 2003 Printed for the use of the Committee on Foreign Relations Available via the World Wide Web: http://www.access.gpo.gov/congress/ senate 91-493 U.S. GOVERNMENT PRINTING OFFICE WASHINGTON : 2003 For Sale by the Superintendent of Documents, U.S. Government Printing ...","","2003-09-24"
"677","Congressional Hearings","CHRG-108shrg91434","CHRG-108shrg91434","Iraq: Next Steps - What Will An Iraq 5-Year Plan Look Like?","https://www.govinfo.gov/app/details/CHRG-108shrg91434/CHRG-108shrg91434","https://www.govinfo.gov/content/pkg/CHRG-108shrg91434/pdf/CHRG-108shrg91434.pdf","404.7 KB","https://www.govinfo.gov/content/pkg/CHRG-108shrg91434/html/CHRG-108shrg91434.htm","240.9 KB","","0 B","","0 B","","0 B"," HUNDRED EIGHTH CONGRESS FIRST SESSION SEPTEMBER 24, 2003 Printed for the use of the Committee on Foreign Relations Available via the World Wide Web: http://www.access.gpo.gov/congress/ senate U.S. GOVERNMENT PRINTING OFFICE 91-434 WASHINGTON : 2004 For sale by the Superintendent of Documents, U.S. Government Printing Office Internet: ...","","2003-09-24"
"678","Congressional Hearings","CHRG-108shrg91525","CHRG-108shrg91525","Iraq: Next Steps","https://www.govinfo.gov/app/details/CHRG-108shrg91525/CHRG-108shrg91525","https://www.govinfo.gov/content/pkg/CHRG-108shrg91525/pdf/CHRG-108shrg91525.pdf","479.3 KB","https://www.govinfo.gov/content/pkg/CHRG-108shrg91525/html/CHRG-108shrg91525.htm","365.6 KB","","0 B","","0 B","","0 B"," COMMITTEE ON FOREIGN RELATIONS UNITED STATES SENATE ONE HUNDRED EIGHTH CONGRESS FIRST SESSION SEPTEMBER 23, 2003 Printed for the use of the Committee on Foreign Relations Available via the World Wide Web: http://www.access.gpo.gov/congress/ senate 91-525 U.S. GOVERNMENT PRINTING OFFICE WASHINGTON : 2003 For Sale by the Superintendent of ...","","2003-09-23"
"679","Congressional Hearings","CHRG-108shrg91355","CHRG-108shrg91355","U.S.-China Relations","https://www.govinfo.gov/app/details/CHRG-108shrg91355/CHRG-108shrg91355","https://www.govinfo.gov/content/pkg/CHRG-108shrg91355/pdf/CHRG-108shrg91355.pdf","1.6 MB","https://www.govinfo.gov/content/pkg/CHRG-108shrg91355/html/CHRG-108shrg91355.htm","245.9 KB","","0 B","","0 B","","0 B"," SEPTEMBER 11, 2003 Printed for the use of the Committee on Foreign Relations Available via the World Wide Web: http://www.access.gpo.gov/congress/ senate U.S. GOVERNMENT PRINTING OFFICE 91-355 WASHINGTON : 2004 For sale by the Superintendent of Documents, U.S. Government Printing Office Internet: bookstore.gpo.gov Phone: toll free (866) 512-1800, ...","","2003-09-11"
"680","Congressional Hearings","CHRG-108shrg91275","CHRG-108shrg91275","Corruption in North Korea's Economy","https://www.govinfo.gov/app/details/CHRG-108shrg91275/CHRG-108shrg91275","https://www.govinfo.gov/content/pkg/CHRG-108shrg91275/pdf/CHRG-108shrg91275.pdf","1.2 MB","https://www.govinfo.gov/content/pkg/CHRG-108shrg91275/html/CHRG-108shrg91275.htm","63.6 KB","","0 B","","0 B","","0 B"," UNITED STATES SENATE ONE HUNDRED EIGHTH CONGRESS FIRST SESSION JULY 31, 2003 Printed for the use of the Committee on Foreign Relations Available via the World Wide Web: http://www.access.gpo.gov/congress/ senate U.S. GOVERNMENT PRINTING OFFICE 91-275 WASHINGTON : 2004 For sale by the Superintendent of Documents, U.S. Government Printing ...","","2003-07-31"
"681","Congressional Hearings","CHRG-108shrg91037","CHRG-108shrg91037","Iraq: Status and Prospects for Reconstruction--Resources","https://www.govinfo.gov/app/details/CHRG-108shrg91037/CHRG-108shrg91037","https://www.govinfo.gov/content/pkg/CHRG-108shrg91037/pdf/CHRG-108shrg91037.pdf","1.2 MB","https://www.govinfo.gov/content/pkg/CHRG-108shrg91037/html/CHRG-108shrg91037.htm","352.4 KB","","0 B","","0 B","","0 B"," EIGHTH CONGRESS FIRST SESSION JULY 29, 2003 Printed for the use of the Committee on Foreign Relations Available via the World Wide Web: http://www.access.gpo.gov/congress/ senate 91-037 U.S. GOVERNMENT PRINTING OFFICE WASHINGTON : 2003 For Sale by the Superintendent of Documents, U.S. Government Printing Office Internet: bookstore.gpo.gov ...","","2003-07-29"
"682","Congressional Hearings","CHRG-108shrg91136","CHRG-108shrg91136","The Congo Basin Forest Partnership","https://www.govinfo.gov/app/details/CHRG-108shrg91136/CHRG-108shrg91136","https://www.govinfo.gov/content/pkg/CHRG-108shrg91136/pdf/CHRG-108shrg91136.pdf","363.9 KB","https://www.govinfo.gov/content/pkg/CHRG-108shrg91136/html/CHRG-108shrg91136.htm","190.0 KB","","0 B","","0 B","","0 B"," SENATE ONE HUNDRED EIGHTH CONGRESS FIRST SESSION JULY 24, 2003 Printed for the use of the Committee on Foreign Relations Available via the World Wide Web: http://www.access.gpo.gov/congress/ senate 91-136 U.S. GOVERNMENT PRINTING OFFICE WASHINGTON : 2003 For Sale by the Superintendent of Documents, U.S. Government Printing Office Internet: ...","","2003-07-24"
"683","Congressional Hearings","CHRG-108shrg90883","CHRG-108shrg90883","Iraq: Status and Prospects for Reconstruction","https://www.govinfo.gov/app/details/CHRG-108shrg90883/CHRG-108shrg90883","https://www.govinfo.gov/content/pkg/CHRG-108shrg90883/pdf/CHRG-108shrg90883.pdf","419.2 KB","https://www.govinfo.gov/content/pkg/CHRG-108shrg90883/html/CHRG-108shrg90883.htm","269.4 KB","","0 B","","0 B","","0 B","HUNDRED EIGHTH CONGRESS FIRST SESSION JULY 23, 2003 Printed for the use of the Committee on Foreign Relations Available via the World Wide Web: http://www.access.gpo.gov/congress/ senate U.S. GOVERNMENT PRINTING OFFICE 90-883 WASHINGTON : 2003 For sale by the Superintendent of Documents, U.S. Government Printing Office Internet: bookstore.gpo.gov ...","","2003-07-23"
"684","Congressional Hearings","CHRG-108shrg90764","CHRG-108shrg90764","Benefits for U.S. Victims of International Terrorism","https://www.govinfo.gov/app/details/CHRG-108shrg90764/CHRG-108shrg90764","https://www.govinfo.gov/content/pkg/CHRG-108shrg90764/pdf/CHRG-108shrg90764.pdf","350.4 KB","https://www.govinfo.gov/content/pkg/CHRG-108shrg90764/html/CHRG-108shrg90764.htm","183.0 KB","","0 B","","0 B","","0 B"," EIGHTH CONGRESS FIRST SESSION JULY 17, 2003 Printed for the use of the Committee on Foreign Relations Available via the World Wide Web: http://www.access.gpo.gov/congress/ senate U.S. GOVERNMENT PRINTING OFFICE 90-764 WASHINGTON : 2003 For sale by the Superintendent of Documents, U.S. Government Printing Office Internet: bookstore.gpo.gov Phone:...","","2003-07-17"
"685","Congressional Hearings","CHRG-108shrg90723","CHRG-108shrg90723","Successes and Challenges for U.S. Policy to Haiti","https://www.govinfo.gov/app/details/CHRG-108shrg90723/CHRG-108shrg90723","https://www.govinfo.gov/content/pkg/CHRG-108shrg90723/pdf/CHRG-108shrg90723.pdf","499.0 KB","https://www.govinfo.gov/content/pkg/CHRG-108shrg90723/html/CHRG-108shrg90723.htm","370.2 KB","","0 B","","0 B","","0 B","EIGHTH CONGRESS FIRST SESSION JULY 15, 2003 Printed for the use of the Committee on Foreign Relations Available via the World Wide Web: http://www.access.gpo.gov/congress/ senate U.S. GOVERNMENT PRINTING OFFICE 90-723 WASHINGTON : 2003 For sale by the Superintendent of Documents, U.S. Government Printing Office Internet: bookstore.gpo.gov Phone: ...","","2003-07-15"
"686","Congressional Hearings","CHRG-108shrg90622","CHRG-108shrg90622","The Department of State's Office of Children's Issues","https://www.govinfo.gov/app/details/CHRG-108shrg90622/CHRG-108shrg90622","https://www.govinfo.gov/content/pkg/CHRG-108shrg90622/pdf/CHRG-108shrg90622.pdf","407.5 KB","https://www.govinfo.gov/content/pkg/CHRG-108shrg90622/html/CHRG-108shrg90622.htm","280.8 KB","","0 B","","0 B","","0 B"," FOREIGN RELATIONS UNITED STATES SENATE ONE HUNDRED EIGHTH CONGRESS FIRST SESSION JUNE 26, 2003 Printed for the use of the Committee on Foreign Relations Available via the World Wide Web: http://www.access.gpo.gov/congress/ senate U.S. GOVERNMENT PRINTING OFFICE 90-622 WASHINGTON ; 2003 For sale by the Superintendent of Documents, U.S. Government ...","","2003-06-26"
"687","Congressional Hearings","CHRG-108shrg90513","CHRG-108shrg90513","The Successor States to Pre-1991 Yugoslavia: Progress and Challenges","https://www.govinfo.gov/app/details/CHRG-108shrg90513/CHRG-108shrg90513","https://www.govinfo.gov/content/pkg/CHRG-108shrg90513/pdf/CHRG-108shrg90513.pdf","364.1 KB","https://www.govinfo.gov/content/pkg/CHRG-108shrg90513/html/CHRG-108shrg90513.htm","192.3 KB","","0 B","","0 B","","0 B"," ON FOREIGN RELATIONS UNITED STATES SENATE ONE HUNDRED EIGHTH CONGRESS FIRST SESSION JUNE 25, 2003 Printed for the use of the Committee on Foreign Relations Available via the World Wide Web: http://www.access.gpo.gov/congress/ senate 90-513 U.S. GOVERNMENT PRINTING OFFICE WASHINGTON : 2003 For Sale by the Superintendent of Documents, U.S. ...","","2003-06-25"
"688","Congressional Hearings","CHRG-108shrg90493","CHRG-108shrg90493","Constitutionalism, Human Rights, and the Rule of Law in Iraq","https://www.govinfo.gov/app/details/CHRG-108shrg90493/CHRG-108shrg90493","https://www.govinfo.gov/content/pkg/CHRG-108shrg90493/pdf/CHRG-108shrg90493.pdf","558.4 KB","https://www.govinfo.gov/content/pkg/CHRG-108shrg90493/html/CHRG-108shrg90493.htm","489.3 KB","","0 B","","0 B","","0 B"," OF THE COMMITTEE ON FOREIGN RELATIONS UNITED STATES SENATE AND THE SUBCOMMITTEE ON THE CONSTITUTION, CIVIL RIGHTS AND PROPERTY RIGHTS OF THE COMMITTEE ON THE JUDICIARY UNITED STATES SENATE ONE HUNDRED EIGHTH CONGRESS FIRST SESSION JUNE 25, 2003 Printed for the use of the Committee on Foreign Relations Available via the World Wide Web: http://...","","2003-06-25"
"689","Congressional Hearings","CHRG-108shrg90449","CHRG-108shrg90449","The African Growth and Opportunity Act","https://www.govinfo.gov/app/details/CHRG-108shrg90449/CHRG-108shrg90449","https://www.govinfo.gov/content/pkg/CHRG-108shrg90449/pdf/CHRG-108shrg90449.pdf","385.5 KB","https://www.govinfo.gov/content/pkg/CHRG-108shrg90449/html/CHRG-108shrg90449.htm","232.7 KB","","0 B","","0 B","","0 B"," FIRST SESSION JUNE 25, 2003 Printed for the use of the Committee on Foreign Relations Available via the World Wide Web: http://www.access.gpo.gov/congress/ senate 90-449 U.S. GOVERNMENT PRINTING OFFICE WASHINGTON : 2003 For Sale by the Superintendent of Documents, U.S. Government Printing Office Internet: bookstore.gpo.gov Phone: toll free (...","","2003-06-25"
"690","Congressional Hearings","CHRG-108shrg90466","CHRG-108shrg90466","U.S. Relations with a Changing Europe: Differing Views on Technology Issues","https://www.govinfo.gov/app/details/CHRG-108shrg90466/CHRG-108shrg90466","https://www.govinfo.gov/content/pkg/CHRG-108shrg90466/pdf/CHRG-108shrg90466.pdf","340.3 KB","https://www.govinfo.gov/content/pkg/CHRG-108shrg90466/html/CHRG-108shrg90466.htm","164.8 KB","","0 B","","0 B","","0 B"," COMMITTEE ON FOREIGN RELATIONS UNITED STATES SENATE ONE HUNDRED EIGHTH CONGRESS FIRST SESSION JUNE 24, 2003 Printed for the use of the Committee on Foreign Relations Available via the World Wide Web: http://www.access.gpo.gov/congress/ senate U.S. GOVERNMENT PRINTING OFFICE 90-466 WASHINGTON : 2003 For Sale by the Superintendent of Documents, U.S...","","2003-06-24"
"691","Congressional Hearings","CHRG-108shrg89837","CHRG-108shrg89837","A Review of the Development of Democracy in Burma","https://www.govinfo.gov/app/details/CHRG-108shrg89837/CHRG-108shrg89837","https://www.govinfo.gov/content/pkg/CHRG-108shrg89837/pdf/CHRG-108shrg89837.pdf","353.5 KB","https://www.govinfo.gov/content/pkg/CHRG-108shrg89837/html/CHRG-108shrg89837.htm","183.3 KB","","0 B","","0 B","","0 B","ON FOREIGN RELATIONS UNITED STATES SENATE ONE HUNDRED EIGHTH CONGRESS FIRST SESSION JUNE 18, 2003 Printed for the use of the Committee on Foreign Relations Available via the World Wide Web: http://www.access.gpo.gov/congress/ senate U.S. GOVERNMENT PRINTING OFFICE 89-837 wASHINGTON : 2003 For Sale by the Superintendent of Documents, U.S. Government...","","2003-06-18"
"692","Congressional Hearings","CHRG-108shrg90076","CHRG-108shrg90076","Beyond Iraq: Repercussions of Iraq Stabilization and Reconstruction Policies","https://www.govinfo.gov/app/details/CHRG-108shrg90076/CHRG-108shrg90076","https://www.govinfo.gov/content/pkg/CHRG-108shrg90076/pdf/CHRG-108shrg90076.pdf","375.1 KB","https://www.govinfo.gov/content/pkg/CHRG-108shrg90076/html/CHRG-108shrg90076.htm","200.6 KB","","0 B","","0 B","","0 B"," STATES SENATE ONE HUNDRED EIGHTH CONGRESS FIRST SESSION JUNE 12, 2003 Printed for the use of the Committee on Foreign Relations Available via the World Wide Web: http://www.access.gpo.gov/congress/ senate 90-076 U.S. GOVERNMENT PRINTING OFFICE WASHINGTON : 2003 For Sale by the Superintendent of Documents, U.S. Government Printing Office Internet: ...","","2003-06-12"
"693","Congressional Hearings","CHRG-108shrg89499","CHRG-108shrg89499","Life Inside North Korea","https://www.govinfo.gov/app/details/CHRG-108shrg89499/CHRG-108shrg89499","https://www.govinfo.gov/content/pkg/CHRG-108shrg89499/pdf/CHRG-108shrg89499.pdf","370.1 KB","https://www.govinfo.gov/content/pkg/CHRG-108shrg89499/html/CHRG-108shrg89499.htm","207.1 KB","","0 B","","0 B","","0 B"," STATES SENATE ONE HUNDRED EIGHTH CONGRESS FIRST SESSION JUNE 5, 2003 Printed for the use of the Committee on Foreign Relations Available via the World Wide Web: http://www.access.gpo.gov/congress/ senate 89-499 U.S. GOVERNMENT PRINTING OFFICE WASHINGTON : 2003 For Sale by the Superintendent of Documents, U.S. Government Printing Office Internet: ...","","2003-06-05"
"694","Congressional Hearings","CHRG-108shrg89517","CHRG-108shrg89517","Iraq Stabilization and Reconstruction: International Contributions and Resources","https://www.govinfo.gov/app/details/CHRG-108shrg89517/CHRG-108shrg89517","https://www.govinfo.gov/content/pkg/CHRG-108shrg89517/pdf/CHRG-108shrg89517.pdf","593.9 KB","https://www.govinfo.gov/content/pkg/CHRG-108shrg89517/html/CHRG-108shrg89517.htm","301.9 KB","","0 B","","0 B","","0 B"," STATES SENATE ONE HUNDRED EIGHTH CONGRESS FIRST SESSION JUNE 4, 2003 Printed for the use of the Committee on Foreign Relations Available via the World Wide Web: http://www.access.gpo.gov/congress/ senate 89-517 U.S. GOVERNMENT PRINTING OFFICE WASHINGTON : 2003 For Sale by the Superintendent of Documents, U.S. Government Printing Office ...","","2003-06-04"
"695","Congressional Hearings","CHRG-108shrg89516","CHRG-108shrg89516","Iraq Stabilization and Reconstruction: U.S. Policy and Plans","https://www.govinfo.gov/app/details/CHRG-108shrg89516/CHRG-108shrg89516","https://www.govinfo.gov/content/pkg/CHRG-108shrg89516/pdf/CHRG-108shrg89516.pdf","451.0 KB","https://www.govinfo.gov/content/pkg/CHRG-108shrg89516/html/CHRG-108shrg89516.htm","304.9 KB","","0 B","","0 B","","0 B"," HUNDRED EIGHTH CONGRESS FIRST SESSION MAY 22, 2003 Printed for the use of the Committee on Foreign Relations Available via the World Wide Web: http://www.access.gpo.gov/congress/ senate 89-516 U.S. GOVERNMENT PRINTING OFFICE WASHINGTON : 2003 For Sale by the Superintendent of Documents, U.S. Government Printing Office Internet: bookstore.gpr.gov...","","2003-05-22"
"696","Congressional Hearings","CHRG-108shrg89518","CHRG-108shrg89518","The Future of U.S. Economic Relations in the Western Hemisphere","https://www.govinfo.gov/app/details/CHRG-108shrg89518/CHRG-108shrg89518","https://www.govinfo.gov/content/pkg/CHRG-108shrg89518/pdf/CHRG-108shrg89518.pdf","3.5 MB","https://www.govinfo.gov/content/pkg/CHRG-108shrg89518/html/CHRG-108shrg89518.htm","516.0 KB","","0 B","","0 B","","0 B"," NARCOTICS AFFAIRS OF THE COMMITTEE ON FOREIGN RELATIONS UNITED STATES SENATE ONE HUNDRED EIGHTH CONGRESS FIRST SESSION MAY 20, 2003 Printed for the use of the Committee on Foreign Relations Available via the World Wide Web: http://www.access.gpo.gov/congress/ senate 89-518 U.S. GOVERNMENT PRINTING OFFICE WASHINGTON : 2003 For Sale by the ...","","2003-05-20"
"697","Congressional Hearings","CHRG-108shrg89197","CHRG-108shrg89197","Fighting AIDS in Uganda: What Went Right?","https://www.govinfo.gov/app/details/CHRG-108shrg89197/CHRG-108shrg89197","https://www.govinfo.gov/content/pkg/CHRG-108shrg89197/pdf/CHRG-108shrg89197.pdf","2.8 MB","https://www.govinfo.gov/content/pkg/CHRG-108shrg89197/html/CHRG-108shrg89197.htm","179.2 KB","","0 B","","0 B","","0 B"," STATES SENATE ONE HUNDRED EIGHTH CONGRESS FIRST SESSION MAY 19, 2003 Printed for the use of the Committee on Foreign Relations Available via the World Wide Web: http://www.access.gpo.gov/congress/ senate 89-197 U.S. GOVERNMENT PRINTING OFFICE WASHINGTON : 2003 For Sale by the Superintendent of Documents, U.S. Government Printing Office ...","","2003-05-19"
"698","Congressional Hearings","CHRG-108shrg89219","CHRG-108shrg89219","U.S. Energy Security: Russia and the Caspian","https://www.govinfo.gov/app/details/CHRG-108shrg89219/CHRG-108shrg89219","https://www.govinfo.gov/content/pkg/CHRG-108shrg89219/pdf/CHRG-108shrg89219.pdf","569.5 KB","https://www.govinfo.gov/content/pkg/CHRG-108shrg89219/html/CHRG-108shrg89219.htm","223.1 KB","","0 B","","0 B","","0 B"," OF THE COMMITTEE ON FOREIGN RELATIONS UNITED STATES SENATE ONE HUNDRED EIGHTH CONGRESS FIRST SESSION APRIL 30, 2003 Printed for the use of the Committee on Foreign Relations Available via the World Wide Web: http://www.access.gpo.gov/congress/ senate 89-219 U.S. GOVERNMENT PRINTING OFFICE WASHINGTON : 2003 For Sale by the Superintendent of ...","","2003-04-30"
"699","Congressional Hearings","CHRG-108shrg90096","CHRG-108shrg90096","An Enlarged NATO: Mending Fences and Moving Forward on Iraq","https://www.govinfo.gov/app/details/CHRG-108shrg90096/CHRG-108shrg90096","https://www.govinfo.gov/content/pkg/CHRG-108shrg90096/pdf/CHRG-108shrg90096.pdf","411.2 KB","https://www.govinfo.gov/content/pkg/CHRG-108shrg90096/html/CHRG-108shrg90096.htm","258.7 KB","","0 B","","0 B","","0 B"," HUNDRED EIGHTH CONGRESS FIRST SESSION APRIL 29, 2003 Printed for the use of the Committee on Foreign Relations Available via the World Wide Web: http://www.access.gpo.gov/congress/ senate 90-096 U.S. GOVERNMENT PRINTING OFFICE WASHINGTON : 2003 For Sale by the Superintendent of Documents, U.S. Government Printing Office Internet: ...","","2003-04-29"
"700","Congressional Hearings","CHRG-108shrg89090","CHRG-108shrg89090","Trafficking in Women and Children in East Asia and Beyond: A Review of U.S. Policy","https://www.govinfo.gov/app/details/CHRG-108shrg89090/CHRG-108shrg89090","https://www.govinfo.gov/content/pkg/CHRG-108shrg89090/pdf/CHRG-108shrg89090.pdf","337.2 KB","https://www.govinfo.gov/content/pkg/CHRG-108shrg89090/html/CHRG-108shrg89090.htm","163.9 KB","","0 B","","0 B","","0 B","PACIFIC AFFAIRS OF THE COMMITTEE ON FOREIGN RELATIONS UNITED STATES SENATE ONE HUNDRED EIGHTH CONGRESS FIRST SESSION APRIL 9, 2003 Printed for the use of the Committee on Foreign Relations Available via the World Wide Web: http://www.access.gpo.gov/congress/ senate For Sale by the Superintendent of Documents, U.S. Government Printing Office ...","","2003-04-09"
"701","Congressional Hearings","CHRG-108shrg88999","CHRG-108shrg88999","Overview of Global Energy Security Issues","https://www.govinfo.gov/app/details/CHRG-108shrg88999/CHRG-108shrg88999","https://www.govinfo.gov/content/pkg/CHRG-108shrg88999/pdf/CHRG-108shrg88999.pdf","1.2 MB","https://www.govinfo.gov/content/pkg/CHRG-108shrg88999/html/CHRG-108shrg88999.htm","279.0 KB","","0 B","","0 B","","0 B"," OF THE COMMITTEE ON FOREIGN RELATIONS UNITED STATES SENATE ONE HUNDRED EIGHTH CONGRESS FIRST SESSION APRIL 8, 2003 Printed for the use of the Committee on Foreign Relations Available via the World Wide Web: http://www.access.gpo.gov/congress/ senate 88-999 U.S. GOVERNMENT PRINTING OFFICE WASHINGTON : 2003 For Sale by the Superintendent of ...","","2003-04-08"
"702","Congressional Hearings","CHRG-108shrg88760","CHRG-108shrg88760","Foreign Assistance Oversight (Part II)","https://www.govinfo.gov/app/details/CHRG-108shrg88760/CHRG-108shrg88760","https://www.govinfo.gov/content/pkg/CHRG-108shrg88760/pdf/CHRG-108shrg88760.pdf","5.0 MB","https://www.govinfo.gov/content/pkg/CHRG-108shrg88760/html/CHRG-108shrg88760.htm","419.3 KB","","0 B","","0 B","","0 B"," FIRST SESSION APRIL 2, 2003 Printed for the use of the Committee on Foreign Relations Available via the World Wide Web: http://www.access.gpo.gov/congress/ senate U.S. GOVERNMENT PRINTING OFFICE WASHINGTON : 2003 88-760 PDF For Sale by the Superintendent of Documents, U.S. Government Printing Office Internet: bookstore.gpr.gov Phone: toll free ...","","2003-04-02"
"703","Congressional Hearings","CHRG-108shrg90325","CHRG-108shrg90325","NATO Enlargement: Qualifications and Contributions","https://www.govinfo.gov/app/details/CHRG-108shrg90325/CHRG-108shrg90325","https://www.govinfo.gov/content/pkg/CHRG-108shrg90325/pdf/CHRG-108shrg90325.pdf","4.9 MB","https://www.govinfo.gov/content/pkg/CHRG-108shrg90325/html/CHRG-108shrg90325.htm","781.5 KB","","0 B","","0 B","","0 B"," ONE HUNDRED EIGHTH CONGRESS FIRST SESSION MARCH 27, AND APRIL 1, 3 AND 8, 2003 Printed for the use of the Committee on Foreign Relations Available via the World Wide Web: http://www.access.gpo.gov/congress/ senate U.S. GOVERNMENT PRINTING OFFICE 90-325 wASHINGTON : 2003 For Sale by the Superintendent of Documents, U.S. Government Printing Office ...","","2003-03-27"
"704","Congressional Hearings","CHRG-108shrg88719","CHRG-108shrg88719","Foreign Assistance Oversight (Part I)","https://www.govinfo.gov/app/details/CHRG-108shrg88719/CHRG-108shrg88719","https://www.govinfo.gov/content/pkg/CHRG-108shrg88719/pdf/CHRG-108shrg88719.pdf","460.3 KB","https://www.govinfo.gov/content/pkg/CHRG-108shrg88719/html/CHRG-108shrg88719.htm","317.5 KB","","0 B","","0 B","","0 B"," FIRST SESSION MARCH 26, 2003 Printed for the use of the Committee on Foreign Relations Available via the World Wide Web: http://www.access.gpo.gov/congress/ senate U.S. GOVERNMENT PRINTING OFFICE WASHINGTON : 2003 88-719 PDF For Sale by the Superintendent of Documents, U.S. Government Printing Office Internet: bookstore.gpr.gov Phone: toll free ...","","2003-03-26"
"705","Congressional Hearings","CHRG-108shrg88151","CHRG-108shrg88151","Safer Embassies in Unsafe Places","https://www.govinfo.gov/app/details/CHRG-108shrg88151/CHRG-108shrg88151","https://www.govinfo.gov/content/pkg/CHRG-108shrg88151/pdf/CHRG-108shrg88151.pdf","33.9 MB","https://www.govinfo.gov/content/pkg/CHRG-108shrg88151/html/CHRG-108shrg88151.htm","209.1 KB","","0 B","","0 B","","0 B"," SESSION MARCH 20, 2003 Printed for the use of the Committee on Foreign Relations Available via the World Wide Web: http://www.access.gpo.gov/congress/ senate 88-151 U.S. GOVERNMENT PRINTING OFFICE WASHINGTON : 2003 For Sale by the Superintendent of Documents, U.S. Government Printing Office Internet: bookstore.gpr.gov Phone: toll free (866) 512...","","2003-03-20"
"706","Congressional Hearings","CHRG-108shrg87990","CHRG-108shrg87990","Examining the Effects and Consequences of an Emerging China","https://www.govinfo.gov/app/details/CHRG-108shrg87990/CHRG-108shrg87990","https://www.govinfo.gov/content/pkg/CHRG-108shrg87990/pdf/CHRG-108shrg87990.pdf","428.1 KB","https://www.govinfo.gov/content/pkg/CHRG-108shrg87990/html/CHRG-108shrg87990.htm","275.7 KB","","0 B","","0 B","","0 B"," ON FOREIGN RELATIONS UNITED STATES SENATE ONE HUNDRED EIGHTH CONGRESS FIRST SESSION MARCH 19, 2003 Printed for the use of the Committee on Foreign Relations Available via the World Wide Web: http://www.access.gpo.gov/congress/ senate 87-990 U.S. GOVERNMENT PRINTING OFFICE WASHINGTON : 2003 For Sale by the Superintendent of Documents, U.S. ...","","2003-03-19"
"707","Congressional Hearings","CHRG-108shrg87824","CHRG-108shrg87824","Nonproliferation Programs of the Department of State","https://www.govinfo.gov/app/details/CHRG-108shrg87824/CHRG-108shrg87824","https://www.govinfo.gov/content/pkg/CHRG-108shrg87824/pdf/CHRG-108shrg87824.pdf","3.7 MB","https://www.govinfo.gov/content/pkg/CHRG-108shrg87824/html/CHRG-108shrg87824.htm","425.7 KB","","0 B","","0 B","","0 B"," EIGHTH CONGRESS FIRST SESSION MARCH 19, 2003 Printed for the use of the Committee on Foreign Relations Available via the World Wide Web: http://www.access.gpo.gov/congress/ senate 87-824 U.S. GOVERNMENT PRINTING OFFICE WASHINGTON : 2003 For Sale by the Superintendent of Documents, U.S. Government Printing Office Internet: bookstore.gpr.gov Phone:...","","2003-03-19"
"708","Congressional Hearings","CHRG-108shrg89041","CHRG-108shrg89041","Diplomacy and the War on Terrorism","https://www.govinfo.gov/app/details/CHRG-108shrg89041/CHRG-108shrg89041","https://www.govinfo.gov/content/pkg/CHRG-108shrg89041/pdf/CHRG-108shrg89041.pdf","415.4 KB","https://www.govinfo.gov/content/pkg/CHRG-108shrg89041/html/CHRG-108shrg89041.htm","274.7 KB","","0 B","","0 B","","0 B","FIRST SESSION MARCH 18, 2003 Printed for the use of the Committee on Foreign Relations Available via the World Wide Web: http://www.access.gpo.gov/congress/ senate 89-041 U.S. GOVERNMENT PRINTING OFFICE WASHINGTON : 2003 For Sale by the Superintendent of Documents, U.S. Government Printing Office Internet: bookstore.gpr.gov Phone: toll free (866) ...","","2003-03-18"
"709","Congressional Hearings","CHRG-108shrg87871","CHRG-108shrg87871","Regional Implications of the Changing Nuclear Equation on the Korean Peninsula","https://www.govinfo.gov/app/details/CHRG-108shrg87871/CHRG-108shrg87871","https://www.govinfo.gov/content/pkg/CHRG-108shrg87871/pdf/CHRG-108shrg87871.pdf","406.1 KB","https://www.govinfo.gov/content/pkg/CHRG-108shrg87871/html/CHRG-108shrg87871.htm","251.1 KB","","0 B","","0 B","","0 B"," STATES SENATE ONE HUNDRED EIGHTH CONGRESS FIRST SESSION MARCH 12, 2003 Printed for the use of the Committee on Foreign Relations Available via the World Wide Web: http://www.access.gpo.gov/congress/ senate U.S. GOVERNMENT PRINTING OFFICE WASHINGTON : 2003 87-871 PDF For Sale by the Superintendent of Documents, U.S. Government Printing Office ...","","2003-03-12"
"710","Congressional Hearings","CHRG-108shrg87833","CHRG-108shrg87833","Iraq: Reconstruction","https://www.govinfo.gov/app/details/CHRG-108shrg87833/CHRG-108shrg87833","https://www.govinfo.gov/content/pkg/CHRG-108shrg87833/pdf/CHRG-108shrg87833.pdf","449.2 KB","https://www.govinfo.gov/content/pkg/CHRG-108shrg87833/html/CHRG-108shrg87833.htm","321.3 KB","","0 B","","0 B","","0 B","MARCH 11, 2003 Printed for the use of the Committee on Foreign Relations Available via the World Wide Web: http://www.access.gpo.gov/congress/ senate 87-833 U.S. GOVERNMENT PRINTING OFFICE WASHINGTON : 2003 For Sale by the Superintendent of Documents, U.S. Government Printing Office Internet: bookstore.gpr.gov Phone: toll free (866) 512-1800; (202)...","","2003-03-11"
"711","Congressional Hearings","CHRG-108shrg87821","CHRG-108shrg87821","An Agreed Framework for Dialog with North Korea","https://www.govinfo.gov/app/details/CHRG-108shrg87821/CHRG-108shrg87821","https://www.govinfo.gov/content/pkg/CHRG-108shrg87821/pdf/CHRG-108shrg87821.pdf","353.5 KB","https://www.govinfo.gov/content/pkg/CHRG-108shrg87821/html/CHRG-108shrg87821.htm","179.2 KB","","0 B","","0 B","","0 B"," CONGRESS FIRST SESSION MARCH 6, 2003 Printed for the use of the Committee on Foreign Relations Available via the World Wide Web: http://www.access.gpo.gov/congress/ senate 87-821 U.S. GOVERNMENT PRINTING OFFICE WASHINGTON : 2003 For Sale by the Superintendent of Documents, U.S. Government Printing Office Internet: bookstore.gpr.gov Phone: toll ...","","2003-03-06"
"712","Congressional Hearings","CHRG-108shrg87143","CHRG-108shrg87143","Tax Convention with the United Kingdom (T. Doc. 107-19) and Protocols Amending Tax Conventions with Australia (T. Doc. 107-20) and Mexico (T. Doc. 108-3)","https://www.govinfo.gov/app/details/CHRG-108shrg87143/CHRG-108shrg87143","https://www.govinfo.gov/content/pkg/CHRG-108shrg87143/pdf/CHRG-108shrg87143.pdf","341.5 KB","https://www.govinfo.gov/content/pkg/CHRG-108shrg87143/html/CHRG-108shrg87143.htm","185.6 KB","","0 B","","0 B","","0 B"," (T. DOC. 108-3) HEARING BEFORE THE COMMITTEE ON FOREIGN RELATIONS UNITED STATES SENATE ONE HUNDRED EIGHTH CONGRESS FIRST SESSION MARCH 5, 2003 Printed for the use of the Committee on Foreign Relations Available via the World Wide Web: http://www.access.gpo.gov/congress/ senate U.S. GOVERNMENT PRINTING OFFICE WASHINGTON : 2003 87-143 PDF For ...","","2003-03-05"
"713","Congressional Hearings","CHRG-108shrg87142","CHRG-108shrg87142","The Millennium Challenge Account: A New Way to Aid","https://www.govinfo.gov/app/details/CHRG-108shrg87142/CHRG-108shrg87142","https://www.govinfo.gov/content/pkg/CHRG-108shrg87142/pdf/CHRG-108shrg87142.pdf","501.5 KB","https://www.govinfo.gov/content/pkg/CHRG-108shrg87142/html/CHRG-108shrg87142.htm","391.6 KB","","0 B","","0 B","","0 B","EIGHTH CONGRESS FIRST SESSION MARCH 4, 2003 Printed for the use of the Committee on Foreign Relations Available via the World Wide Web: http://www.access.gpo.gov/congress/ senate U.S. GOVERNMENT PRINTING OFFICE WASHINGTON : 2003 87-142 PDF For Sale by the Superintendent of Documents, U.S. Government Printing Office Internet: bookstore.gpr.gov Phone...","","2003-03-04"
"714","Congressional Hearings","CHRG-108shrg87047","CHRG-108shrg87047","American Public Diplomacy and Islam","https://www.govinfo.gov/app/details/CHRG-108shrg87047/CHRG-108shrg87047","https://www.govinfo.gov/content/pkg/CHRG-108shrg87047/pdf/CHRG-108shrg87047.pdf","1.5 MB","https://www.govinfo.gov/content/pkg/CHRG-108shrg87047/html/CHRG-108shrg87047.htm","318.7 KB","","0 B","","0 B","","0 B"," FIRST SESSION FEBRUARY 27, 2003 Printed for the use of the Committee on Foreign Relations Available via the World Wide Web: http://www.access.gpo.gov/congress/ senate 87-047 U.S. GOVERNMENT PRINTING OFFICE WASHINGTON : 2003 For Sale by the Superintendent of Documents, U.S. Government Printing Office Internet: bookstore.gpr.gov Phone: toll free (...","","2003-02-27"
"715","Congressional Hearings","CHRG-108shrg88718","CHRG-108shrg88718","World Hunger from Africa to North Korea","https://www.govinfo.gov/app/details/CHRG-108shrg88718/CHRG-108shrg88718","https://www.govinfo.gov/content/pkg/CHRG-108shrg88718/pdf/CHRG-108shrg88718.pdf","463.4 KB","https://www.govinfo.gov/content/pkg/CHRG-108shrg88718/html/CHRG-108shrg88718.htm","323.2 KB","","0 B","","0 B","","0 B"," FIRST SESSION FEBRUARY 25, 2003 Printed for the use of the Committee on Foreign Relations Available via the World Wide Web: http://www.access.gpo.gov/congress/ senate U.S. GOVERNMENT PRINTING OFFICE WASHINGTON : 2003 88-718 PDF For Sale by the Superintendent of Documents, U.S. Government Printing Office Internet: bookstore.gpr.gov Phone: toll ...","","2003-02-25"
"716","Congressional Hearings","CHRG-108shrg87575","CHRG-108shrg87575","The Reconstruction of Afghanistan: An Update","https://www.govinfo.gov/app/details/CHRG-108shrg87575/CHRG-108shrg87575","https://www.govinfo.gov/content/pkg/CHRG-108shrg87575/pdf/CHRG-108shrg87575.pdf","400.8 KB","https://www.govinfo.gov/content/pkg/CHRG-108shrg87575/html/CHRG-108shrg87575.htm","237.8 KB","","0 B","","0 B","","0 B"," CONGRESS FIRST SESSION FEBRUARY 12, 2003 Printed for the use of the Committee on Foreign Relations Available via the World Wide Web: http://www.access.gpo.gov/congress/ senate 87-575 U.S. GOVERNMENT PRINTING OFFICE WASHINGTON : 2003 For Sale by the Superintendent of Documents, U.S. Government Printing Office Internet: bookstore.gpr.gov Phone: toll...","","2003-02-12"
"717","Congressional Hearings","CHRG-108shrg87678","CHRG-108shrg87678","The Future of Iraq","https://www.govinfo.gov/app/details/CHRG-108shrg87678/CHRG-108shrg87678","https://www.govinfo.gov/content/pkg/CHRG-108shrg87678/pdf/CHRG-108shrg87678.pdf","469.9 KB","https://www.govinfo.gov/content/pkg/CHRG-108shrg87678/html/CHRG-108shrg87678.htm","338.9 KB","","0 B","","0 B","","0 B"," 11, 2003 Printed for the use of the Committee on Foreign Relations Available via the World Wide Web: http://www.access.gpo.gov/congress/ senate 87-678 U.S. GOVERNMENT PRINTING OFFICE WASHINGTON : 2003 For Sale by the Superintendent of Documents, U.S. Government Printing Office Internet: bookstore.gpr.gov Phone: toll free (866) 512-1800; (202...","","2003-02-11"
"718","Congressional Hearings","CHRG-108shrg86894","CHRG-108shrg86894","Foreign Affairs Budget","https://www.govinfo.gov/app/details/CHRG-108shrg86894/CHRG-108shrg86894","https://www.govinfo.gov/content/pkg/CHRG-108shrg86894/pdf/CHRG-108shrg86894.pdf","544.0 KB","https://www.govinfo.gov/content/pkg/CHRG-108shrg86894/html/CHRG-108shrg86894.htm","448.9 KB","","0 B","","0 B","","0 B"," FEBRUARY 6, 2003 Printed for the use of the Committee on Foreign Relations Available via the World Wide Web: http://www.access.gpo.gov/congress/ senate 86-894 U.S. GOVERNMENT PRINTING OFFICE WASHINGTON : 2003 For Sale by the Superintendent of Documents, U.S. Government Printing Office Internet: bookstore.gpr.gov Phone: toll free (866) 512-1800; (...","","2003-02-06"
"719","Congressional Hearings","CHRG-108shrg85795","CHRG-108shrg85795","WMD Developments on the Korean Peninsula","https://www.govinfo.gov/app/details/CHRG-108shrg85795/CHRG-108shrg85795","https://www.govinfo.gov/content/pkg/CHRG-108shrg85795/pdf/CHRG-108shrg85795.pdf","419.2 KB","https://www.govinfo.gov/content/pkg/CHRG-108shrg85795/html/CHRG-108shrg85795.htm","249.3 KB","","0 B","","0 B","","0 B"," FIRST SESSION FEBRUARY 4, 2003 Printed for the use of the Committee on Foreign Relations Available via the World Wide Web: http://www.access.gpo.gov/congress/ senate 85-795 U.S. GOVERNMENT PRINTING OFFICE WASHINGTON : 2003 For Sale by the Superintendent of Documents, U.S. Government Printing Office Internet: bookstore.gpr.gov Phone: toll free...","","2003-02-04"
"720","Congressional Hearings","CHRG-108shrg85796","CHRG-108shrg85796","The January 27 Unmovic and Iaea Reports to the U.N. Security Council on Inspections in Iraq","https://www.govinfo.gov/app/details/CHRG-108shrg85796/CHRG-108shrg85796","https://www.govinfo.gov/content/pkg/CHRG-108shrg85796/pdf/CHRG-108shrg85796.pdf","449.3 KB","https://www.govinfo.gov/content/pkg/CHRG-108shrg85796/html/CHRG-108shrg85796.htm","295.8 KB","","0 B","","0 B","","0 B"," UNITED STATES SENATE ONE HUNDRED EIGHTH CONGRESS FIRST SESSION JANUARY 30, 2003 Printed for the use of the Committee on Foreign Relations Available via the World Wide Web: http://www.access.gpo.gov/congress/ senate U. S. GOVERNMENT PRINTING OFFICE 85-796 WASHINGTON : 2003 For Sale by the Superintendent of Documents, U.S. Government Printing...","","2003-01-27"
"721","Congressional Hearings","CHRG-107shrg83470","CHRG-107shrg83470","Weak States in Africa: U.S. Policy in Angola","https://www.govinfo.gov/app/details/CHRG-107shrg83470/CHRG-107shrg83470","https://www.govinfo.gov/content/pkg/CHRG-107shrg83470/pdf/CHRG-107shrg83470.pdf","316.8 KB","https://www.govinfo.gov/content/pkg/CHRG-107shrg83470/html/CHRG-107shrg83470.htm","130.7 KB","","0 B","","0 B","","0 B"," UNITED STATES SENATE ONE HUNDRED SEVENTH CONGRESS SECOND SESSION OCTOBER 16, 2002 Printed for the use of the Committee on Foreign Relations Available via the World Wide Web: http://www.access.gpo.gov/congress/ senate U.S. GOVERNMENT PRINTING OFFICE 83-470 WASHINGTON : 2002 For Sale by the Superintendent of Documents, U.S. Government Printing ...","","2002-10-16"
"722","Congressional Hearings","CHRG-107shrg83464","CHRG-107shrg83464","A Progress Report on 10 + 10 over 10","https://www.govinfo.gov/app/details/CHRG-107shrg83464/CHRG-107shrg83464","https://www.govinfo.gov/content/pkg/CHRG-107shrg83464/pdf/CHRG-107shrg83464.pdf","495.2 KB","https://www.govinfo.gov/content/pkg/CHRG-107shrg83464/html/CHRG-107shrg83464.htm","358.4 KB","","0 B","","0 B","","0 B"," SECOND SESSION OCTOBER 9, 2002 Printed for the use of the Committee on Foreign Relations Available via the World Wide Web: http://www.access.gpo.gov/congress/ senate 83-464 U.S. GOVERNMENT PRINTING OFFICE WASHINGTON : 2003 For Sale by the Superintendent of Documents, U.S. Government Printing Office Internet: bookstore.gpr.gov Phone: toll free (...","","2002-10-09"
"723","Congressional Hearings","CHRG-107shrg83463","CHRG-107shrg83463","Next Steps in Iraq","https://www.govinfo.gov/app/details/CHRG-107shrg83463/CHRG-107shrg83463","https://www.govinfo.gov/content/pkg/CHRG-107shrg83463/pdf/CHRG-107shrg83463.pdf","643.0 KB","https://www.govinfo.gov/content/pkg/CHRG-107shrg83463/html/CHRG-107shrg83463.htm","538.7 KB","","0 B","","0 B","","0 B"," SEPTEMBER 25 AND 26, 2002 Printed for the use of the Committee on Foreign Relations Available via the World Wide Web: http://www.access.gpo.gov/congress/ senate U.S. GOVERNMENT PRINTING OFFICE 83-463 WASHINGTON : 2003 For Sale by the Superintendent of Documents, U.S. Government Printing Office Internet: bookstore.gpo.gov Phone: toll free (866) ...","","2002-09-25"
"724","Congressional Hearings","CHRG-107shrg82266","CHRG-107shrg82266","Law Enforcement Treaties","https://www.govinfo.gov/app/details/CHRG-107shrg82266/CHRG-107shrg82266","https://www.govinfo.gov/content/pkg/CHRG-107shrg82266/pdf/CHRG-107shrg82266.pdf","224.6 KB","https://www.govinfo.gov/content/pkg/CHRG-107shrg82266/html/CHRG-107shrg82266.htm","153.8 KB","","0 B","","0 B","","0 B"," SEPTEMBER 19, 2002 Printed for the use of the Committee on Foreign Relations Available via the World Wide Web: http://www.access.gpo.gov/congress/ senate U. S. GOVERNMENT PRINTING OFFICE 82-266 WASHINGTON : 2002 For Sale by the Superintendent of Documents, U.S. Government Printing Office Internet: bookstore.gpo.gov Phone: toll free (866) 512...","","2002-09-19"
"725","Congressional Hearings","CHRG-107shrg83342","CHRG-107shrg83342","Replenishment Authorizations for the World Bank's International Development Association, the Asian Development Fund, and the African Development Fund","https://www.govinfo.gov/app/details/CHRG-107shrg83342/CHRG-107shrg83342","https://www.govinfo.gov/content/pkg/CHRG-107shrg83342/pdf/CHRG-107shrg83342.pdf","371.2 KB","https://www.govinfo.gov/content/pkg/CHRG-107shrg83342/html/CHRG-107shrg83342.htm","207.9 KB","","0 B","","0 B","","0 B","DEVELOPMENT FUND HEARING BEFORE THE SUBCOMMITTEE ON INTERNATIONAL ECONOMIC POLICY, EXPORT AND TRADE PROMOTION OF THE COMMITTEE ON FOREIGN RELATIONS UNITED STATES SENATE ONE HUNDRED SEVENTH CONGRESS SECOND SESSION SEPTEMBER 12, 2002 Printed for the use of the Committee on Foreign Relations Available via the World Wide Web: http://www.access.gpo.gov/...","","2002-09-12"
"726","Congressional Hearings","CHRG-107shrg81697","CHRG-107shrg81697","Hearings to Examine Threats, Responses, and Regional Considerations Surrounding Iraq","https://www.govinfo.gov/app/details/CHRG-107shrg81697/CHRG-107shrg81697","https://www.govinfo.gov/content/pkg/CHRG-107shrg81697/pdf/CHRG-107shrg81697.pdf","1.3 MB","https://www.govinfo.gov/content/pkg/CHRG-107shrg81697/html/CHRG-107shrg81697.htm","1.0 MB","","0 B","","0 B","","0 B"," UNITED STATES SENATE ONE HUNDRED SEVENTH CONGRESS SECOND SESSION JULY 31 AND AUGUST 1, 2002 Printed for the use of the Committee on Foreign Relations Available via the World Wide Web: http://www.access.gpo.gov/congress/ senate U. S. GOVERNMENT PRINTING OFFICE 81-697 WASHINGTON : 2002 For Sale by the Superintendent of Documents, U.S. Government ...","","2002-07-31"
"727","Congressional Hearings","CHRG-107shrg83718","CHRG-107shrg83718","Implementation of Environmental Treaties","https://www.govinfo.gov/app/details/CHRG-107shrg83718/CHRG-107shrg83718","https://www.govinfo.gov/content/pkg/CHRG-107shrg83718/pdf/CHRG-107shrg83718.pdf","7.2 MB","https://www.govinfo.gov/content/pkg/CHRG-107shrg83718/html/CHRG-107shrg83718.htm","1.1 MB","","0 B","","0 B","","0 B","COMMITTEE ON FOREIGN RELATIONS UNITED STATES SENATE ONE HUNDRED SEVENTH CONGRESS SECOND SESSION ON JULY 24, 2002 Printed for the use of the Committee on Environment and Public Works and the Committee on Foreign Relations U. S. GOVERNMENT PRINTING OFFICE 83-718 WASHINGTON : 2003 For Sale by the Superintendent of Documents, U.S. Government Printing ...","","2002-07-24"
"728","Congressional Hearings","CHRG-107shrg83166","CHRG-107shrg83166","Implementing U.S. Policy in Sudan","https://www.govinfo.gov/app/details/CHRG-107shrg83166/CHRG-107shrg83166","https://www.govinfo.gov/content/pkg/CHRG-107shrg83166/pdf/CHRG-107shrg83166.pdf","751.3 KB","https://www.govinfo.gov/content/pkg/CHRG-107shrg83166/html/CHRG-107shrg83166.htm","299.1 KB","","0 B","","0 B","","0 B"," SENATE ONE HUNDRED SEVENTH CONGRESS SECOND SESSION JULY 11, 2002 Printed for the use of the Committee on Foreign Relations Available via the World Wide Web: http://www.access.gpo.gov/congress/ senate U.S. GOVERNMENT PRINTING OFFICE 83-166 WASHINGTON : 2002 For Sale by the Superintendent of Documents, U.S. Government Printing Office Internet: ...","","2002-07-11"
"729","Congressional Hearings","CHRG-107shrg81339","CHRG-107shrg81339","Treaty on Strategic Offensive Reduction: The Moscow Treaty","https://www.govinfo.gov/app/details/CHRG-107shrg81339/CHRG-107shrg81339","https://www.govinfo.gov/content/pkg/CHRG-107shrg81339/pdf/CHRG-107shrg81339.pdf","1.1 MB","https://www.govinfo.gov/content/pkg/CHRG-107shrg81339/html/CHRG-107shrg81339.htm","263.7 KB","","0 B","","0 B","","0 B"," HUNDRED SEVENTH CONGRESS SECOND SESSION JULY 9, 17, 23, and September 12, 2002 Printed for the use of the Committee on Foreign Relations Available via the World Wide Web: http://www.access.gpo.gov/congress/ senate U. S. GOVERNMENT PRINTING OFFICE 81-339 WASHINGTON : 2002 For Sale by the Superintendent of Documents, U.S. Government Printing Office...","","2002-07-09"
"730","Congressional Hearings","CHRG-107shrg82602","CHRG-107shrg82602","Balancing Military Assistance and Support for Human Rights in Central Asia","https://www.govinfo.gov/app/details/CHRG-107shrg82602/CHRG-107shrg82602","https://www.govinfo.gov/content/pkg/CHRG-107shrg82602/pdf/CHRG-107shrg82602.pdf","396.3 KB","https://www.govinfo.gov/content/pkg/CHRG-107shrg82602/html/CHRG-107shrg82602.htm","245.5 KB","","0 B","","0 B","","0 B","CAUCASUS OF THE COMMITTEE ON FOREIGN RELATIONS UNITED STATES SENATE ONE HUNDRED SEVENTH CONGRESS SECOND SESSION JUNE 27, 2002 Printed for the use of the Committee on Foreign Relations Available via the World Wide Web: http://www.access.gpo.gov/congress/ senate U.S. GOVERNMENT PRINTING OFFICE 82-602 WASHINGTON : 2002 For Sale by the Superintendent ...","","2002-06-27"
"731","Congressional Hearings","CHRG-107shrg82115","CHRG-107shrg82115","Afghanistan: Building Stability, Avoiding Chaos","https://www.govinfo.gov/app/details/CHRG-107shrg82115/CHRG-107shrg82115","https://www.govinfo.gov/content/pkg/CHRG-107shrg82115/pdf/CHRG-107shrg82115.pdf","609.2 KB","https://www.govinfo.gov/content/pkg/CHRG-107shrg82115/html/CHRG-107shrg82115.htm","232.4 KB","","0 B","","0 B","","0 B"," CONGRESS SECOND SESSION JUNE 26, 2002 Printed for the use of the Committee on Foreign Relations Available via the World Wide Web: http://www.access.gpo.gov/congress/ senate U. S. GOVERNMENT PRINTING OFFICE 82-115 WASHINGTON : 2002 For Sale by the Superintendent of Documents, U.S. Government Printing Office Internet: bookstore.gpo.gov Phone: ...","","2002-06-26"
"732","Congressional Hearings","CHRG-107shrg82102","CHRG-107shrg82102","The Peace Corps","https://www.govinfo.gov/app/details/CHRG-107shrg82102/CHRG-107shrg82102","https://www.govinfo.gov/content/pkg/CHRG-107shrg82102/pdf/CHRG-107shrg82102.pdf","254.7 KB","https://www.govinfo.gov/content/pkg/CHRG-107shrg82102/html/CHRG-107shrg82102.htm","176.6 KB","","0 B","","0 B","","0 B","RELATIONS UNITED STATES SENATE ONE HUNDRED SEVENTH CONGRESS SECOND SESSION JUNE 25, 2002 Printed for the use of the Committee on Foreign Relations Available via the World Wide Web: http://www.access.gpo.gov/congress/ senate U. S. GOVERNMENT PRINTING OFFICE 82-102 WASHINGTON : 2002 For Sale by the Superintendent of Documents, U.S. Government ...","","2002-06-25"
"733","Congressional Hearings","CHRG-107shrg82470","CHRG-107shrg82470","Bridges to the Cuban People Act of 2001, S. 1017","https://www.govinfo.gov/app/details/CHRG-107shrg82470/CHRG-107shrg82470","https://www.govinfo.gov/content/pkg/CHRG-107shrg82470/pdf/CHRG-107shrg82470.pdf","290.7 KB","https://www.govinfo.gov/content/pkg/CHRG-107shrg82470/html/CHRG-107shrg82470.htm","224.8 KB","","0 B","","0 B","","0 B"," OF THE COMMITTEE ON FOREIGN RELATIONS UNITED STATES SENATE ONE HUNDRED SEVENTH CONGRESS SECOND SESSION JUNE 19, 2002 Printed for the use of the Committee on Foreign Relations Available via the World Wide Web: http://www.access.gpo.gov/congress/ senate U. S. GOVERNMENT PRINTING OFFICE 82-470 WASHINGTON : 2002 For Sale by the Superintendent of ...","","2002-06-19"
"734","Congressional Hearings","CHRG-107shrg80461","CHRG-107shrg80461","Treaty Doc. 96-53; Convention on the Elimination of All Forms of Discrimination Against Women, Adopted by the U.N. General Assembly on December 18, 1979, and Signed on Behalf of the United States of America on July 17, 1980","https://www.govinfo.gov/app/details/CHRG-107shrg80461/CHRG-107shrg80461","https://www.govinfo.gov/content/pkg/CHRG-107shrg80461/pdf/CHRG-107shrg80461.pdf","1.3 MB","https://www.govinfo.gov/content/pkg/CHRG-107shrg80461/html/CHRG-107shrg80461.htm","592.7 KB","","0 B","","0 B","","0 B"," DECEMBER 18, 1979, AND SIGNED ON BEHALF OF THE UNITED STATES OF AMERICA ON JULY 17, 1980 HEARING BEFORE THE COMMITTEE ON FOREIGN RELATIONS UNITED STATES SENATE ONE HUNDRED SEVENTH CONGRESS SECOND SESSION JUNE 13, 2002 Printed for the use of the Committee on Foreign Relations Available via the World Wide Web: http://www.access.gpo.gov/congress/ ...","","2002-06-13"
"735","Congressional Hearings","CHRG-107shrg81880","CHRG-107shrg81880","America's Global Dialog: Sharing American Values and the Way Ahead for Public Diplomacy","https://www.govinfo.gov/app/details/CHRG-107shrg81880/CHRG-107shrg81880","https://www.govinfo.gov/content/pkg/CHRG-107shrg81880/pdf/CHRG-107shrg81880.pdf","338.6 KB","https://www.govinfo.gov/content/pkg/CHRG-107shrg81880/html/CHRG-107shrg81880.htm","296.9 KB","","0 B","","0 B","","0 B"," UNITED STATES SENATE ONE HUNDRED SEVENTH CONGRESS SECOND SESSION JUNE 11, 2002 Printed for the use of the Committee on Foreign Relations Available via the World Wide Web: http://www.access.gpo.gov/congress/ senate ? U. S. GOVERNMENT PRINTING OFFICE 81-880 WASHINGTON : 2002 For Sale by the Superintendent of Documents, U.S. Government Printing ...","","2002-06-11"
"736","Congressional Hearings","CHRG-107shrg81759","CHRG-107shrg81759","Weak States in Africa: U.S. Policy in Liberia","https://www.govinfo.gov/app/details/CHRG-107shrg81759/CHRG-107shrg81759","https://www.govinfo.gov/content/pkg/CHRG-107shrg81759/pdf/CHRG-107shrg81759.pdf","281.4 KB","https://www.govinfo.gov/content/pkg/CHRG-107shrg81759/html/CHRG-107shrg81759.htm","230.8 KB","","0 B","","0 B","","0 B"," UNITED STATES SENATE ONE HUNDRED SEVENTH CONGRESS SECOND SESSION JUNE 11, 2002 Printed for the use of the Committee on Foreign Relations Available via the World Wide Web: http://www.access.gpo.gov/congress/ senate U. S. GOVERNMENT PRINTING OFFICE 81-759 WASHINGTON : 2002 For Sale by the Superintendent of Documents, U.S. Government Printing Office...","","2002-06-11"
"737","Congressional Hearings","CHRG-107shrg82407","CHRG-107shrg82407","Cuba's Pursuit of Biological Weapons: Fact or Fiction?","https://www.govinfo.gov/app/details/CHRG-107shrg82407/CHRG-107shrg82407","https://www.govinfo.gov/content/pkg/CHRG-107shrg82407/pdf/CHRG-107shrg82407.pdf","283.1 KB","https://www.govinfo.gov/content/pkg/CHRG-107shrg82407/html/CHRG-107shrg82407.htm","176.4 KB","","0 B","","0 B","","0 B"," COMMITTEE ON FOREIGN RELATIONS UNITED STATES SENATE ONE HUNDRED SEVENTH CONGRESS SECOND SESSION JUNE 5, 2002 Printed for the use of the Committee on Foreign Relations Available via the World Wide Web: http://www.access.gpo.gov/congress/ senate U. S. GOVERNMENT PRINTING OFFICE 82-407 WASHINGTON : 2002 For Sale by the Superintendent of Documents, ...","","2002-06-05"
"738","Congressional Hearings","CHRG-107shrg81760","CHRG-107shrg81760","Examining the Nuclear Posture Review","https://www.govinfo.gov/app/details/CHRG-107shrg81760/CHRG-107shrg81760","https://www.govinfo.gov/content/pkg/CHRG-107shrg81760/pdf/CHRG-107shrg81760.pdf","309.5 KB","https://www.govinfo.gov/content/pkg/CHRG-107shrg81760/html/CHRG-107shrg81760.htm","238.2 KB","","0 B","","0 B","","0 B"," SECOND SESSION MAY 16, 2002 Printed for the use of the Committee on Foreign Relations Available via the World Wide Web: http://www.access.gpo.gov/congress/ senate U. S. GOVERNMENT PRINTING OFFICE 81-670 WASHINGTON : 2002 For Sale by the Superintendent of Documents, U.S. Government Printing Office Internet: bookstore.gpo.gov Phone: toll free (...","","2002-05-16"
"739","Congressional Hearings","CHRG-107shrg81051","CHRG-107shrg81051","Hearing to Consider 6 Treaties","https://www.govinfo.gov/app/details/CHRG-107shrg81051/CHRG-107shrg81051","https://www.govinfo.gov/content/pkg/CHRG-107shrg81051/pdf/CHRG-107shrg81051.pdf","213.7 KB","https://www.govinfo.gov/content/pkg/CHRG-107shrg81051/html/CHRG-107shrg81051.htm","125.6 KB","","0 B","","0 B","","0 B"," SESSION MAY 7, 2002 Printed for the use of the Committee on Foreign Relations Available via the World Wide Web: http://www.access.gpo.gov/congress/ senate U.S. GOVERNMENT PRINTING OFFICE 81-051 WASHINGTON : 2002 For Sale by the Superintendent of Documents, U.S. Government Printing Office Internet: bookstore.gpo.gov Phone: toll free (866) 512-...","","2002-05-07"
"740","Congressional Hearings","CHRG-107shrg81762","CHRG-107shrg81762","Protecting U.S. Citizens Abroad from Terrorism","https://www.govinfo.gov/app/details/CHRG-107shrg81762/CHRG-107shrg81762","https://www.govinfo.gov/content/pkg/CHRG-107shrg81762/pdf/CHRG-107shrg81762.pdf","237.8 KB","https://www.govinfo.gov/content/pkg/CHRG-107shrg81762/html/CHRG-107shrg81762.htm","157.9 KB","","0 B","","0 B","","0 B"," ON FOREIGN RELATIONS UNITED STATES SENATE ONE HUNDRED SEVENTH CONGRESS SECOND SESSION MAY 2, 2002 Printed for the use of the Committee on Foreign Relations Available via the World Wide Web: http://www.access.gpo.gov/congress/ senate U. S. GOVERNMENT PRINTING OFFICE 81-762 WASHINGTON : 2002 For Sale by the Superintendent of Documents, U.S. ...","","2002-05-02"
"741","Congressional Hearings","CHRG-107shrg81761","CHRG-107shrg81761","The Future of NATO","https://www.govinfo.gov/app/details/CHRG-107shrg81761/CHRG-107shrg81761","https://www.govinfo.gov/content/pkg/CHRG-107shrg81761/pdf/CHRG-107shrg81761.pdf","319.4 KB","https://www.govinfo.gov/content/pkg/CHRG-107shrg81761/html/CHRG-107shrg81761.htm","264.9 KB","","0 B","","0 B","","0 B"," MAY 1, 2002 Printed for the use of the Committee on Foreign Relations Available via the World Wide Web: http://www.access.gpo.gov/congress/ senate U. S. GOVERNMENT PRINTING OFFICE 81-761 WASHINGTON : 2002 For Sale by the Superintendent of Documents, U.S. Government Printing Office Internet: bookstore.gpo.gov Phone: toll free (866) 512-1800; (202) ...","","2002-05-01"
"742","Congressional Hearings","CHRG-107shrg80847","CHRG-107shrg80847","U.S.-Colombia Policy: What's Next?","https://www.govinfo.gov/app/details/CHRG-107shrg80847/CHRG-107shrg80847","https://www.govinfo.gov/content/pkg/CHRG-107shrg80847/pdf/CHRG-107shrg80847.pdf","448.3 KB","https://www.govinfo.gov/content/pkg/CHRG-107shrg80847/html/CHRG-107shrg80847.htm","318.0 KB","","0 B","","0 B","","0 B"," ON FOREIGN RELATIONS UNITED STATES SENATE ONE HUNDRED SEVENTH CONGRESS SECOND SESSION APRIL 24, 2002 Printed for the use of the Committee on Foreign Relations Available via the World Wide Web: http://www.access.gpo.gov/congress/ senate U.S. GOVERNMENT PRINTING OFFICE 80-847 WASHINGTON : 2002 For Sale by the Superintendent of Documents, U.S....","","2002-04-24"
"743","Congressional Hearings","CHRG-107shrg81833","CHRG-107shrg81833","Increasing Our Nonproliferation Efforts in the Former Soviet Union","https://www.govinfo.gov/app/details/CHRG-107shrg81833/CHRG-107shrg81833","https://www.govinfo.gov/content/pkg/CHRG-107shrg81833/pdf/CHRG-107shrg81833.pdf","314.7 KB","https://www.govinfo.gov/content/pkg/CHRG-107shrg81833/html/CHRG-107shrg81833.htm","263.0 KB","","0 B","","0 B","","0 B"," ONE HUNDRED SEVENTH CONGRESS SECOND SESSION APRIL 23, 2002 Printed for the use of the Committee on Foreign Relations Available via the World Wide Web: http://www.access.gpo.gov/congress/ senate U. S. GOVERNMENT PRINTING OFFICE 81-833 WASHINGTON : 2002 For Sale by the Superintendent of Documents, U.S. Government Printing Office Internet: ...","","2002-04-23"
"744","Congressional Hearings","CHRG-107shrg80846","CHRG-107shrg80846","U.S.-Mexican Relations: The Unfinished Agenda","https://www.govinfo.gov/app/details/CHRG-107shrg80846/CHRG-107shrg80846","https://www.govinfo.gov/content/pkg/CHRG-107shrg80846/pdf/CHRG-107shrg80846.pdf","344.3 KB","https://www.govinfo.gov/content/pkg/CHRG-107shrg80846/html/CHRG-107shrg80846.htm","291.6 KB","","0 B","","0 B","","0 B"," OF THE COMMITTEE ON FOREIGN RELATIONS UNITED STATES SENATE ONE HUNDRED SEVENTH CONGRESS SECOND SESSION APRIL 16, 2002 Printed for the use of the Committee on Foreign Relations Available via the World Wide Web: http://www.access.gpo.gov/congress/ senate U. S. GOVERNMENT PRINTING OFFICE 80-846 WASHINGTON : 2002 For Sale by the Superintendent of ...","","2002-04-16"
"745","Congressional Hearings","CHRG-107shrg80845","CHRG-107shrg80845","Weak States in Africa--U.S. Policy Options in the Democratic Republic of the Congo","https://www.govinfo.gov/app/details/CHRG-107shrg80845/CHRG-107shrg80845","https://www.govinfo.gov/content/pkg/CHRG-107shrg80845/pdf/CHRG-107shrg80845.pdf","237.6 KB","https://www.govinfo.gov/content/pkg/CHRG-107shrg80845/html/CHRG-107shrg80845.htm","161.4 KB","","0 B","","0 B","","0 B"," OF THE COMMITTEE ON FOREIGN RELATIONS UNITED STATES SENATE ONE HUNDRED SEVENTH CONGRESS SECOND SESSION APRIL 9, 2002 Printed for the use of the Committee on Foreign Relations Available via the World Wide Web: http://www.access.gpo.gov/congress/ senate 80-845 U.S. GOVERNMENT PRINTING OFFICE WASHINGTON : 2002 For Sale by the Superintendent of ...","","2002-04-09"
"746","Congressional Hearings","CHRG-107shrg79961","CHRG-107shrg79961","Reducing the Threat of Chemical and Biological Weapons","https://www.govinfo.gov/app/details/CHRG-107shrg79961/CHRG-107shrg79961","https://www.govinfo.gov/content/pkg/CHRG-107shrg79961/pdf/CHRG-107shrg79961.pdf","470.7 KB","https://www.govinfo.gov/content/pkg/CHRG-107shrg79961/html/CHRG-107shrg79961.htm","334.8 KB","","0 B","","0 B","","0 B"," SEVENTH CONGRESS SECOND SESSION MARCH 19, 2002 Printed for the use of the Committee on Foreign Relations Available via the World Wide Web: http://www.access.gpo.gov/congress/ senate U.S. GOVERNMENT PRINTING OFFICE 79-961 WASHINGTON : 2002 For Sale by the Superintendent of Documents, U.S. Government Printing Office Internet: bookstore.gpo.gov ...","","2002-03-19"
"747","Congressional Hearings","CHRG-107shrg80844","CHRG-107shrg80844","Monitoring and Combating Trafficking in Persons: How Are We Doing?","https://www.govinfo.gov/app/details/CHRG-107shrg80844/CHRG-107shrg80844","https://www.govinfo.gov/content/pkg/CHRG-107shrg80844/pdf/CHRG-107shrg80844.pdf","318.6 KB","https://www.govinfo.gov/content/pkg/CHRG-107shrg80844/html/CHRG-107shrg80844.htm","274.3 KB","","0 B","","0 B","","0 B"," OF THE COMMITTEE ON FOREIGN RELATIONS UNITED STATES SENATE ONE HUNDRED SEVENTH CONGRESS SECOND SESSION MARCH 7, 2002 Printed for the use of the Committee on Foreign Relations Available via the World Wide Web: http://www.access.gpo.gov/congress/ senate 80-844 U.S. GOVERNMENT PRINTING OFFICE WASHINGTON : 2002 For Sale by the Superintendent of ...","","2002-03-07"
"748","Congressional Hearings","CHRG-107shrg80848","CHRG-107shrg80848","Dirty Bombs and Basement Nukes: The Terrorist Nuclear Threat","https://www.govinfo.gov/app/details/CHRG-107shrg80848/CHRG-107shrg80848","https://www.govinfo.gov/content/pkg/CHRG-107shrg80848/pdf/CHRG-107shrg80848.pdf","8.2 MB","https://www.govinfo.gov/content/pkg/CHRG-107shrg80848/html/CHRG-107shrg80848.htm","225.8 KB","","0 B","","0 B","","0 B"," HUNDRED SEVENTH CONGRESS SECOND SESSION MARCH 6, 2002 Printed for the use of the Committee on Foreign Relations Available via the World Wide Web: http://www.access.gpo.gov/congress/ senate U.S. GOVERNMENT PRINTING OFFICE 80-848 WASHINGTON : 2002 For Sale by the Superintendent of Documents, U.S. Government Printing Office Internet: ...","","2002-03-06"
"749","Congressional Hearings","CHRG-107shrg79323","CHRG-107shrg79323","U.S. Funding for the U.N. Population Fund: The Effect on Women's Lives","https://www.govinfo.gov/app/details/CHRG-107shrg79323/CHRG-107shrg79323","https://www.govinfo.gov/content/pkg/CHRG-107shrg79323/pdf/CHRG-107shrg79323.pdf","4.7 MB","https://www.govinfo.gov/content/pkg/CHRG-107shrg79323/html/CHRG-107shrg79323.htm","220.1 KB","","0 B","","0 B","","0 B"," TERRORISM OF THE COMMITTEE ON FOREIGN RELATIONS UNITED STATES SENATE ONE HUNDRED SEVENTH CONGRESS SECOND SESSION FEBRUARY 27, 2002 Printed for the use of the Committee on Foreign Relations Available via the World Wide Web: http://www.access.gpo.gov/congress/ senate U. S. GOVERNMENT PRINTING OFFICE 79-323 WASHINGTON : 2002 For Sale by the ...","","2002-02-27"
"750","Congressional Hearings","CHRG-107shrg77983","CHRG-107shrg77983","How Do We Promote Democratization, Poverty Alleviation, and Human Rights to Build a More Secure Future?","https://www.govinfo.gov/app/details/CHRG-107shrg77983/CHRG-107shrg77983","https://www.govinfo.gov/content/pkg/CHRG-107shrg77983/pdf/CHRG-107shrg77983.pdf","244.6 KB","https://www.govinfo.gov/content/pkg/CHRG-107shrg77983/html/CHRG-107shrg77983.htm","156.4 KB","","0 B","","0 B","","0 B","ON FOREIGN RELATIONS UNITED STATES SENATE ONE HUNDRED SEVENTH CONGRESS SECOND SESSION FEBRUARY 27, 2002 Printed for the use of the Committee on Foreign Relations Available via the World Wide Web: http://www.access.gpo.gov/congress/ senate U.S. GOVERNMENT PRINTING OFFICE 77-983 WASHINGTON : 2002 For Sale by the Superintendent of Documents, U.S. ...","","2002-02-27"
"751","Congressional Hearings","CHRG-107shrg77846","CHRG-107shrg77846","Halting the Spread of HIV/AIDS: Future Efforts in the U.S. Bilateral and Multilateral Response","https://www.govinfo.gov/app/details/CHRG-107shrg77846/CHRG-107shrg77846","https://www.govinfo.gov/content/pkg/CHRG-107shrg77846/pdf/CHRG-107shrg77846.pdf","1.2 MB","https://www.govinfo.gov/content/pkg/CHRG-107shrg77846/html/CHRG-107shrg77846.htm","695.2 KB","","0 B","","0 B","","0 B"," RELATIONS UNITED STATES SENATE ONE HUNDRED SEVENTH CONGRESS SECOND SESSION FEBRUARY 13 AND 14, 2002 Printed for the use of the Committee on Foreign Relations Available via the World Wide Web: http://www.access.gpo.gov/congress/ senate 77-846 U.S. GOVERNMENT PRINTING OFFICE WASHINGTON : 2002 For Sale by the Superintendent of Documents, U.S. ...","","2002-02-13"
"752","Congressional Hearings","CHRG-107shrg78178","CHRG-107shrg78178","Examining the Theft of American Intellectual Property at Home and Abroad","https://www.govinfo.gov/app/details/CHRG-107shrg78178/CHRG-107shrg78178","https://www.govinfo.gov/content/pkg/CHRG-107shrg78178/pdf/CHRG-107shrg78178.pdf","556.5 KB","https://www.govinfo.gov/content/pkg/CHRG-107shrg78178/html/CHRG-107shrg78178.htm","446.7 KB","","0 B","","0 B","","0 B"," SENATE ONE HUNDRED SEVENTH CONGRESS SECOND SESSION FEBRUARY 12, 2002 Printed for the use of the Committee on Foreign Relations Available via the World Wide Web: http://www.access.gpo.gov/congress/ senate U.S. GOVERNMENT PRINTING OFFICE 78-178 WASHINGTON : 2002 For Sale by the Superintendent of Documents, U.S. Government Printing Office Internet...","","2002-02-12"
"753","Congressional Hearings","CHRG-107shrg78906","CHRG-107shrg78906","What's Next in the War on Terrorism?","https://www.govinfo.gov/app/details/CHRG-107shrg78906/CHRG-107shrg78906","https://www.govinfo.gov/content/pkg/CHRG-107shrg78906/pdf/CHRG-107shrg78906.pdf","239.9 KB","https://www.govinfo.gov/content/pkg/CHRG-107shrg78906/html/CHRG-107shrg78906.htm","157.9 KB","","0 B","","0 B","","0 B"," SECOND SESSION FEBRUARY 7, 2002 Printed for the use of the Committee on Foreign Relations Available via the World Wide Web: http://www.access.gpo.gov/congress/ senate U.S. GOVERNMENT PRINTING OFFICE 78-906 WASHINGTON : 2002 For Sale by the Superintendent of Documents, U.S. Government Printing Office Internet: bookstore.gpo.gov Phone: toll free ...","","2002-02-07"
"754","Congressional Hearings","CHRG-107shrg80082","CHRG-107shrg80082","The New Strategic Framework: Implications for U.S. Security","https://www.govinfo.gov/app/details/CHRG-107shrg80082/CHRG-107shrg80082","https://www.govinfo.gov/content/pkg/CHRG-107shrg80082/pdf/CHRG-107shrg80082.pdf","191.5 KB","https://www.govinfo.gov/content/pkg/CHRG-107shrg80082/html/CHRG-107shrg80082.htm","100.9 KB","","0 B","","0 B","","0 B"," HUNDRED SEVENTH CONGRESS SECOND SESSION FEBRUARY 6, 2002 Printed for the use of the Committee on Foreign Relations Available via the World Wide Web: http://www.access.gpo.gov/congress/ senate 80-082 U.S. GOVERNMENT PRINTING OFFICE WASHINGTON : 2002 For Sale by the Superintendent of Documents, U.S. Government Printing Office Internet: ...","","2002-02-06"
"755","Congressional Hearings","CHRG-107shrg78905","CHRG-107shrg78905","Somalia: U.S. Policy Options","https://www.govinfo.gov/app/details/CHRG-107shrg78905/CHRG-107shrg78905","https://www.govinfo.gov/content/pkg/CHRG-107shrg78905/pdf/CHRG-107shrg78905.pdf","247.0 KB","https://www.govinfo.gov/content/pkg/CHRG-107shrg78905/html/CHRG-107shrg78905.htm","175.8 KB","","0 B","","0 B","","0 B"," ONE HUNDRED SEVENTH CONGRESS SECOND SESSION FEBRUARY 6, 2002 Printed for the use of the Committee on Foreign Relations Available via the World Wide Web: http://www.access.gpo.gov/congress/ senate U.S. GOVERNMENT PRINTING OFFICE 78-905 WASHINGTON : 2002 For Sale by the Superintendent of Documents, U.S. Government Printing Office Internet: ...","","2002-02-06"
"756","Congressional Hearings","CHRG-107shrg77963","CHRG-107shrg77963","Foreign Policy Overview and the President's Fiscal Year 2003 Foreign Affairs Budget Request","https://www.govinfo.gov/app/details/CHRG-107shrg77963/CHRG-107shrg77963","https://www.govinfo.gov/content/pkg/CHRG-107shrg77963/pdf/CHRG-107shrg77963.pdf","347.6 KB","https://www.govinfo.gov/content/pkg/CHRG-107shrg77963/html/CHRG-107shrg77963.htm","310.4 KB","","0 B","","0 B","","0 B"," UNITED STATES SENATE ONE HUNDRED SEVENTH CONGRESS SECOND SESSION FEBRUARY 5, 2002 Printed for the use of the Committee on Foreign Relations Available via the World Wide Web: http://www.access.gpo.gov/congress/ senate U.S. GOVERNMENT PRINTING OFFICE WASHINGTON : 2002 For Sale by the Superintendent of Documents, U.S. Government Printing ...","","2002-02-05"
"757","Congressional Hearings","CHRG-107shrg77601","CHRG-107shrg77601","The Global Reach of AL-Qaeda","https://www.govinfo.gov/app/details/CHRG-107shrg77601/CHRG-107shrg77601","https://www.govinfo.gov/content/pkg/CHRG-107shrg77601/pdf/CHRG-107shrg77601.pdf","205.4 KB","https://www.govinfo.gov/content/pkg/CHRG-107shrg77601/html/CHRG-107shrg77601.htm","113.7 KB","","0 B","","0 B","","0 B"," UNITED STATES SENATE ONE HUNDRED SEVENTH CONGRESS FIRST SESSION DECEMBER 18, 2001 Printed for the use of the Committee on Foreign Relations Available via the World Wide Web: http://www.access.gpo.gov/congress/ senate 77-601 U.S. GOVERNMENT PRINTING OFFICE WASHINGTON : 2002 For Sale by the Superintendent of Documents, U.S. Government ...","","2001-12-18"
"758","Congressional Hearings","CHRG-107shrg77602","CHRG-107shrg77602","Contributions of Central Asian Nations to the Campaign Against Terrorism","https://www.govinfo.gov/app/details/CHRG-107shrg77602/CHRG-107shrg77602","https://www.govinfo.gov/content/pkg/CHRG-107shrg77602/pdf/CHRG-107shrg77602.pdf","210.5 KB","https://www.govinfo.gov/content/pkg/CHRG-107shrg77602/html/CHRG-107shrg77602.htm","127.8 KB","","0 B","","0 B","","0 B"," OF THE COMMITTEE ON FOREIGN RELATIONS UNITED STATES SENATE ONE HUNDRED SEVENTH CONGRESS FIRST SESSION DECEMBER 13, 2001 Printed for the use of the Committee on Foreign Relations Available via the World Wide Web: http://www.access.gpo.gov/congress/ senate 77-602 U.S. GOVERNMENT PRINTING OFFICE WASHINGTON : 2002 For Sale by the Superintendent ...","","2001-12-13"
"759","Congressional Hearings","CHRG-107shrg77065","CHRG-107shrg77065","The Political Future of Afghanistan","https://www.govinfo.gov/app/details/CHRG-107shrg77065/CHRG-107shrg77065","https://www.govinfo.gov/content/pkg/CHRG-107shrg77065/pdf/CHRG-107shrg77065.pdf","272.7 KB","https://www.govinfo.gov/content/pkg/CHRG-107shrg77065/html/CHRG-107shrg77065.htm","205.0 KB","","0 B","","0 B","","0 B"," FIRST SESSION DECEMBER 6, 2001 Printed for the use of the Committee on Foreign Relations Available via the World Wide Web: http://www.access.gpo.gov/congress/ senate U.S. GOVERNMENT PRINTING OFFICE 77-065 WASHINGTON : 2002 For Sale by the Superintendent of Documents, U.S. Government Printing Office Internet: bookstore.gpo.gov Phone: toll free (...","","2001-12-06"
"760","Congressional Hearings","CHRG-107shrg75947","CHRG-107shrg75947","The International Campaign Against Terrorism","https://www.govinfo.gov/app/details/CHRG-107shrg75947/CHRG-107shrg75947","https://www.govinfo.gov/content/pkg/CHRG-107shrg75947/pdf/CHRG-107shrg75947.pdf","376.7 KB","https://www.govinfo.gov/content/pkg/CHRG-107shrg75947/html/CHRG-107shrg75947.htm","188.8 KB","","0 B","","0 B","","0 B"," CONGRESS FIRST SESSION OCTOBER 25, 2001 Printed for the use of the Committee on Foreign Relations Available via the World Wide Web: http://www.access.gpo.gov/congress/ senate _______ U.S. GOVERNMENT PRINTING OFFICE 75-947 WASHINGTON : 2002 For Sale by the Superintendent of Documents, U.S. Government Printing Office Internet: bookstore.gpr.gov ...","","2001-10-25"
"761","Congressional Hearings","CHRG-107shrg75946","CHRG-107shrg75946","Afghanistan's Humanitarian Crisis: Is Enough Aid Reaching Afghanistan?","https://www.govinfo.gov/app/details/CHRG-107shrg75946/CHRG-107shrg75946","https://www.govinfo.gov/content/pkg/CHRG-107shrg75946/pdf/CHRG-107shrg75946.pdf","520.2 KB","https://www.govinfo.gov/content/pkg/CHRG-107shrg75946/html/CHRG-107shrg75946.htm","389.6 KB","","0 B","","0 B","","0 B"," AFFAIRS AND THE SUBCOMMITTEE ON INTERNATIONAL OPERATIONS AND TERRORISM OF THE COMMITTEE ON FOREIGN RELATIONS UNITED STATES SENATE ONE HUNDRED SEVENTH CONGRESS FIRST SESSION OCTOBER 10, 2001 AND NOVEMBER 15, 2001 Printed for the use of the Committee on Foreign Relations Available via the World Wide Web: http://www.access.gpo.gov/congress/ senate ...","","2001-10-10"
"762","Congressional Hearings","CHRG-107shrg75463","CHRG-107shrg75463","Nomination of Hon. John D. Negroponte to Serve as U.S. Ambassador to the United Nations","https://www.govinfo.gov/app/details/CHRG-107shrg75463/CHRG-107shrg75463","https://www.govinfo.gov/content/pkg/CHRG-107shrg75463/pdf/CHRG-107shrg75463.pdf","426.0 KB","https://www.govinfo.gov/content/pkg/CHRG-107shrg75463/html/CHRG-107shrg75463.htm","274.1 KB","","0 B","","0 B","","0 B"," UNITED STATES SENATE ONE HUNDRED SEVENTH CONGRESS FIRST SESSION SEPTEMBER 13, 2001 Printed for the use of the Committee on Foreign Relations Available via the World Wide Web: http://www.access.gpo.gov/congress/ senate U.S. GOVERNMENT PRINTING OFFICE 75-463 WASHINGTON : 2002 For Sale by the Superintendent of Documents, U.S. Government Printing ...","","2001-09-13"
"763","Congressional Hearings","CHRG-107shrg75040","CHRG-107shrg75040","The Threat of Bioterrorism and the Spread of Infectious Diseases","https://www.govinfo.gov/app/details/CHRG-107shrg75040/CHRG-107shrg75040","https://www.govinfo.gov/content/pkg/CHRG-107shrg75040/pdf/CHRG-107shrg75040.pdf","802.7 KB","https://www.govinfo.gov/content/pkg/CHRG-107shrg75040/html/CHRG-107shrg75040.htm","384.6 KB","","0 B","","0 B","","0 B"," ONE HUNDRED SEVENTH CONGRESS FIRST SESSION SEPTEMBER 5, 2001 Printed for the use of the Committee on Foreign Relations Available via the World Wide Web: http://www.access.gpo.gov/congress/ senate U.S. GOVERNMENT PRINTING OFFICE 75-040 DTP WASHINGTON : 2001 For Sale by the Superintendent of Documents, U.S. Government Printing Office Internet: ...","","2001-09-05"
"764","Congressional Hearings","CHRG-107shrg74505","CHRG-107shrg74505","The Administration's Missile Defense Program and the Abm Treaty","https://www.govinfo.gov/app/details/CHRG-107shrg74505/CHRG-107shrg74505","https://www.govinfo.gov/content/pkg/CHRG-107shrg74505/pdf/CHRG-107shrg74505.pdf","606.1 KB","https://www.govinfo.gov/content/pkg/CHRG-107shrg74505/html/CHRG-107shrg74505.htm","659.0 KB","","0 B","","0 B","","0 B"," ONE HUNDRED SEVENTH CONGRESS FIRST SESSION JULY 24, 2001 Printed for the use of the Committee on Foreign Relations Available via the World Wide Web: http://www.access.gpo.gov/congress/ senate U.S. GOVERNMENT PRINTING OFFICE 74-505 WASHINGTON : 2001 COMMITTEE ON FOREIGN RELATIONS JOSEPH R. BIDEN, Jr., Delaware, Chairman PAUL S. SARBANES, Maryland ...","","2001-07-24"
"765","Congressional Hearings","CHRG-107shrg75604","CHRG-107shrg75604","Mexico City Policy: Effects of Restrictions on International Family Planning Funding","https://www.govinfo.gov/app/details/CHRG-107shrg75604/CHRG-107shrg75604","https://www.govinfo.gov/content/pkg/CHRG-107shrg75604/pdf/CHRG-107shrg75604.pdf","549.6 KB","https://www.govinfo.gov/content/pkg/CHRG-107shrg75604/html/CHRG-107shrg75604.htm","257.3 KB","","0 B","","0 B","","0 B"," UNITED STATES SENATE ONE HUNDRED SEVENTH CONGRESS FIRST SESSION JULY 19, 2001 Printed for the use of the Committee on Foreign Relations Available via the World Wide Web: http://www.access.gpo.gov/congress/ senate _______ U.S. GOVERNMENT PRINTING OFFICE 75-604 WASHINGTON : 2002 For Sale by the Superintendent of Documents, U.S. Government Printing ...","","2001-07-19"
"766","Congressional Hearings","CHRG-107shrg75011","CHRG-107shrg75011","The Putin Administration's Policies Toward Non-Russian Regions of the Russian Federation","https://www.govinfo.gov/app/details/CHRG-107shrg75011/CHRG-107shrg75011","https://www.govinfo.gov/content/pkg/CHRG-107shrg75011/pdf/CHRG-107shrg75011.pdf","275.8 KB","https://www.govinfo.gov/content/pkg/CHRG-107shrg75011/html/CHRG-107shrg75011.htm","202.1 KB","","0 B","","0 B","","0 B"," UNITED STATES SENATE ONE HUNDRED SEVENTH CONGRESS FIRST SESSION JULY 18, 2001 Printed for the use of the Committee on Foreign Relations Available via the World Wide Web: http://www.access.gpo.gov/congress/ senate U.S. GOVERNMENT PRINTING OFFICE 75-011 WASHINGTON : 2001 COMMITTEE ON FOREIGN RELATIONS JOSEPH R. BIDEN, Jr., Delaware, Chairman ...","","2001-07-18"
"767","Congressional Hearings","CHRG-107shrg73697","CHRG-107shrg73697","Zimbabwe's Political and Economic Crisis","https://www.govinfo.gov/app/details/CHRG-107shrg73697/CHRG-107shrg73697","https://www.govinfo.gov/content/pkg/CHRG-107shrg73697/pdf/CHRG-107shrg73697.pdf","214.7 KB","https://www.govinfo.gov/content/pkg/CHRG-107shrg73697/html/CHRG-107shrg73697.htm","128.7 KB","","0 B","","0 B","","0 B"," STATES SENATE ONE HUNDRED SEVENTH CONGRESS FIRST SESSION JUNE 28, 2001 Printed for the use of the Committee on Foreign Relations Available via the World Wide Web: http://www.access.gpo.gov/congress/ senate U.S. GOVERNMENT PRINTING OFFICE 73-697 WASHINGTON : 2001 COMMITTEE ON FOREIGN RELATIONS JOSEPH R. BIDEN, Jr., Delaware, Chairman PAUL S. ...","","2001-06-28"
"768","Congressional Hearings","CHRG-107shrg73350","CHRG-107shrg73350","U.S. Security Interests in Europe","https://www.govinfo.gov/app/details/CHRG-107shrg73350/CHRG-107shrg73350","https://www.govinfo.gov/content/pkg/CHRG-107shrg73350/pdf/CHRG-107shrg73350.pdf","231.8 KB","https://www.govinfo.gov/content/pkg/CHRG-107shrg73350/html/CHRG-107shrg73350.htm","152.9 KB","","0 B","","0 B","","0 B","FIRST SESSION JUNE 20, 2001 Printed for the use of the Committee on Foreign Relations Available via the World Wide Web: http://www.access.gpo.gov/congress/ senate U.S. GOVERNMENT PRINTING OFFICE 073-350 DTP WASHINGTON: 2001 COMMITTEE ON FOREIGN RELATIONS JOSEPH R. BIDEN, Jr., Delaware, Chairman PAUL S. SARBANES, Maryland JESSE HELMS, North Carolina...","","2001-06-20"
"769","Congressional Hearings","CHRG-107shrg73349","CHRG-107shrg73349","The Crisis in Macedonia and U.S. Engagement in the Balkans","https://www.govinfo.gov/app/details/CHRG-107shrg73349/CHRG-107shrg73349","https://www.govinfo.gov/content/pkg/CHRG-107shrg73349/pdf/CHRG-107shrg73349.pdf","282.9 KB","https://www.govinfo.gov/content/pkg/CHRG-107shrg73349/html/CHRG-107shrg73349.htm","221.6 KB","","0 B","","0 B","","0 B","HUNDRED SEVENTH CONGRESS FIRST SESSION JUNE 13, 2001 Printed for the use of the Committee on Foreign Relations Available via the World Wide Web: http://www.access.gpo.gov/congress/ senate U.S. GOVERNMENT PRINTING OFFICE 73-349 WASHINGTON : 2001 COMMITTEE ON FOREIGN RELATIONS JOSEPH R. BIDEN, Jr., Delaware, Chairman PAUL S. SARBANES, Maryland JESSE ...","","2001-06-13"
"770","Congressional Hearings","CHRG-107shrg73071","CHRG-107shrg73071","The U.N. Human Rights Commission: The Road Ahead","https://www.govinfo.gov/app/details/CHRG-107shrg73071/CHRG-107shrg73071","https://www.govinfo.gov/content/pkg/CHRG-107shrg73071/pdf/CHRG-107shrg73071.pdf","194.2 KB","https://www.govinfo.gov/content/pkg/CHRG-107shrg73071/html/CHRG-107shrg73071.htm","106.0 KB","","0 B","","0 B","","0 B"," ON FOREIGN RELATIONS UNITED STATES SENATE ONE HUNDRED SEVENTH CONGRESS FIRST SESSION MAY 24, 2001 Printed for the use of the Committee on Foreign Relations Available via the World Wide Web: http://www.access.gpo.gov/congress/ senate U.S. GOVERNMENT PRINTING OFFICE 73-071 WASHINGTON : 2001 COMMITTEE ON FOREIGN RELATIONS JESSE HELMS, North ...","","2001-05-24"
"771","Congressional Hearings","CHRG-107shrg73070","CHRG-107shrg73070","U.S. Policy Toward North Korea: Where Do We Go from Here?","https://www.govinfo.gov/app/details/CHRG-107shrg73070/CHRG-107shrg73070","https://www.govinfo.gov/content/pkg/CHRG-107shrg73070/pdf/CHRG-107shrg73070.pdf","215.8 KB","https://www.govinfo.gov/content/pkg/CHRG-107shrg73070/html/CHRG-107shrg73070.htm","129.7 KB","","0 B","","0 B","","0 B"," SEVENTH CONGRESS FIRST SESSION MAY 23, 2001 Printed for the use of the Committee on Foreign Relations Available via the World Wide Web: http://www.access.gpo.gov/congress/ senate U.S. GOVERNMENT PRINTING OFFICE 73-070 WASHINGTON : 2001 COMMITTEE ON FOREIGN RELATIONS JESSE HELMS, North Carolina, Chairman RICHARD G. LUGAR, Indiana JOSEPH R. ...","","2001-05-23"
"772","Congressional Hearings","CHRG-107shrg72559","CHRG-107shrg72559","Where Are U.S.-China Relations Headed?","https://www.govinfo.gov/app/details/CHRG-107shrg72559/CHRG-107shrg72559","https://www.govinfo.gov/content/pkg/CHRG-107shrg72559/pdf/CHRG-107shrg72559.pdf","258.5 KB","https://www.govinfo.gov/content/pkg/CHRG-107shrg72559/html/CHRG-107shrg72559.htm","174.9 KB","","0 B","","0 B","","0 B"," UNITED STATES SENATE ONE HUNDRED SEVENTH CONGRESS FIRST SESSION MAY 1, 2001 Printed for the use of the Committee on Foreign Relations Available via the World Wide Web: http://www.access.gpo.gov/congress/ senate U.S. GOVERNMENT PRINTING OFFICE 72-559 WASHINGTON : 2001 COMMITTEE ON FOREIGN RELATIONS JESSE HELMS, North Carolina, Chairman ...","","2001-05-01"
"773","Congressional Hearings","CHRG-107shrg72558","CHRG-107shrg72558","Religious Freedom In Europe and Around The World","https://www.govinfo.gov/app/details/CHRG-107shrg72558/CHRG-107shrg72558","https://www.govinfo.gov/content/pkg/CHRG-107shrg72558/pdf/CHRG-107shrg72558.pdf","342.4 KB","https://www.govinfo.gov/content/pkg/CHRG-107shrg72558/html/CHRG-107shrg72558.htm","296.5 KB","","0 B","","0 B","","0 B"," UNITED STATES SENATE ONE HUNDRED SEVENTH CONGRESS FIRST SESSION MAY 1 AND JUNE 5, 2001 Printed for the use of the Committee on Foreign Relations Available via the World Wide Web: http://www.access.gpo.gov/congress/ senate U.S. GOVERNMENT PRINTING OFFICE 72-558 WASHINGTON : 2001 COMMITTEE ON FOREIGN RELATIONS JESSE HELMS, North Carolina, ...","","2001-05-01"
"774","Congressional Hearings","CHRG-107shrg72228","CHRG-107shrg72228","Department of Energy Non-Proliferation Programs with Russia","https://www.govinfo.gov/app/details/CHRG-107shrg72228/CHRG-107shrg72228","https://www.govinfo.gov/content/pkg/CHRG-107shrg72228/pdf/CHRG-107shrg72228.pdf","274.1 KB","https://www.govinfo.gov/content/pkg/CHRG-107shrg72228/html/CHRG-107shrg72228.htm","196.3 KB","","0 B","","0 B","","0 B"," HUNDRED SEVENTH CONGRESS FIRST SESSION MARCH 28, 2001 Printed for the use of the Committee on Foreign Relations Available via the World Wide Web: http://www.access.gpo.gov/congress/ senate U.S. GOVERNMENT PRINTING OFFICE 72-228 WASHINGTON : 2001 COMMITTEE ON FOREIGN RELATIONS JESSE HELMS, North Carolina, Chairman RICHARD G. LUGAR, Indiana JOSEPH R...","","2001-03-28"
"775","Congressional Hearings","CHRG-107shrg72226","CHRG-107shrg72226","U.S. Assistance to Serbia: Benchmarks for Certification","https://www.govinfo.gov/app/details/CHRG-107shrg72226/CHRG-107shrg72226","https://www.govinfo.gov/content/pkg/CHRG-107shrg72226/pdf/CHRG-107shrg72226.pdf","210.3 KB","https://www.govinfo.gov/content/pkg/CHRG-107shrg72226/html/CHRG-107shrg72226.htm","122.7 KB","","0 B","","0 B","","0 B"," RELATIONS UNITED STATES SENATE ONE HUNDRED SEVENTH CONGRESS FIRST SESSION MARCH 15, 2001 Printed for the use of the Committee on Foreign Relations Available via the World Wide Web: http://www.access.gpo.gov/congress/ senate U.S. GOVERNMENT PRINTING OFFICE 72-226 WASHINGTON : 2001 COMMITTEE ON FOREIGN RELATIONS JESSE HELMS, North Carolina, ...","","2001-03-15"
"776","Congressional Hearings","CHRG-107shrg72227","CHRG-107shrg72227","Overview of Foreign Policy Issues and Budget","https://www.govinfo.gov/app/details/CHRG-107shrg72227/CHRG-107shrg72227","https://www.govinfo.gov/content/pkg/CHRG-107shrg72227/pdf/CHRG-107shrg72227.pdf","252.4 KB","https://www.govinfo.gov/content/pkg/CHRG-107shrg72227/html/CHRG-107shrg72227.htm","172.0 KB","","0 B","","0 B","","0 B"," CONGRESS FIRST SESSION MARCH 8, 2001 Printed for the use of the Committee on Foreign Relations Available via the World Wide Web: http://www.access.gpo.gov/congress/ senate U.S. GOVERNMENT PRINTING OFFICE 72-227 WASHINGTON : 2001 COMMITTEE ON FOREIGN RELATIONS JESSE HELMS, North Carolina, Chairman RICHARD G. LUGAR, Indiana JOSEPH R. BIDEN, Jr., ...","","2001-03-08"
"777","Congressional Hearings","CHRG-107shrg71542","CHRG-107shrg71542","The Philippines: Present Political Status and Its Role in the New Asia","https://www.govinfo.gov/app/details/CHRG-107shrg71542/CHRG-107shrg71542","https://www.govinfo.gov/content/pkg/CHRG-107shrg71542/pdf/CHRG-107shrg71542.pdf","233.5 KB","https://www.govinfo.gov/content/pkg/CHRG-107shrg71542/html/CHRG-107shrg71542.htm","154.0 KB","","0 B","","0 B","","0 B"," OF THE COMMITTEE ON FOREIGN RELATIONS UNITED STATES SENATE ONE HUNDRED SEVENTH CONGRESS FIRST SESSION MARCH 6, 2001 Printed for the use of the Committee on Foreign Relations Available via the World Wide Web: http://www.access.gpo.gov/congress/ senate U.S. GOVERNMENT PRINTING OFFICE 71-542 WASHINGTON : 2001 COMMITTEE ON FOREIGN RELATIONS JESSE ...","","2001-03-06"
"778","Congressional Hearings","CHRG-107shrg71540","CHRG-107shrg71540","Review of the Anti-Drug Certification Process","https://www.govinfo.gov/app/details/CHRG-107shrg71540/CHRG-107shrg71540","https://www.govinfo.gov/content/pkg/CHRG-107shrg71540/pdf/CHRG-107shrg71540.pdf","254.6 KB","https://www.govinfo.gov/content/pkg/CHRG-107shrg71540/html/CHRG-107shrg71540.htm","176.3 KB","","0 B","","0 B","","0 B"," CONGRESS FIRST SESSION MARCH 1, 2001 Printed for the use of the Committee on Foreign Relations Available via the World Wide Web: http://www.access.gpo.gov/congress/ senate U.S. GOVERNMENT PRINTING OFFICE 71-540 WASHINGTON : 2001 COMMITTEE ON FOREIGN RELATIONS JESSE HELMS, North Carolina, Chairman RICHARD G. LUGAR, Indiana JOSEPH R. BIDEN, Jr., ...","","2001-03-01"
"779","Congressional Hearings","CHRG-107shrg71541","CHRG-107shrg71541","United States Policy Toward Iraq","https://www.govinfo.gov/app/details/CHRG-107shrg71541/CHRG-107shrg71541","https://www.govinfo.gov/content/pkg/CHRG-107shrg71541/pdf/CHRG-107shrg71541.pdf","238.7 KB","https://www.govinfo.gov/content/pkg/CHRG-107shrg71541/html/CHRG-107shrg71541.htm","165.6 KB","","0 B","","0 B","","0 B"," UNITED STATES SENATE ONE HUNDRED SEVENTH CONGRESS FIRST SESSION MARCH 1, 2001 Printed for the use of the Committee on Foreign Relations Available via the World Wide Web: http://www.access.gpo.gov/congress/ senate U.S. GOVERNMENT PRINTING OFFICE 71-541 DTP WASHINGTON : 2001 COMMITTEE ON FOREIGN RELATIONS JESSE HELMS, North Carolina, ...","","2001-03-01"
"780","Congressional Hearings","CHRG-107shrg71539","CHRG-107shrg71539","State Department Reform: Reviewing the Report of the Independent Task Force Cosponsored by the Council on Foreign Relations and the Center for Strategic and International Studies","https://www.govinfo.gov/app/details/CHRG-107shrg71539/CHRG-107shrg71539","https://www.govinfo.gov/content/pkg/CHRG-107shrg71539/pdf/CHRG-107shrg71539.pdf","170.9 KB","https://www.govinfo.gov/content/pkg/CHRG-107shrg71539/html/CHRG-107shrg71539.htm","75.5 KB","","0 B","","0 B","","0 B"," FOR STRATEGIC AND INTERNATIONAL STUDIES HEARING BEFORE THE COMMITTEE ON FOREIGN RELATIONS UNITED STATES SENATE ONE HUNDRED SEVENTH CONGRESS FIRST SESSION FEBRUARY 28, 2001 Printed for the use of the Committee on Foreign Relations Available via the World Wide Web: http://www.access.gpo.gov/congress/ senate U.S. GOVERNMENT PRINTING OFFICE 71-539...","","2001-02-28"
"781","Congressional Hearings","CHRG-107shrg71538","CHRG-107shrg71538","The State of the NATO Alliance","https://www.govinfo.gov/app/details/CHRG-107shrg71538/CHRG-107shrg71538","https://www.govinfo.gov/content/pkg/CHRG-107shrg71538/pdf/CHRG-107shrg71538.pdf","252.2 KB","https://www.govinfo.gov/content/pkg/CHRG-107shrg71538/html/CHRG-107shrg71538.htm","181.5 KB","","0 B","","0 B","","0 B"," SENATE ONE HUNDRED SEVENTH CONGRESS FIRST SESSION FEBRUARY 27, 2001 Printed for the use of the Committee on Foreign Relations Available via the World Wide Web: http://www.access.gpo.gov/congress/ senate U.S. GOVERNMENT PRINTING OFFICE 71-538 WASHINGTON : 2001 COMMITTEE ON FOREIGN RELATIONS JESSE HELMS, North Carolina, Chairman RICHARD G. LUGAR, ...","","2001-02-27"
"782","Congressional Hearings","CHRG-107shrg71536","CHRG-107shrg71536","Nomination of Colin L. Powell to Be Secretary of State","https://www.govinfo.gov/app/details/CHRG-107shrg71536/CHRG-107shrg71536","https://www.govinfo.gov/content/pkg/CHRG-107shrg71536/pdf/CHRG-107shrg71536.pdf","503.9 KB","https://www.govinfo.gov/content/pkg/CHRG-107shrg71536/html/CHRG-107shrg71536.htm","477.3 KB","","0 B","","0 B","","0 B"," SEVENTH CONGRESS FIRST SESSION JANUARY 17, 2001 Printed for the use of the Committee on Foreign Relations Available via the World Wide Web: http://www.access.gpo.gov/congress/ senate U.S. GOVERNMENT PRINTING OFFICE 71-536 WASHINGTON : 2001 COMMITTEE ON FOREIGN RELATIONS JOSEPH R. BIDEN, Jr., Delaware, Chairman PAUL S. SARBANES, Maryland JESSE ...","","2001-01-17"
"783","Congressional Hearings","CHRG-107shrg71537","CHRG-107shrg71537","A Report on the United Nations Reforms","https://www.govinfo.gov/app/details/CHRG-107shrg71537/CHRG-107shrg71537","https://www.govinfo.gov/content/pkg/CHRG-107shrg71537/pdf/CHRG-107shrg71537.pdf","391.9 KB","https://www.govinfo.gov/content/pkg/CHRG-107shrg71537/html/CHRG-107shrg71537.htm","123.3 KB","","0 B","","0 B","","0 B"," FIRST SESSION JANUARY 9, 2001 Printed for the use of the Committee on Foreign Relations Available via the World Wide Web: http://www.access.gpo.gov/congress/ senate U.S. GOVERNMENT PRINTING OFFICE 71-537 WASHINGTON : 2001 COMMITTEE ON FOREIGN RELATIONS JOSEPH R. BIDEN, Jr., Delaware, Chairman PAUL S. SARBANES, Maryland JESSE HELMS, North ...","","2001-01-09"
"784","Congressional Hearings","CHRG-106shrg69753","CHRG-106shrg69753","A Review of Gore-Chernomyrdin Diplomacy","https://www.govinfo.gov/app/details/CHRG-106shrg69753/CHRG-106shrg69753","https://www.govinfo.gov/content/pkg/CHRG-106shrg69753/pdf/CHRG-106shrg69753.pdf","528.5 KB","https://www.govinfo.gov/content/pkg/CHRG-106shrg69753/html/CHRG-106shrg69753.htm","300.4 KB","","0 B","","0 B","","0 B","SOUTH ASIAN AFFAIRS OF THE COMMITTEE ON FOREIGN RELATIONS UNITED STATES SENATE ONE HUNDRED SIXTH CONGRESS SECOND SESSION OCTOBER 25, 2000 Printed for the use of the Committee on Foreign Relations Available via the World Wide Web: http://www.access.gpo.gov/congress/ senate U.S. GOVERNMENT PRINTING OFFICE 69-753 WASHINGTON : 2001 COMMITTEE ON FOREIGN...","","2000-10-25"
"785","Congressional Hearings","CHRG-106shrg69752","CHRG-106shrg69752","United States Policy in Sierra Leone","https://www.govinfo.gov/app/details/CHRG-106shrg69752/CHRG-106shrg69752","https://www.govinfo.gov/content/pkg/CHRG-106shrg69752/pdf/CHRG-106shrg69752.pdf","232.2 KB","https://www.govinfo.gov/content/pkg/CHRG-106shrg69752/html/CHRG-106shrg69752.htm","153.9 KB","","0 B","","0 B","","0 B"," RELATIONS UNITED STATES SENATE ONE HUNDRED SIXTH CONGRESS SECOND SESSION OCTOBER 11, 2000 Printed for the use of the Committee on Foreign Relations Available via the World Wide Web: http://www.access.gpo.gov/congress/ senate U.S. GOVERNMENT PRINTING OFFICE 69752- CC WASHINGTON : 2001 COMMITTEE ON FOREIGN RELATIONS JESSE HELMS, North Carolina, ...","","2000-10-11"
"786","Congressional Hearings","CHRG-106shrg69750","CHRG-106shrg69750","Iranian Weapons Programs: The Russian Connection","https://www.govinfo.gov/app/details/CHRG-106shrg69750/CHRG-106shrg69750","https://www.govinfo.gov/content/pkg/CHRG-106shrg69750/pdf/CHRG-106shrg69750.pdf","251.8 KB","https://www.govinfo.gov/content/pkg/CHRG-106shrg69750/html/CHRG-106shrg69750.htm","172.0 KB","","0 B","","0 B","","0 B"," AND THE SUBCOMMITTEE ON EUROPEAN AFFAIRS OF THE COMMITTEE ON FOREIGN RELATIONS UNITED STATES SENATE ONE HUNDRED SIXTH CONGRESS SECOND SESSION OCTOBER 5, 2000 Printed for the use of the Committee on Foreign Relations Available via the World Wide Web: http://www.access.gpo.gov/congress/ senate U.S. GOVERNMENT PRINTING OFFICE 69-750 WASHINGTON ...","","2000-10-05"
"787","Congressional Hearings","CHRG-106shrg69751","CHRG-106shrg69751","Slavery Throughout the World","https://www.govinfo.gov/app/details/CHRG-106shrg69751/CHRG-106shrg69751","https://www.govinfo.gov/content/pkg/CHRG-106shrg69751/pdf/CHRG-106shrg69751.pdf","257.9 KB","https://www.govinfo.gov/content/pkg/CHRG-106shrg69751/html/CHRG-106shrg69751.htm","182.5 KB","","0 B","","0 B","","0 B"," SESSION SEPTEMBER 28, 2000 Printed for the use of the Committee on Foreign Relations Available via the World Wide Web: http://www.access.gpo.gov/congress/ senate U.S. GOVERNMENT PRINTING OFFICE 69-751 CC WASHINGTON : 2001 COMMITTEE ON FOREIGN RELATIONS JESSE HELMS, North Carolina, Chairman RICHARD G. LUGAR, Indiana JOSEPH R. BIDEN, Jr., Delaware ...","","2000-09-28"
"788","Congressional Hearings","CHRG-106shrg67624","CHRG-106shrg67624","Climate Change Status of the Kyoto Protocol After Three Years","https://www.govinfo.gov/app/details/CHRG-106shrg67624/CHRG-106shrg67624","https://www.govinfo.gov/content/pkg/CHRG-106shrg67624/pdf/CHRG-106shrg67624.pdf","217.0 KB","https://www.govinfo.gov/content/pkg/CHRG-106shrg67624/html/CHRG-106shrg67624.htm","127.4 KB","","0 B","","0 B","","0 B"," ON ENERGY AND NATURAL RESOURCES UNITED STATES SENATE ONE HUNDRED SIXTH CONGRESS SECOND SESSION SEPTEMBER 28, 2000 Printed for the use of the Committee on Foreign Relations and the Committee on Energy and Natural Resources Available via the World Wide Web: http://www.access.gpo.gov/congress/ senate U.S. GOVERNMENT PRINTING OFFICE 67-624 ...","","2000-09-28"
"789","Congressional Hearings","CHRG-106shrg69749","CHRG-106shrg69749","A Review of U.S. Foreign Policy at the End of the Clinton Administration","https://www.govinfo.gov/app/details/CHRG-106shrg69749/CHRG-106shrg69749","https://www.govinfo.gov/content/pkg/CHRG-106shrg69749/pdf/CHRG-106shrg69749.pdf","252.9 KB","https://www.govinfo.gov/content/pkg/CHRG-106shrg69749/html/CHRG-106shrg69749.htm","179.7 KB","","0 B","","0 B","","0 B"," UNITED STATES SENATE ONE HUNDRED SIXTH CONGRESS SECOND SESSION SEPTEMBER 26, 2000 Printed for the use of the Committee on Foreign Relations Available via the World Wide Web: http://www.access.gpo.gov/congress/ senate U.S. GOVERNMENT PRINTING OFFICE 69-749 CC WASHINGTON : 2001 COMMITTEE ON FOREIGN RELATIONS JESSE HELMS, North Carolina, ...","","2000-09-26"
"790","Congressional Hearings","CHRG-106shrg68756","CHRG-106shrg68756","Anti-Corruption Efforts and African Economic Development","https://www.govinfo.gov/app/details/CHRG-106shrg68756/CHRG-106shrg68756","https://www.govinfo.gov/content/pkg/CHRG-106shrg68756/pdf/CHRG-106shrg68756.pdf","291.2 KB","https://www.govinfo.gov/content/pkg/CHRG-106shrg68756/html/CHRG-106shrg68756.htm","235.5 KB","","0 B","","0 B","","0 B"," FOREIGN RELATIONS UNITED STATES SENATE ONE HUNDRED SIXTH CONGRESS SECOND SESSION SEPTEMBER 21, 2000 Printed for the use of the Committee on Foreign Relations Available via the World Wide Web: http://www.access.gpo.gov/congress/ senate U.S. GOVERNMENT PRINTING OFFICE 68-756 CC WASHINGTON : 2000 COMMITTEE ON FOREIGN RELATIONS JESSE HELMS, North ...","","2000-09-21"
"791","Congressional Hearings","CHRG-106shrg68773","CHRG-106shrg68773","Fidel Castro: Kidnaper (Part I)","https://www.govinfo.gov/app/details/CHRG-106shrg68773/CHRG-106shrg68773","https://www.govinfo.gov/content/pkg/CHRG-106shrg68773/pdf/CHRG-106shrg68773.pdf","154.7 KB","https://www.govinfo.gov/content/pkg/CHRG-106shrg68773/html/CHRG-106shrg68773.htm","51.0 KB","","0 B","","0 B","","0 B","SECOND SESSION SEPTEMBER 20, 2000 Printed for the use of the Committee on Foreign Relations Available via the World Wide Web: http://www.access.gpo.gov/congress/ senate U.S. GOVERNMENT PRINTING OFFICE 68-773 WASHINGTON : 2001 COMMITTEE ON FOREIGN RELATIONS JESSE HELMS, North Carolina, Chairman RICHARD G. LUGAR, Indiana JOSEPH R. BIDEN, Jr., ...","","2000-09-20"
"792","Congressional Hearings","CHRG-106shrg69748","CHRG-106shrg69748","Exchange Programs and the National Interest","https://www.govinfo.gov/app/details/CHRG-106shrg69748/CHRG-106shrg69748","https://www.govinfo.gov/content/pkg/CHRG-106shrg69748/pdf/CHRG-106shrg69748.pdf","398.4 KB","https://www.govinfo.gov/content/pkg/CHRG-106shrg69748/html/CHRG-106shrg69748.htm","368.8 KB","","0 B","","0 B","","0 B"," UNITED STATES SENATE ONE HUNDRED SIXTH CONGRESS SECOND SESSION SEPTEMBER 14, 2000 Printed for the use of the Committee on Foreign Relations Available via the World Wide Web: http://www.access.gpo.gov/congress/ senate U.S. GOVERNMENT PRINTING OFFICE 69-748 CC WASHINGTON : 2001 COMMITTEE ON FOREIGN RELATIONS JESSE HELMS, North Carolina, ...","","2000-09-14"
"793","Congressional Hearings","CHRG-106shrg66882","CHRG-106shrg66882","Consideration of Pending Treaties","https://www.govinfo.gov/app/details/CHRG-106shrg66882/CHRG-106shrg66882","https://www.govinfo.gov/content/pkg/CHRG-106shrg66882/pdf/CHRG-106shrg66882.pdf","339.3 KB","https://www.govinfo.gov/content/pkg/CHRG-106shrg66882/html/CHRG-106shrg66882.htm","301.8 KB","","0 B","","0 B","","0 B","SECOND SESSION SEPTEMBER 12 AND 13, 2000 Printed for the use of the Committee on Foreign Relations Available via the World Wide Web: http://www.access.gpo.gov/congress/ senate U.S. GOVERNMENT PRINTING OFFICE 66-882 WASHINGTON : 2000 COMMITTEE ON FOREIGN RELATIONS JESSE HELMS, North Carolina, Chairman RICHARD G. LUGAR, Indiana JOSEPH R. BIDEN, Jr., ...","","2000-09-12"
"794","Congressional Hearings","CHRG-106shrg69747","CHRG-106shrg69747","Taiwan's Accession to the WTO","https://www.govinfo.gov/app/details/CHRG-106shrg69747/CHRG-106shrg69747","https://www.govinfo.gov/content/pkg/CHRG-106shrg69747/pdf/CHRG-106shrg69747.pdf","185.0 KB","https://www.govinfo.gov/content/pkg/CHRG-106shrg69747/html/CHRG-106shrg69747.htm","88.5 KB","","0 B","","0 B","","0 B"," SESSION SEPTEMBER 6, 2000 Printed for the use of the Committee on Foreign Relations Available via the World Wide Web: http://www.access.gpo.gov/congress/ senate U.S. GOVERNMENT PRINTING OFFICE 69-747 CC WASHINGTON : 2001 COMMITTEE ON FOREIGN RELATIONS JESSE HELMS, North Carolina, Chairman RICHARD G. LUGAR, Indiana JOSEPH R. BIDEN, Jr., Delaware ...","","2000-09-06"
"795","Congressional Hearings","CHRG-106shrg69746","CHRG-106shrg69746","Environmental Protection in an Era of Dramatic Economic Growth in Latin America","https://www.govinfo.gov/app/details/CHRG-106shrg69746/CHRG-106shrg69746","https://www.govinfo.gov/content/pkg/CHRG-106shrg69746/pdf/CHRG-106shrg69746.pdf","248.1 KB","https://www.govinfo.gov/content/pkg/CHRG-106shrg69746/html/CHRG-106shrg69746.htm","176.0 KB","","0 B","","0 B","","0 B",", PEACE CORPS, NARCOTICS AND TERRORISM OF THE COMMITTEE ON FOREIGN RELATIONS UNITED STATES SENATE ONE HUNDRED SIXTH CONGRESS SECOND SESSION JULY 25, 2000 Printed for the use of the Committee on Foreign Relations Available via the World Wide Web: http://www.access.gpo.gov/congress/ senate U.S. GOVERNMENT PRINTING OFFICE 69-746 WASHINGTON : 2001 ...","","2000-07-25"
"796","Congressional Hearings","CHRG-106shrg68769","CHRG-106shrg68769","The Taliban: Engagement or Confrontation?","https://www.govinfo.gov/app/details/CHRG-106shrg68769/CHRG-106shrg68769","https://www.govinfo.gov/content/pkg/CHRG-106shrg68769/pdf/CHRG-106shrg68769.pdf","241.9 KB","https://www.govinfo.gov/content/pkg/CHRG-106shrg68769/html/CHRG-106shrg68769.htm","166.1 KB","","0 B","","0 B","","0 B"," SECOND SESSION JULY 20, 2000 Printed for the use of the Committee on Foreign Relations Available via the World Wide Web: http://www.access.gpo.gov/congress/ senate U.S. GOVERNMENT PRINTING OFFICE 68-769 CC WASHINGTON: 2001 COMMITTEE ON FOREIGN RELATIONS JESSE HELMS, North Carolina, Chairman RICHARD G. LUGAR, Indiana JOSEPH R. BIDEN, Jr., ...","","2000-07-20"
"797","Congressional Hearings","CHRG-106shrg67840","CHRG-106shrg67840","Giving Permanent Normal Trade Relations Status to Communist China: National Security and Diplomatic, Human Rights, Labor, Trade, and Economic Implications","https://www.govinfo.gov/app/details/CHRG-106shrg67840/CHRG-106shrg67840","https://www.govinfo.gov/content/pkg/CHRG-106shrg67840/pdf/CHRG-106shrg67840.pdf","321.3 KB","https://www.govinfo.gov/content/pkg/CHRG-106shrg67840/html/CHRG-106shrg67840.htm","249.1 KB","","0 B","","0 B","","0 B","ECONOMIC IMPLICATIONS HEARINGS BEFORE THE COMMITTEE ON FOREIGN RELATIONS UNITED STATES SENATE ONE HUNDRED SIXTH CONGRESS SECOND SESSION JULY 18 AND 19, 2000 Printed for the use of the Committee on Foreign Relations Available via the World Wide Web: http://www.access.gpo.gov/congress/ senate U.S. GOVERNMENT PRINTING OFFICE 67-840 CC WASHINGTON : ...","","2000-07-18"
"798","Congressional Hearings","CHRG-106shrg67707","CHRG-106shrg67707","The United Nations Policy in Africa","https://www.govinfo.gov/app/details/CHRG-106shrg67707/CHRG-106shrg67707","https://www.govinfo.gov/content/pkg/CHRG-106shrg67707/pdf/CHRG-106shrg67707.pdf","270.0 KB","https://www.govinfo.gov/content/pkg/CHRG-106shrg67707/html/CHRG-106shrg67707.htm","197.2 KB","","0 B","","0 B","","0 B"," SECOND SESSION JULY 12, 2000 Printed for the use of the Committee on Foreign Relations Available via the World Wide Web: http://www.access.gpo.gov/congress/ senate U.S. GOVERNMENT PRINTING OFFICE 67-707 CC WASHINGTON : 2001 COMMITTEE ON FOREIGN RELATIONS JESSE HELMS, North Carolina, Chairman RICHARD G. LUGAR, Indiana JOSEPH R. BIDEN, Jr., ...","","2000-07-12"
"799","Congressional Hearings","CHRG-106shrg68041","CHRG-106shrg68041","The Role of Biotechnology in Combating Poverty and Hunger in Developing Countries","https://www.govinfo.gov/app/details/CHRG-106shrg68041/CHRG-106shrg68041","https://www.govinfo.gov/content/pkg/CHRG-106shrg68041/pdf/CHRG-106shrg68041.pdf","351.5 KB","https://www.govinfo.gov/content/pkg/CHRG-106shrg68041/html/CHRG-106shrg68041.htm","303.6 KB","","0 B","","0 B","","0 B"," POLICY, EXPORT AND TRADE PROMOTION OF THE COMMITTEE ON FOREIGN RELATIONS UNITED STATES SENATE ONE HUNDRED SIXTH CONGRESS SECOND SESSION JULY 12, 2000 Printed for the use of the Committee on Foreign Relations Available via the World Wide Web: http://www.access.gpo.gov/congress/ senate U.S. GOVERNMENT PRINTING OFFICE 68-041 CC WASHINGTON : ...","","2000-07-12"
"800","Congressional Hearings","CHRG-106shrg68121","CHRG-106shrg68121","Treatment of U.S. Business in Eastern and Central Europe","https://www.govinfo.gov/app/details/CHRG-106shrg68121/CHRG-106shrg68121","https://www.govinfo.gov/content/pkg/CHRG-106shrg68121/pdf/CHRG-106shrg68121.pdf","365.5 KB","https://www.govinfo.gov/content/pkg/CHRG-106shrg68121/html/CHRG-106shrg68121.htm","339.8 KB","","0 B","","0 B","","0 B"," RELATIONS UNITED STATES SENATE ONE HUNDRED SIXTH CONGRESS SECOND SESSION JUNE 28, 2000 Printed for the use of the Committee on Foreign Relations Available via the World Wide Web: http://www.access.gpo.gov/congress/ senate U.S. GOVERNMENT PRINTING OFFICE 68-121 CC WASHINGTON : 2001 COMMITTEE ON FOREIGN RELATIONS JESSE HELMS, North Carolina, ...","","2000-06-28"
"801","Congressional Hearings","CHRG-106shrg68120","CHRG-106shrg68120","The Liberation of Iraq: A Progress Report","https://www.govinfo.gov/app/details/CHRG-106shrg68120/CHRG-106shrg68120","https://www.govinfo.gov/content/pkg/CHRG-106shrg68120/pdf/CHRG-106shrg68120.pdf","162.6 KB","https://www.govinfo.gov/content/pkg/CHRG-106shrg68120/html/CHRG-106shrg68120.htm","64.2 KB","","0 B","","0 B","","0 B"," FOREIGN RELATIONS UNITED STATES SENATE ONE HUNDRED SIXTH CONGRESS SECOND SESSION JUNE 28, 2000 Printed for the use of the Committee on Foreign Relations Available via the World Wide Web: http://www.access.gpo.gov/congress/ senate U.S. GOVERNMENT PRINTING OFFICE 68-120 CC WASHINGTON : 2000 COMMITTEE ON FOREIGN RELATIONS JESSE HELMS, North Carolina,...","","2000-06-28"
"802","Congressional Hearings","CHRG-106shrg68119","CHRG-106shrg68119","The Role of Security in the State Department Promotion Process","https://www.govinfo.gov/app/details/CHRG-106shrg68119/CHRG-106shrg68119","https://www.govinfo.gov/content/pkg/CHRG-106shrg68119/pdf/CHRG-106shrg68119.pdf","199.7 KB","https://www.govinfo.gov/content/pkg/CHRG-106shrg68119/html/CHRG-106shrg68119.htm","108.3 KB","","0 B","","0 B","","0 B"," ON FOREIGN RELATIONS UNITED STATES SENATE ONE HUNDRED SIXTH CONGRESS SECOND SESSION JUNE 22, 2000 Printed for the use of the Committee on Foreign Relations Available via the World Wide Web: http://www.access.gpo.gov/congress/ senate U.S. GOVERNMENT PRINTING OFFICE 68-119 CC WASHINGTON : 2000 COMMITTEE ON FOREIGN RELATIONS JESSE HELMS, North ...","","2000-06-22"
"803","Congressional Hearings","CHRG-106shrg68118","CHRG-106shrg68118","Countering the Changing Threat of International Terrorism: Report of the National Commission on Terrorism","https://www.govinfo.gov/app/details/CHRG-106shrg68118/CHRG-106shrg68118","https://www.govinfo.gov/content/pkg/CHRG-106shrg68118/pdf/CHRG-106shrg68118.pdf","279.3 KB","https://www.govinfo.gov/content/pkg/CHRG-106shrg68118/html/CHRG-106shrg68118.htm","212.6 KB","","0 B","","0 B","","0 B"," ON FOREIGN RELATIONS UNITED STATES SENATE ONE HUNDRED SIXTH CONGRESS SECOND SESSION JUNE 15, 2000 Printed for the use of the Committee on Foreign Relations Available via the World Wide Web: http://www.access.gpo.gov/congress/ senate U.S. GOVERNMENT PRINTING OFFICE 68-118 WASHINGTON : 2001 COMMITTEE ON FOREIGN RELATIONS JESSE HELMS, North Carolina...","","2000-06-15"
"804","Congressional Hearings","CHRG-106shrg67981","CHRG-106shrg67981","The Future of Lebanon","https://www.govinfo.gov/app/details/CHRG-106shrg67981/CHRG-106shrg67981","https://www.govinfo.gov/content/pkg/CHRG-106shrg67981/pdf/CHRG-106shrg67981.pdf","219.3 KB","https://www.govinfo.gov/content/pkg/CHRG-106shrg67981/html/CHRG-106shrg67981.htm","131.6 KB","","0 B","","0 B","","0 B"," STATES SENATE ONE HUNDRED SIXTH CONGRESS SECOND SESSION JUNE 14, 2000 Printed for the use of the Committee on Foreign Relations Available via the World Wide Web: http://www.access.gpo.gov/congress/ senate U.S. GOVERNMENT PRINTING OFFICE 67-981 WASHINGTON : 2000 COMMITTEE ON FOREIGN RELATIONS JESSE HELMS, North Carolina, Chairman RICHARD G. ...","","2000-06-14"
"805","Congressional Hearings","CHRG-106shrg67980","CHRG-106shrg67980","The International Criminal Court: Protecting American Servicemen and Officials from the Threat of International Prosecution","https://www.govinfo.gov/app/details/CHRG-106shrg67980/CHRG-106shrg67980","https://www.govinfo.gov/content/pkg/CHRG-106shrg67980/pdf/CHRG-106shrg67980.pdf","235.9 KB","https://www.govinfo.gov/content/pkg/CHRG-106shrg67980/html/CHRG-106shrg67980.htm","154.5 KB","","0 B","","0 B","","0 B"," THE COMMITTEE ON FOREIGN RELATIONS UNITED STATES SENATE ONE HUNDRED SIXTH CONGRESS SECOND SESSION JUNE 14, 2000 Printed for the use of the Committee on Foreign Relations Available via the World Wide Web: http://www.access.gpo.gov/congress/ senate U.S. GOVERNMENT PRINTING OFFICE 67-980 WASHINGTON : 2000 COMMITTEE ON FOREIGN RELATIONS JESSE ...","","2000-06-14"
"806","Congressional Hearings","CHRG-106shrg68771","CHRG-106shrg68771","Recent Developments in Tibet: One STEP Forward, Three Steps Back","https://www.govinfo.gov/app/details/CHRG-106shrg68771/CHRG-106shrg68771","https://www.govinfo.gov/content/pkg/CHRG-106shrg68771/pdf/CHRG-106shrg68771.pdf","219.3 KB","https://www.govinfo.gov/content/pkg/CHRG-106shrg68771/html/CHRG-106shrg68771.htm","140.1 KB","","0 B","","0 B","","0 B"," THE COMMITTEE ON FOREIGN RELATIONS UNITED STATES SENATE ONE HUNDRED SIXTH CONGRESS SECOND SESSION JUNE 13, 2000 Printed for the use of the Committee on Foreign Relations Available via the World Wide Web: http://www.access.gpo.gov/congress/ senate U.S. GOVERNMENT PRINTING OFFICE 68-771 WASHINGTON : 2001 COMMITTEE ON FOREIGN RELATIONS JESSE HELMS, ...","","2000-06-13"
"807","Congressional Hearings","CHRG-106shrg67874","CHRG-106shrg67874","Kosovo: One Year After the Bombing","https://www.govinfo.gov/app/details/CHRG-106shrg67874/CHRG-106shrg67874","https://www.govinfo.gov/content/pkg/CHRG-106shrg67874/pdf/CHRG-106shrg67874.pdf","260.6 KB","https://www.govinfo.gov/content/pkg/CHRG-106shrg67874/html/CHRG-106shrg67874.htm","191.9 KB","","0 B","","0 B","","0 B"," SENATE ONE HUNDRED SIXTH CONGRESS SECOND SESSION JUNE 8, 2000 Printed for the use of the Committee on Foreign Relations Available via the World Wide Web: http://www.access.gpo.gov/congress/ senate U.S. GOVERNMENT PRINTING OFFICE 67-874 CC WASHINGTON : 2000 COMMITTEE ON FOREIGN RELATIONS JESSE HELMS, North Carolina, Chairman RICHARD G. LUGAR, ...","","2000-06-08"
"808","Congressional Hearings","CHRG-106shrg68770","CHRG-106shrg68770","Oversight of Satellite Export Controls","https://www.govinfo.gov/app/details/CHRG-106shrg68770/CHRG-106shrg68770","https://www.govinfo.gov/content/pkg/CHRG-106shrg68770/pdf/CHRG-106shrg68770.pdf","262.0 KB","https://www.govinfo.gov/content/pkg/CHRG-106shrg68770/html/CHRG-106shrg68770.htm","194.0 KB","","0 B","","0 B","","0 B"," THE COMMITTEE ON FOREIGN RELATIONS UNITED STATES SENATE ONE HUNDRED SIXTH CONGRESS SECOND SESSION JUNE 7, 2000 Printed for the use of the Committee on Foreign Relations Available via the World Wide Web: http://www.access.gpo.gov/congress/ senate U.S. GOVERNMENT PRINTING OFFICE 68-770 WASHINGTON : 2001 COMMITTEE ON FOREIGN RELATIONS JESSE HELMS, ...","","2000-06-07"
"809","Congressional Hearings","CHRG-106shrg66721","CHRG-106shrg66721","The Meltzer Commission: The Future of the Imf and World Bank","https://www.govinfo.gov/app/details/CHRG-106shrg66721/CHRG-106shrg66721","https://www.govinfo.gov/content/pkg/CHRG-106shrg66721/pdf/CHRG-106shrg66721.pdf","286.3 KB","https://www.govinfo.gov/content/pkg/CHRG-106shrg66721/html/CHRG-106shrg66721.htm","206.6 KB","","0 B","","0 B","","0 B"," HUNDRED SIXTH CONGRESS SECOND SESSION MAY 23, 2000 Printed for the use of the Committee on Foreign Relations Available via the World Wide Web: http://www.access.gpo.gov/congress/ senate U.S. GOVERNMENT PRINTING OFFICE 66-721 CC WASHINGTON : 2000 COMMITTEE ON FOREIGN RELATIONS JESSE HELMS, North Carolina, Chairman RICHARD G. LUGAR, Indiana JOSEPH...","","2000-05-23"
"810","Congressional Hearings","CHRG-106shrg66867","CHRG-106shrg66867","U.S. Commission on International Religious Freedom: Findings on Russia, China, and Sudan","https://www.govinfo.gov/app/details/CHRG-106shrg66867/CHRG-106shrg66867","https://www.govinfo.gov/content/pkg/CHRG-106shrg66867/pdf/CHRG-106shrg66867.pdf","400.3 KB","https://www.govinfo.gov/content/pkg/CHRG-106shrg66867/html/CHRG-106shrg66867.htm","365.4 KB","","0 B","","0 B","","0 B"," BEFORE THE COMMITTEE ON FOREIGN RELATIONS UNITED STATES SENATE ONE HUNDRED SIXTH CONGRESS SECOND SESSION MAY 16 AND SEPTEMBER 7, 2000 Printed for the use of the Committee on Foreign Relations Available via the World Wide Web: http://www.access.gpo.gov/congress/ senate U.S. GOVERNMENT PRINTING OFFICE 66-867 CC WASHINGTON : 2000 COMMITTEE ON ...","","2000-05-16"
"811","Congressional Hearings","CHRG-106shrg67221","CHRG-106shrg67221","The United Nations: The State of Its Efficacy and Reform","https://www.govinfo.gov/app/details/CHRG-106shrg67221/CHRG-106shrg67221","https://www.govinfo.gov/content/pkg/CHRG-106shrg67221/pdf/CHRG-106shrg67221.pdf","328.8 KB","https://www.govinfo.gov/content/pkg/CHRG-106shrg67221/html/CHRG-106shrg67221.htm","150.6 KB","","0 B","","0 B","","0 B"," ON FOREIGN RELATIONS UNITED STATES SENATE ONE HUNDRED SIXTH CONGRESS SECOND SESSION MAY 10, 2000 Printed for the use of the Committee on Foreign Relations Available via the World Wide Web: http://www.access.gpo.gov/congress/ senate U.S. GOVERNMENT PRINTING OFFICE 67-221 CC WASHINGTON : 2000 COMMITTEE ON FOREIGN RELATIONS JESSE HELMS, North ...","","2000-05-10"
"812","Congressional Hearings","CHRG-106shrg67394","CHRG-106shrg67394","U.S. Foreign Policy Toward Libya","https://www.govinfo.gov/app/details/CHRG-106shrg67394/CHRG-106shrg67394","https://www.govinfo.gov/content/pkg/CHRG-106shrg67394/pdf/CHRG-106shrg67394.pdf","214.6 KB","https://www.govinfo.gov/content/pkg/CHRG-106shrg67394/html/CHRG-106shrg67394.htm","129.1 KB","","0 B","","0 B","","0 B","RELATIONS UNITED STATES SENATE ONE HUNDRED SIXTH CONGRESS SECOND SESSION MAY 4, 2000 Printed for the use of the Committee on Foreign Relations Available via the World Wide Web: http://www.access.gpo.gov/congress/ senate 67-394 CC COMMITTEE ON FOREIGN RELATIONS JESSE HELMS, North Carolina, Chairman RICHARD G. LUGAR, Indiana JOSEPH R. BIDEN, Jr., ...","","2000-05-04"
"813","Congressional Hearings","CHRG-106shrg67811","CHRG-106shrg67811","Lessons of NAFTA for U.S. Relations with the Americas","https://www.govinfo.gov/app/details/CHRG-106shrg67811/CHRG-106shrg67811","https://www.govinfo.gov/content/pkg/CHRG-106shrg67811/pdf/CHRG-106shrg67811.pdf","235.0 KB","https://www.govinfo.gov/content/pkg/CHRG-106shrg67811/html/CHRG-106shrg67811.htm","162.3 KB","","0 B","","0 B","","0 B"," TERRORISM OF THE COMMITTEE ON FOREIGN RELATIONS UNITED STATES SENATE ONE HUNDRED SIXTH CONGRESS SECOND SESSION APRIL 27, 2000 Printed for the use of the Committee on Foreign Relations Available via the World Wide Web: http://www.access.gpo.gov/congress/ senate U.S. GOVERNMENT PRINTING OFFICE 67-811 WASHINGTON : 2000 COMMITTEE ON FOREIGN ...","","2000-04-27"
"814","Congressional Hearings","CHRG-106shrg66329","CHRG-106shrg66329","Broadcasting: The Review of Priorities","https://www.govinfo.gov/app/details/CHRG-106shrg66329/CHRG-106shrg66329","https://www.govinfo.gov/content/pkg/CHRG-106shrg66329/pdf/CHRG-106shrg66329.pdf","362.2 KB","https://www.govinfo.gov/content/pkg/CHRG-106shrg66329/html/CHRG-106shrg66329.htm","168.2 KB","","0 B","","0 B","","0 B"," UNITED STATES SENATE ONE HUNDRED SIXTH CONGRESS SECOND SESSION APRIL 26, 2000 Printed for the use of the Committee on Foreign Relations Available via the World Wide Web: http://www.access.gpo.gov/congress/ senate U.S. GOVERNMENT PRINTING OFFICE 66-329 CC WASHINGTON : 2000 COMMITTEE ON FOREIGN RELATIONS JESSE HELMS, North Carolina, Chairman ...","","2000-04-26"
"815","Congressional Hearings","CHRG-106shrg66577","CHRG-106shrg66577","An Overview of Usaid Programs and Priorities on East Asia","https://www.govinfo.gov/app/details/CHRG-106shrg66577/CHRG-106shrg66577","https://www.govinfo.gov/content/pkg/CHRG-106shrg66577/pdf/CHRG-106shrg66577.pdf","170.1 KB","https://www.govinfo.gov/content/pkg/CHRG-106shrg66577/html/CHRG-106shrg66577.htm","69.7 KB","","0 B","","0 B","","0 B"," ON FOREIGN RELATIONS UNITED STATES SENATE ONE HUNDRED SIXTH CONGRESS SECOND SESSION APRIL 25, 2000 Printed for the use of the Committee on Foreign Relations Available via the World Wide Web: http://www.access.gpo.gov/congress/ senate U.S. GOVERNMENT PRINTING OFFICE 66-577 CC WASHINGTON : 2000 COMMITTEE ON FOREIGN RELATIONS JESSE HELMS, ...","","2000-04-25"
"816","Congressional Hearings","CHRG-106shrg67222","CHRG-106shrg67222","The Russian Presidential Elections","https://www.govinfo.gov/app/details/CHRG-106shrg67222/CHRG-106shrg67222","https://www.govinfo.gov/content/pkg/CHRG-106shrg67222/pdf/CHRG-106shrg67222.pdf","280.1 KB","https://www.govinfo.gov/content/pkg/CHRG-106shrg67222/html/CHRG-106shrg67222.htm","212.5 KB","","0 B","","0 B","","0 B"," SENATE ONE HUNDRED SIXTH CONGRESS SECOND SESSION APRIL 12, 2000 Printed for the use of the Committee on Foreign Relations Available via the World Wide Web: http://www.access.gpo.gov/congress/ senate U.S. GOVERNMENT PRINTING OFFICE 67-222 CC WASHINGTON : 2000 COMMITTEE ON FOREIGN RELATIONS JESSE HELMS, North Carolina, Chairman RICHARD G. LUGAR...","","2000-04-12"
"817","Congressional Hearings","CHRG-106shrg69745","CHRG-106shrg69745","The Status of Infrastructure Projects for Caspian Sea Energy Resources","https://www.govinfo.gov/app/details/CHRG-106shrg69745/CHRG-106shrg69745","https://www.govinfo.gov/content/pkg/CHRG-106shrg69745/pdf/CHRG-106shrg69745.pdf","393.3 KB","https://www.govinfo.gov/content/pkg/CHRG-106shrg69745/html/CHRG-106shrg69745.htm","218.3 KB","","0 B","","0 B","","0 B",", EXPORT AND TRADE PROMOTION OF THE COMMITTEE ON FOREIGN RELATIONS UNITED STATES SENATE ONE HUNDRED SIXTH CONGRESS SECOND SESSION APRIL 12, 2000 Printed for the use of the Committee on Foreign Relations Available via the World Wide Web: http://www.access.gpo.gov/congress/ senate U.S. GOVERNMENT PRINTING OFFICE 69-745 WASHINGTON : 2001 COMMITTEE ...","","2000-04-12"
"818","Congressional Hearings","CHRG-106shrg66499","CHRG-106shrg66499","Giving the People's Republic of China Permanent MFN: Implications for U.S. Policy","https://www.govinfo.gov/app/details/CHRG-106shrg66499/CHRG-106shrg66499","https://www.govinfo.gov/content/pkg/CHRG-106shrg66499/pdf/CHRG-106shrg66499.pdf","329.3 KB","https://www.govinfo.gov/content/pkg/CHRG-106shrg66499/html/CHRG-106shrg66499.htm","270.0 KB","","0 B","","0 B","","0 B"," STATES SENATE ONE HUNDRED SIXTH CONGRESS SECOND SESSION APRIL 11, 2000 Printed for the use of the Committee on Foreign Relations Available via the World Wide Web: http://www.access.gpo.gov/congress/ senate U.S. GOVERNMENT PRINTING OFFICE 66-499 CC WASHINGTON : 2000 COMMITTEE ON FOREIGN RELATIONS JESSE HELMS, North Carolina, Chairman RICHARD G...","","2000-04-11"
"819","Congressional Hearings","CHRG-106shrg66498","CHRG-106shrg66498","China in the WTO: What Will IT Mean for the U.S. High Technology Sector?","https://www.govinfo.gov/app/details/CHRG-106shrg66498/CHRG-106shrg66498","https://www.govinfo.gov/content/pkg/CHRG-106shrg66498/pdf/CHRG-106shrg66498.pdf","244.8 KB","https://www.govinfo.gov/content/pkg/CHRG-106shrg66498/html/CHRG-106shrg66498.htm","158.8 KB","","0 B","","0 B","","0 B"," POLICY, EXPORT AND TRADE PROMOTION AND THE SUBCOMMITTEE ON EAST ASIAN AND PACIFIC AFFAIRS OF THE COMMITTEE ON FOREIGN RELATIONS UNITED STATES SENATE ONE HUNDRED SIXTH CONGRESS SECOND SESSION APRIL 6, 2000 Printed for the use of the Committee on Foreign Relations Available via the World Wide Web: http://www.access.gpo.gov/congress/ senate U.S ...","","2000-04-06"
"820","Congressional Hearings","CHRG-106shrg65701","CHRG-106shrg65701","United Nations Peacekeeping Missions and Their Proliferation","https://www.govinfo.gov/app/details/CHRG-106shrg65701/CHRG-106shrg65701","https://www.govinfo.gov/content/pkg/CHRG-106shrg65701/pdf/CHRG-106shrg65701.pdf","441.0 KB","https://www.govinfo.gov/content/pkg/CHRG-106shrg65701/html/CHRG-106shrg65701.htm","227.5 KB","","0 B","","0 B","","0 B"," ON FOREIGN RELATIONS UNITED STATES SENATE ONE HUNDRED SIXTH CONGRESS SECOND SESSION APRIL 5, 2000 Printed for the use of the Committee on Foreign Relations Available via the World Wide Web: http://www.access.gpo.gov/congress/ senate U.S. GOVERNMENT PRINTING OFFICE 65-701 CC WASHINGTON : 2000 COMMITTEE ON FOREIGN RELATIONS JESSE HELMS, North ...","","2000-04-05"
"821","Congressional Hearings","CHRG-106shrg64742","CHRG-106shrg64742","The Legacies of the Holocaust","https://www.govinfo.gov/app/details/CHRG-106shrg64742/CHRG-106shrg64742","https://www.govinfo.gov/content/pkg/CHRG-106shrg64742/pdf/CHRG-106shrg64742.pdf","717.5 KB","https://www.govinfo.gov/content/pkg/CHRG-106shrg64742/html/CHRG-106shrg64742.htm","442.3 KB","","0 B","","0 B","","0 B"," SESSION APRIL 5, 2000 Printed for the use of the Committee on Foreign Relations Available via the World Wide Web: http://www.access.gpo.gov/congress/ senate U.S. GOVERNMENT PRINTING OFFICE 64-742 CC WASHINGTON : 2000 COMMITTEE ON FOREIGN RELATIONS JESSE HELMS, North Carolina, Chairman RICHARD G. LUGAR, Indiana JOSEPH R. BIDEN, Jr., Delaware CHUCK...","","2000-04-05"
"822","Congressional Hearings","CHRG-106shrg62154","CHRG-106shrg62154","THE FUTURE OF U.S.–U.N. RELATIONS A Dialogue Between the U.S. Senate Committee on Foreign Relations and the U.N. Security Council","https://www.govinfo.gov/app/details/CHRG-106shrg62154/CHRG-106shrg62154","https://www.govinfo.gov/content/pkg/CHRG-106shrg62154/pdf/CHRG-106shrg62154.pdf","511.4 KB","https://www.govinfo.gov/content/pkg/CHRG-106shrg62154/html/CHRG-106shrg62154.htm","442.3 KB","","0 B","","0 B","","0 B"," of the U.S. Senate Committee on Foreign Relations to the United Nations January 20-21, 2000 Address Before the U.N. Security Council by Senator Jesse Helms, Chairman Field Hearing: Implementation of U.N. Reforms Visit of the U.N. Security Council to the U.S. Senate March 30, 2000 Remarks Welcoming the U.N. Security Council by Senator Jesse Helms...","","2000-03-30"
"823","Congressional Hearings","CHRG-106shrg67659","CHRG-106shrg67659","Saddam's Iraq: Sanctions and U.S. Policy","https://www.govinfo.gov/app/details/CHRG-106shrg67659/CHRG-106shrg67659","https://www.govinfo.gov/content/pkg/CHRG-106shrg67659/pdf/CHRG-106shrg67659.pdf","369.8 KB","https://www.govinfo.gov/content/pkg/CHRG-106shrg67659/html/CHRG-106shrg67659.htm","311.1 KB","","0 B","","0 B","","0 B","FOREIGN RELATIONS UNITED STATES SENATE ONE HUNDRED SIXTH CONGRESS SECOND SESSION MARCH 22, 2000 Printed for the use of the Committee on Foreign Relations Available via the World Wide Web: http://www.access.gpo.gov/congress/ senate U.S. GOVERNMENT PRINTING OFFICE 67-659 CC WASHINGTON : 2000 COMMITTEE ON FOREIGN RELATIONS JESSE HELMS, North Carolina,...","","2000-03-22"
"824","Congressional Hearings","CHRG-106shrg67393","CHRG-106shrg67393","North Korea: Progress After Perry","https://www.govinfo.gov/app/details/CHRG-106shrg67393/CHRG-106shrg67393","https://www.govinfo.gov/content/pkg/CHRG-106shrg67393/pdf/CHRG-106shrg67393.pdf","194.9 KB","https://www.govinfo.gov/content/pkg/CHRG-106shrg67393/html/CHRG-106shrg67393.htm","107.5 KB","","0 B","","0 B","","0 B"," UNITED STATES SENATE ONE HUNDRED SIXTH CONGRESS SECOND SESSION MARCH 21, 2000 Printed for the use of the Committee on Foreign Relations Available via the World Wide Web: http://www.access.gpo.gov/congress/ senate U.S. GOVERNMENT PRINTING OFFICE 67-393 CC WASHINGTON : 2000 COMMITTEE ON FOREIGN RELATIONS JESSE HELMS, North Carolina, Chairman ...","","2000-03-21"
"825","Congressional Hearings","CHRG-106shrg64521","CHRG-106shrg64521","The Formulation of Effective Nonproliferation Policy","https://www.govinfo.gov/app/details/CHRG-106shrg64521/CHRG-106shrg64521","https://www.govinfo.gov/content/pkg/CHRG-106shrg64521/pdf/CHRG-106shrg64521.pdf","726.3 KB","https://www.govinfo.gov/content/pkg/CHRG-106shrg64521/html/CHRG-106shrg64521.htm","799.5 KB","","0 B","","0 B","","0 B"," SIXTH CONGRESS SECOND SESSION MARCH 21, 23, 28, 30, 2000 Printed for the use of the Committee on Foreign Relations Available via the World Wide Web: http://www.access.gpo.gov/congress/ senate U.S. GOVERNMENT PRINTING OFFICE 64-521 CC WASHINGTON : 2000 COMMITTEE ON FOREIGN RELATIONS JESSE HELMS, North Carolina, Chairman RICHARD G. LUGAR, Indiana...","","2000-03-21"
"826","Congressional Hearings","CHRG-106shrg65627","CHRG-106shrg65627","NATO and the EU's European Security and Defense Policy","https://www.govinfo.gov/app/details/CHRG-106shrg65627/CHRG-106shrg65627","https://www.govinfo.gov/content/pkg/CHRG-106shrg65627/pdf/CHRG-106shrg65627.pdf","669.2 KB","https://www.govinfo.gov/content/pkg/CHRG-106shrg65627/html/CHRG-106shrg65627.htm","165.0 KB","","0 B","","0 B","","0 B"," RELATIONS UNITED STATES SENATE ONE HUNDRED SIXTH CONGRESS SECOND SESSION MARCH 9, 2000 Printed for the use of the Committee on Foreign Relations Available via the World Wide Web: http://www.access.gpo.gov/congress/ senate U.S. GOVERNMENT PRINTING OFFICE 65-627 WASHINGTON : 2000 COMMITTEE ON FOREIGN RELATIONS JESSE HELMS, North Carolina, Chairman ...","","2000-03-09"
"827","Congressional Hearings","CHRG-106shrg63578","CHRG-106shrg63578","The War in Chechnya: Russia's Conduct, the Humanitarian Crisis, and United States Policy","https://www.govinfo.gov/app/details/CHRG-106shrg63578/CHRG-106shrg63578","https://www.govinfo.gov/content/pkg/CHRG-106shrg63578/pdf/CHRG-106shrg63578.pdf","728.6 KB","https://www.govinfo.gov/content/pkg/CHRG-106shrg63578/html/CHRG-106shrg63578.htm","142.7 KB","","0 B","","0 B","","0 B"," UNITED STATES SENATE ONE HUNDRED SIXTH CONGRESS SECOND SESSION MARCH 1, 2000 Printed for the use of the Committee on Foreign Relations Available via the World Wide Web: http://www.access.gpo.gov/congress/ senate U.S. GOVERNMENT PRINTING OFFICE 63-578 CC WASHINGTON : 2000 COMMITTEE ON FOREIGN RELATIONS JESSE HELMS, North Carolina, Chairman ...","","2000-03-01"
"828","Congressional Hearings","CHRG-106shrg64691","CHRG-106shrg64691","East Asia in 2000: Problems and Prospects in the Year of the Dragon","https://www.govinfo.gov/app/details/CHRG-106shrg64691/CHRG-106shrg64691","https://www.govinfo.gov/content/pkg/CHRG-106shrg64691/pdf/CHRG-106shrg64691.pdf","309.6 KB","https://www.govinfo.gov/content/pkg/CHRG-106shrg64691/html/CHRG-106shrg64691.htm","107.0 KB","","0 B","","0 B","","0 B"," ON FOREIGN RELATIONS UNITED STATES SENATE ONE HUNDRED SIXTH CONGRESS SECOND SESSION FEBRUARY 22, 2000 Printed for the use of the Committee on Foreign Relations Available via the World Wide Web: http://www.access.gpo.gov/congress/ senate U.S. GOVERNMENT PRINTING OFFICE 64-691 CC WASHINGTON : 2000 COMMITTEE ON FOREIGN RELATIONS JESSE HELMS, North ...","","2000-02-22"
"829","Congressional Hearings","CHRG-106shrg63986","CHRG-106shrg63986","International Trafficking in Women and Children","https://www.govinfo.gov/app/details/CHRG-106shrg63986/CHRG-106shrg63986","https://www.govinfo.gov/content/pkg/CHRG-106shrg63986/pdf/CHRG-106shrg63986.pdf","410.4 KB","https://www.govinfo.gov/content/pkg/CHRG-106shrg63986/html/CHRG-106shrg63986.htm","387.5 KB","","0 B","","0 B","","0 B"," ON FOREIGN RELATIONS UNITED STATES SENATE ONE HUNDRED SIXTH CONGRESS SECOND SESSION FEBRUARY 22 AND APRIL 4, 2000 Printed for the use of the Committee on Foreign Relations Available via the World Wide Web: http://www.access.gpo.gov/congress/ senate U.S. GOVERNMENT PRINTING OFFICE 63-986 CC WASHINGTON : 2000 COMMITTEE ON FOREIGN RELATIONS JESSE...","","2000-02-22"
"830","Congressional Hearings","CHRG-106shrg64654","CHRG-106shrg64654","Russian Intelligence Activities Directed at the Department of State","https://www.govinfo.gov/app/details/CHRG-106shrg64654/CHRG-106shrg64654","https://www.govinfo.gov/content/pkg/CHRG-106shrg64654/pdf/CHRG-106shrg64654.pdf","300.8 KB","https://www.govinfo.gov/content/pkg/CHRG-106shrg64654/html/CHRG-106shrg64654.htm","93.2 KB","","0 B","","0 B","","0 B"," ONE HUNDRED SIXTH CONGRESS SECOND SESSION FEBRUARY 10, 2000 Printed for the use of the Committee on Foreign Relations Available via the World Wide Web: http://www.access.gpo.gov/congress/ senate U.S. GOVERNMENT PRINTING OFFICE 64-654 CC WASHINGTON : 2000 COMMITTEE ON FOREIGN RELATIONS JESSE HELMS, North Carolina, Chairman RICHARD G. LUGAR, ...","","2000-02-10"
"831","Congressional Hearings","CHRG-106hhrg67455","CHRG-106hhrg67455","East Timor: A New Beginning?","https://www.govinfo.gov/app/details/CHRG-106hhrg67455/CHRG-106hhrg67455","https://www.govinfo.gov/content/pkg/CHRG-106hhrg67455/pdf/CHRG-106hhrg67455.pdf","3.6 MB","https://www.govinfo.gov/content/pkg/CHRG-106hhrg67455/html/CHRG-106hhrg67455.htm","129.6 KB","","0 B","","0 B","","0 B"," and the SUBCOMMITTEE ON EAST ASIAN AND PACIFIC AFFAIRS of the COMMITTEE ON FOREIGN RELATIONS UNITED STATES SENATE ONE HUNDRED SIXTH CONGRESS SECOND SESSION FEBRUARY 10, 2000 Committee on International Relations Serial No. 106-98 Committee on Foreign Relations Printed for the use of the Committee on International Relations and the ...","","2000-02-10"
"832","Congressional Hearings","CHRG-106shrg62155","CHRG-106shrg62155","Examining the Work of the Overseas Presence Review Panel","https://www.govinfo.gov/app/details/CHRG-106shrg62155/CHRG-106shrg62155","https://www.govinfo.gov/content/pkg/CHRG-106shrg62155/pdf/CHRG-106shrg62155.pdf","284.5 KB","https://www.govinfo.gov/content/pkg/CHRG-106shrg62155/html/CHRG-106shrg62155.htm","71.8 KB","","0 B","","0 B","","0 B"," ON FOREIGN RELATIONS UNITED STATES SENATE ONE HUNDRED SIXTH CONGRESS FIRST SESSION NOVEMBER 10, 1999 Printed for the use of the Committee on Foreign Relations Available via the World Wide Web: http://www.access.gpo.gov/congress/senate U.S. GOVERNMENT PRINTING OFFICE 62-155CC WASHINGTON : 2000 COMMITTEE ON FOREIGN RELATIONS JESSE HELMS, North ...","","1999-11-10"
"833","Congressional Hearings","CHRG-106shrg61867","CHRG-106shrg61867","The Nigerian Transition and the Future of U.S. Policy","https://www.govinfo.gov/app/details/CHRG-106shrg61867/CHRG-106shrg61867","https://www.govinfo.gov/content/pkg/CHRG-106shrg61867/pdf/CHRG-106shrg61867.pdf","494.8 KB","https://www.govinfo.gov/content/pkg/CHRG-106shrg61867/html/CHRG-106shrg61867.htm","369.5 KB","","0 B","","0 B","","0 B"," SIXTH CONGRESS FIRST SESSION NOVEMBER 4, 1999 Printed for the use of the Committee on Foreign Relations Available via the World Wide Web: http://www.access.gpo.gov/congress/senate U.S. GOVERNMENT PRINTING OFFICE 61-867 CC WASHINGTON : 2000 COMMITTEE ON FOREIGN RELATIONS JESSE HELMS, North Carolina, Chairman RICHARD G. LUGAR, Indiana JOSEPH R. ...","","1999-11-04"
"834","Congressional Hearings","CHRG-106shrg61866","CHRG-106shrg61866","Chechnya: Implications for Russia and the Caucasus","https://www.govinfo.gov/app/details/CHRG-106shrg61866/CHRG-106shrg61866","https://www.govinfo.gov/content/pkg/CHRG-106shrg61866/pdf/CHRG-106shrg61866.pdf","301.2 KB","https://www.govinfo.gov/content/pkg/CHRG-106shrg61866/html/CHRG-106shrg61866.htm","97.0 KB","","0 B","","0 B","","0 B"," SIXTH CONGRESS FIRST SESSION NOVEMBER 4, 1999 Printed for the use of the Committee on Foreign Relations Available via the World Wide Web: http://www.access.gpo.gov/congress/senate U.S GOVERNMENT PRINTING OFFICE 61-866 CC WASHINGTON : 2000 COMMITTEE ON FOREIGN RELATIONS JESSE HELMS, North Carolina, Chairman RICHARD G. LUGAR, Indiana JOSEPH R. BIDEN...","","1999-11-04"
"835","Congressional Hearings","CHRG-106shrg61868","CHRG-106shrg61868","The United Nations: Progress in Promoting U.S. Interests","https://www.govinfo.gov/app/details/CHRG-106shrg61868/CHRG-106shrg61868","https://www.govinfo.gov/content/pkg/CHRG-106shrg61868/pdf/CHRG-106shrg61868.pdf","330.6 KB","https://www.govinfo.gov/content/pkg/CHRG-106shrg61868/html/CHRG-106shrg61868.htm","76.9 KB","","0 B","","0 B","","0 B"," ON FOREIGN RELATIONS UNITED STATES SENATE ONE HUNDRED SIXTH CONGRESS FIRST SESSION NOVEMBER 3, 1999 Printed for the use of the Committee on Foreign Relations Available via the World Wide Web: http://www.access.gpo.gov/congress/senate U.S. GOVERNMENT PRINTING OFFICE 61-868 CC WASHINGTON : 2000 For sale by the U.S. Government Printing Office ...","","1999-11-03"
"836","Congressional Hearings","CHRG-106shrg61869","CHRG-106shrg61869","Extremist Movements and Their Threat to the United States","https://www.govinfo.gov/app/details/CHRG-106shrg61869/CHRG-106shrg61869","https://www.govinfo.gov/content/pkg/CHRG-106shrg61869/pdf/CHRG-106shrg61869.pdf","327.0 KB","https://www.govinfo.gov/content/pkg/CHRG-106shrg61869/html/CHRG-106shrg61869.htm","136.6 KB","","0 B","","0 B","","0 B","THE COMMITTEE ON FOREIGN RELATIONS UNITED STATES SENATE ONE HUNDRED SIXTH CONGRESS FIRST SESSION NOVEMBER 2, 1999 Printed for the use of the Committee on Foreign Relations Available via the World Wide Web: http://www.access.gpo.gov/congress/senate U.S. GOVERNMENT PRINTING OFFICE 61-869 CC WASHINGTON : 2000 For sale by the U.S. Government Printing ...","","1999-11-02"
"837","Congressional Hearings","CHRG-106shrg62509","CHRG-106shrg62509","Bilateral Tax Treaties and Protocol: Estonia","https://www.govinfo.gov/app/details/CHRG-106shrg62509/CHRG-106shrg62509","https://www.govinfo.gov/content/pkg/CHRG-106shrg62509/pdf/CHRG-106shrg62509.pdf","529.5 KB","https://www.govinfo.gov/content/pkg/CHRG-106shrg62509/html/CHRG-106shrg62509.htm","431.4 KB","","0 B","","0 B","","0 B"," TREATY DOC. 106-12; LITHUANIA--TREATY DOC. 105-56; SLOVENIA--TREATY DOC. 106-9; ITALY--TREATY DOC. 106-11; GERMANY--TREATY DOC. 106-13 HEARING BEFORE THE COMMITTEE ON FOREIGN RELATIONS UNITED STATES SENATE ONE HUNDRED SIXTH CONGRESS FIRST SESSION OCTOBER 27, 1999 Printed for the use of the Committee on Foreign Relations Available via the World ...","","1999-10-27"
"838","Congressional Hearings","CHRG-106shrg61245","CHRG-106shrg61245","Challenges Facing the Next U.S. Ambassador to the People's Republic of China","https://www.govinfo.gov/app/details/CHRG-106shrg61245/CHRG-106shrg61245","https://www.govinfo.gov/content/pkg/CHRG-106shrg61245/pdf/CHRG-106shrg61245.pdf","446.2 KB","https://www.govinfo.gov/content/pkg/CHRG-106shrg61245/html/CHRG-106shrg61245.htm","297.1 KB","","0 B","","0 B","","0 B"," HEARINGS BEFORE THE COMMITTEE ON FOREIGN RELATIONS UNITED STATES SENATE ONE HUNDRED SIXTH CONGRESS FIRST SESSION OCTOBER 27 AND 28, 1999 Printed for the use of the Committee on Foreign Relations Available via the World Wide Web: http://www.access.gpo.gov/congress/senate U.S. GOVERNMENT PRINTING OFFICE 61-245CC WASHINGTON : 2000 COMMITTEE ON ...","","1999-10-27"
"839","Congressional Hearings","CHRG-106shrg61870","CHRG-106shrg61870","Crisis in Pakistan","https://www.govinfo.gov/app/details/CHRG-106shrg61870/CHRG-106shrg61870","https://www.govinfo.gov/content/pkg/CHRG-106shrg61870/pdf/CHRG-106shrg61870.pdf","277.1 KB","https://www.govinfo.gov/content/pkg/CHRG-106shrg61870/html/CHRG-106shrg61870.htm","64.5 KB","","0 B","","0 B","","0 B"," STATES SENATE ONE HUNDRED SIXTH CONGRESS FIRST SESSION OCTOBER 14, 1999 Printed for the use of the Committee on Foreign Relations U.S. GOVERNMENT PRINTING OFFICE 61-870 CC WASHINGTON : 2000 For sale by the U.S. Government Printing Office Superintendent of Documents, Congressional Sales Office, Washington, DC 20402 COMMITTEE ON FOREIGN RELATIONS ...","","1999-10-14"
"840","Congressional Hearings","CHRG-106shrg61364","CHRG-106shrg61364","Final Review of the Comprehensive Nuclear Test Ban Treaty (Treaty Doc. 105-28)","https://www.govinfo.gov/app/details/CHRG-106shrg61364/CHRG-106shrg61364","https://www.govinfo.gov/content/pkg/CHRG-106shrg61364/pdf/CHRG-106shrg61364.pdf","432.7 KB","https://www.govinfo.gov/content/pkg/CHRG-106shrg61364/html/CHRG-106shrg61364.htm","470.0 KB","","0 B","","0 B","","0 B"," STATES SENATE ONE HUNDRED SIXTH CONGRESS FIRST SESSION OCTOBER 7, 1999 Printed for the use of the Committee on Foreign Relations Available via the World Wide Web: http://www.access.gpo.gov/congress/senate U.S. GOVERNMENT PRINTING OFFICE 61-364 CC WASHINGTON : 2000 For sale by the U.S. Government Printing Office Superintendent of Documents, ...","","1999-10-07"
"841","Congressional Hearings","CHRG-106shrg61871","CHRG-106shrg61871","Crisis in Colombia: U.S. Support for Peace Process and Anti-Drug Efforts","https://www.govinfo.gov/app/details/CHRG-106shrg61871/CHRG-106shrg61871","https://www.govinfo.gov/content/pkg/CHRG-106shrg61871/pdf/CHRG-106shrg61871.pdf","554.3 KB","https://www.govinfo.gov/content/pkg/CHRG-106shrg61871/html/CHRG-106shrg61871.htm","255.9 KB","","0 B","","0 B","","0 B"," SENATE ONE HUNDRED SIXTH CONGRESS FIRST SESSION OCTOBER 6, 1999 Printed for the use of the Committee on Foreign Relations Available via the World Wide Web: http://www.access.gpo.gov/congress/senate U.S. GOVERNMENT PRINTING OFFICE 61-871 CC WASHINGTON : 2000 COMMITTEE ON FOREIGN RELATIONS JESSE HELMS, North Carolina, Chairman RICHARD G. LUGAR, ...","","1999-10-06"
"842","Congressional Hearings","CHRG-106shrg61363","CHRG-106shrg61363","Facing Saddam's Iraq: Disarray in the International Community","https://www.govinfo.gov/app/details/CHRG-106shrg61363/CHRG-106shrg61363","https://www.govinfo.gov/content/pkg/CHRG-106shrg61363/pdf/CHRG-106shrg61363.pdf","291.4 KB","https://www.govinfo.gov/content/pkg/CHRG-106shrg61363/html/CHRG-106shrg61363.htm","84.2 KB","","0 B","","0 B","","0 B","ONE HUNDRED SIXTH CONGRESS FIRST SESSION SEPTEMBER 28, 1999 Printed for the use of the Committee on Foreign Relations Available via the World Wide Web: http://www.access.gpo.gov/congress/senate U.S. GOVERNMENT PRINTING OFFICE 61-363 CC WASHINGTON : 2000 For sale by the U.S. Government Printing Office Superintendent of Documents, Congressional Sales...","","1999-09-28"
"843","Congressional Hearings","CHRG-106shrg61362","CHRG-106shrg61362","Corruption in Russia","https://www.govinfo.gov/app/details/CHRG-106shrg61362/CHRG-106shrg61362","https://www.govinfo.gov/content/pkg/CHRG-106shrg61362/pdf/CHRG-106shrg61362.pdf","336.0 KB","https://www.govinfo.gov/content/pkg/CHRG-106shrg61362/html/CHRG-106shrg61362.htm","334.9 KB","","0 B","","0 B","","0 B"," SEPTEMBER 23 AND 30, 1999 Printed for the use of the Committee on Foreign Relations Available via the World Wide Web: http://www.access.gpo.gov/congress/senate U.S. GOVERNMENT PRINTING OFFICE 61-362 CC WASHINGTON : 2000 For sale by the U.S. Government Printing Office Superintendent of Documents, Congressional Sales Office, Washington, DC 20402 ...","","1999-09-23"
"844","Congressional Hearings","CHRG-106shrg61361","CHRG-106shrg61361","An Overview of U.S. Counterterrorism Policy and President Clinton's Decision to Grant Clemency to Faln Terrorists","https://www.govinfo.gov/app/details/CHRG-106shrg61361/CHRG-106shrg61361","https://www.govinfo.gov/content/pkg/CHRG-106shrg61361/pdf/CHRG-106shrg61361.pdf","328.6 KB","https://www.govinfo.gov/content/pkg/CHRG-106shrg61361/html/CHRG-106shrg61361.htm","141.4 KB","","0 B","","0 B","","0 B","SUBCOMMITTEE ON WESTERN HEMISPHERE, PEACE CORPS, NARCOTICS AND TERRORISM OF THE COMMITTEE ON FOREIGN RELATIONS UNITED STATES SENATE ONE HUNDRED SIXTH CONGRESS FIRST SESSION SEPTEMBER 14, 1999 Printed for the use of the Committee on Foreign Relations Available via the World Wide Web: http://www.access.gpo.gov/congress/senate U.S. GOVERNMENT PRINTING...","","1999-09-14"
"845","Congressional Hearings","CHRG-106hhrg61319","CHRG-106hhrg61319","The Political Futures of Indonesia and East Timor","https://www.govinfo.gov/app/details/CHRG-106hhrg61319/CHRG-106hhrg61319","https://www.govinfo.gov/content/pkg/CHRG-106hhrg61319/pdf/CHRG-106hhrg61319.pdf","1.4 MB","https://www.govinfo.gov/content/pkg/CHRG-106hhrg61319/html/CHRG-106hhrg61319.htm","171.6 KB","","0 B","","0 B","","0 B"," HOUSE OF REPRESENTATIVES AND THE SUBCOMMITTEE ON EAST ASIAN AND PACIFIC AFFAIRS OF THE COMMITTEE ON FOREIGN RELATIONS UNITED STATES SENATE ONE HUNDRED SIXTH CONGRESS FIRST SESSION ON SEPTEMBER 9, 1999 Serial No. 106-68 Printed for the use of the Committee on International Relations U.S. GOVERNMENT PRINTING OFFICE 61-319 CC WASHINGTON : 2000 ...","","1999-09-09"
"846","Congressional Hearings","CHRG-106shrg61048","CHRG-106shrg61048","U.S. Policy Toward Victims of Torture","https://www.govinfo.gov/app/details/CHRG-106shrg61048/CHRG-106shrg61048","https://www.govinfo.gov/content/pkg/CHRG-106shrg61048/pdf/CHRG-106shrg61048.pdf","208.7 KB","https://www.govinfo.gov/content/pkg/CHRG-106shrg61048/html/CHRG-106shrg61048.htm","165.1 KB","","0 B","","0 B","","0 B"," UNITED STATES SENATE ONE HUNDRED SIXTH CONGRESS FIRST SESSION JULY 30, 1999 Printed for the use of the Committee on Foreign Relations Available via the World Wide Web: http://www.access.gpo.gov/congress/senate U.S. GOVERNMENT PRINTING OFFICE 61-048 CC WASHINGTON : 2000 For sale by the U.S. Government Printing Office Superintendent of Documents, ...","","1999-07-30"
"847","Congressional Hearings","CHRG-106shrg61047","CHRG-106shrg61047","Prospects for Democracy in Yugoslavia","https://www.govinfo.gov/app/details/CHRG-106shrg61047/CHRG-106shrg61047","https://www.govinfo.gov/content/pkg/CHRG-106shrg61047/pdf/CHRG-106shrg61047.pdf","261.8 KB","https://www.govinfo.gov/content/pkg/CHRG-106shrg61047/html/CHRG-106shrg61047.htm","232.5 KB","","0 B","","0 B","","0 B"," STATES SENATE ONE HUNDRED SIXTH CONGRESS FIRST SESSION JULY 29, 1999 Printed for the use of the Committee on Foreign Relations Available via the World Wide Web: http://www.access.gpo.gov/congress/senate U.S. GOVERNMENT PRINTING OFFICE 61-047 CC WASHINGTON : 2000 For sale by the U.S. Government Printing Office Superintendent of Documents, ...","","1999-07-29"
"848","Congressional Hearings","CHRG-106shrg61046","CHRG-106shrg61046","Agency for International Development and U.S. Climate Change Policy","https://www.govinfo.gov/app/details/CHRG-106shrg61046/CHRG-106shrg61046","https://www.govinfo.gov/content/pkg/CHRG-106shrg61046/pdf/CHRG-106shrg61046.pdf","180.2 KB","https://www.govinfo.gov/content/pkg/CHRG-106shrg61046/html/CHRG-106shrg61046.htm","119.8 KB","","0 B","","0 B","","0 B"," EXPORT AND TRADE PROMOTION OF THE COMMITTEE ON FOREIGN RELATIONS UNITED STATES SENATE ONE HUNDRED SIXTH CONGRESS FIRST SESSION JULY 28, 1999 Printed for the use of the Committee on Foreign Relations Available via the World Wide Web: http://www.access.gpo.gov/congress/ senate U.S. GOVERNMENT PRINTING OFFICE 61-046 CC WASHINGTON : 1999 COMMITTEE ON ...","","1999-07-28"
"849","Congressional Hearings","CHRG-106shrg61360","CHRG-106shrg61360","Barriers to Trade and Investment in Africa","https://www.govinfo.gov/app/details/CHRG-106shrg61360/CHRG-106shrg61360","https://www.govinfo.gov/content/pkg/CHRG-106shrg61360/pdf/CHRG-106shrg61360.pdf","314.2 KB","https://www.govinfo.gov/content/pkg/CHRG-106shrg61360/html/CHRG-106shrg61360.htm","111.2 KB","","0 B","","0 B","","0 B"," STATES SENATE ONE HUNDRED SIXTH CONGRESS FIRST SESSION JULY 27, 1999 Printed for the use of the Committee on Foreign Relations Available via the World Wide Web: http://www.access.gpo.gov/congress/ senate U.S. GOVERNMENT PRINTING OFFICE 61-360 CC WASHINGTON : 2000 COMMITTEE ON FOREIGN RELATIONS JESSE HELMS, North Carolina, Chairman RICHARD G. ...","","1999-07-27"
"850","Congressional Hearings","CHRG-106shrg61049","CHRG-106shrg61049","Iran: Limits to Rapprochement","https://www.govinfo.gov/app/details/CHRG-106shrg61049/CHRG-106shrg61049","https://www.govinfo.gov/content/pkg/CHRG-106shrg61049/pdf/CHRG-106shrg61049.pdf","170.9 KB","https://www.govinfo.gov/content/pkg/CHRG-106shrg61049/html/CHRG-106shrg61049.htm","104.2 KB","","0 B","","0 B","","0 B"," UNITED STATES SENATE ONE HUNDRED SIXTH CONGRESS FIRST SESSION JULY 22, 1999 Printed for the use of the Committee on Foreign Relations U.S. GOVERNMENT PRINTING OFFICE 61-049 CC WASHINGTON : 1999 COMMITTEE ON FOREIGN RELATIONS JESSE HELMS, North Carolina, Chairman RICHARD G. LUGAR, Indiana JOSEPH R. BIDEN, Jr., Delaware PAUL COVERDELL, Georgia...","","1999-07-22"
"851","Congressional Hearings","CHRG-106shrg61045","CHRG-106shrg61045","U.S. Policy Toward Iraq: Mobilizing the Opposition","https://www.govinfo.gov/app/details/CHRG-106shrg61045/CHRG-106shrg61045","https://www.govinfo.gov/content/pkg/CHRG-106shrg61045/pdf/CHRG-106shrg61045.pdf","188.9 KB","https://www.govinfo.gov/content/pkg/CHRG-106shrg61045/html/CHRG-106shrg61045.htm","138.6 KB","","0 B","","0 B","","0 B"," ON FOREIGN RELATIONS UNITED STATES SENATE ONE HUNDRED SIXTH CONGRESS FIRST SESSION JUNE 23, 1999 Printed for the use of the Committee on Foreign Relations U.S. GOVERNMENT PRINTING OFFICE 61-045 CC WASHINGTON : 1999 For sale by the U.S. Government Printing Office Superintendent of Documents, Congressional Sales Office, Washington, DC 20402 ...","","1999-06-23"
"852","Congressional Hearings","CHRG-106shrg60899","CHRG-106shrg60899","Confronting Threats to Security in the Americas","https://www.govinfo.gov/app/details/CHRG-106shrg60899/CHRG-106shrg60899","https://www.govinfo.gov/content/pkg/CHRG-106shrg60899/pdf/CHRG-106shrg60899.pdf","189.0 KB","https://www.govinfo.gov/content/pkg/CHRG-106shrg60899/html/CHRG-106shrg60899.htm","136.6 KB","","0 B","","0 B","","0 B"," OF THE COMMITTEE ON FOREIGN RELATIONS UNITED STATES SENATE ONE HUNDRED SIXTH CONGRESS FIRST SESSION JUNE 22, 1999 Printed for the use of the Committee on Foreign Relations Available via the World Wide Web: http://www.access.gpo.gov/congress/ senate U.S. GOVERNMENT PRINTING OFFICE 60-899 CC WASHINGTON : 1999 COMMITTEE ON FOREIGN RELATIONS ...","","1999-06-22"
"853","Congressional Hearings","CHRG-106shrg57735","CHRG-106shrg57735","Hearings on the Nomination of Hon. Richard C. Holbrooke to Serve as U.S. Ambassador to the United Nations","https://www.govinfo.gov/app/details/CHRG-106shrg57735/CHRG-106shrg57735","https://www.govinfo.gov/content/pkg/CHRG-106shrg57735/pdf/CHRG-106shrg57735.pdf","584.3 KB","https://www.govinfo.gov/content/pkg/CHRG-106shrg57735/html/CHRG-106shrg57735.htm","467.1 KB","","0 B","","0 B","","0 B"," ON FOREIGN RELATIONS UNITED STATES SENATE ONE HUNDRED SIXTH CONGRESS FIRST SESSION JUNE 17, 22, AND 24, 1999 Printed for the use of the Committee on Foreign Relations Available via the World Wide Web: http://www.access.gpo.gov/congress/senate U.S. GOVERNMENT PRINTING OFFICE 57-735 CC WASHINGTON : 1999 For sale by the U.S. Government Printing ...","","1999-06-17"
"854","Congressional Hearings","CHRG-106shrg59863","CHRG-106shrg59863","Political/military Developments in India","https://www.govinfo.gov/app/details/CHRG-106shrg59863/CHRG-106shrg59863","https://www.govinfo.gov/content/pkg/CHRG-106shrg59863/pdf/CHRG-106shrg59863.pdf","320.7 KB","https://www.govinfo.gov/content/pkg/CHRG-106shrg59863/html/CHRG-106shrg59863.htm","132.0 KB","","0 B","","0 B","","0 B","FOREIGN RELATIONS UNITED STATES SENATE ONE HUNDRED SIXTH CONGRESS FIRST SESSION MAY 25, 1999 Printed for the use of the Committee on Foreign Relations U.S. GOVERNMENT PRINTING OFFICE 59-863 CC WASHINGTON : 1999 For sale by the U.S. Government Printing Office Superintendent of Documents, Congressional Sales Office, Washington, DC 20402 COMMITTEE ON ...","","1999-05-25"
"855","Congressional Hearings","CHRG-106shrg59862","CHRG-106shrg59862","The State of Democracy and the Rule of Law in the Americas","https://www.govinfo.gov/app/details/CHRG-106shrg59862/CHRG-106shrg59862","https://www.govinfo.gov/content/pkg/CHRG-106shrg59862/pdf/CHRG-106shrg59862.pdf","230.6 KB","https://www.govinfo.gov/content/pkg/CHRG-106shrg59862/html/CHRG-106shrg59862.htm","199.3 KB","","0 B","","0 B","","0 B"," AND TERRORISM OF THE COMMITTEE ON FOREIGN RELATIONS UNITED STATES SENATE ONE HUNDRED SIXTH CONGRESS FIRST SESSION MAY 12, 1999 Printed for the use of the Committee on Foreign Relations Available via the World Wide Web: http://www.access.gpo.gov/congress/ senate U.S. GOVERNMENT PRINTING OFFICE 59-862 CC WASHINGTON : 1999 COMMITTEE ON FOREIGN ...","","1999-05-12"
"856","Congressional Hearings","CHRG-106shrg58824","CHRG-106shrg58824","Hearings on Sanctions Reform","https://www.govinfo.gov/app/details/CHRG-106shrg58824/CHRG-106shrg58824","https://www.govinfo.gov/content/pkg/CHRG-106shrg58824/pdf/CHRG-106shrg58824.pdf","506.5 KB","https://www.govinfo.gov/content/pkg/CHRG-106shrg58824/html/CHRG-106shrg58824.htm","391.3 KB","","0 B","","0 B","","0 B"," SESSION MAY 11, JULY 1 AND 21, 1999 Printed for the use of the Committee on Foreign Relations Available via the World Wide Web: http://www.access.gpo.gov/congress/senate U.S. GOVERNMENT PRINTING OFFICE 58-824 CC WASHINGTON : 1999 For sale by the U.S. Government Printing Office Superintendent of Documents, Congressional Sales Office, Washington, DC...","","1999-05-11"
"857","Congressional Hearings","CHRG-106shrg57687","CHRG-106shrg57687","Nonproliferation, Arms Control, and Political-Military Issues","https://www.govinfo.gov/app/details/CHRG-106shrg57687/CHRG-106shrg57687","https://www.govinfo.gov/content/pkg/CHRG-106shrg57687/pdf/CHRG-106shrg57687.pdf","324.9 KB","https://www.govinfo.gov/content/pkg/CHRG-106shrg57687/html/CHRG-106shrg57687.htm","134.3 KB","","0 B","","0 B","","0 B","ONE HUNDRED SIXTH CONGRESS FIRST SESSION APRIL 27, 1999 Printed for the use of the Committee on Foreign Relations Available via the World Wide Web: http://www.access.gpo.gov/congress/senate U.S. GOVERNMENT PRINTING OFFICE 57-687 CC WASHINGTON : 2000 For sale by the U.S. Government Printing Office Superintendent of Documents, Congressional Sales ...","","1999-04-27"
"858","Congressional Hearings","CHRG-106shrg58335","CHRG-106shrg58335","NATO's 50th Anniversary Summit","https://www.govinfo.gov/app/details/CHRG-106shrg58335/CHRG-106shrg58335","https://www.govinfo.gov/content/pkg/CHRG-106shrg58335/pdf/CHRG-106shrg58335.pdf","396.3 KB","https://www.govinfo.gov/content/pkg/CHRG-106shrg58335/html/CHRG-106shrg58335.htm","234.6 KB","","0 B","","0 B","","0 B"," SESSION APRIL 21, 1999 Printed for the use of the Committee on Foreign Relations Available via the World Wide Web: http://www.access.gpo.gov/congress/senate U.S. GOVERNMENT PRINTING OFFICE 58-335 CC WASHINGTON : 1999 For sale by the U.S. Government Printing Office Superintendent of Documents, Congressional Sales Office, Washington, DC 20402 ...","","1999-04-21"
"859","Congressional Hearings","CHRG-106shrg57452","CHRG-106shrg57452","The War in Kosovo and a Postwar Analysis","https://www.govinfo.gov/app/details/CHRG-106shrg57452/CHRG-106shrg57452","https://www.govinfo.gov/content/pkg/CHRG-106shrg57452/pdf/CHRG-106shrg57452.pdf","481.5 KB","https://www.govinfo.gov/content/pkg/CHRG-106shrg57452/html/CHRG-106shrg57452.htm","348.5 KB","","0 B","","0 B","","0 B"," FIRST SESSION APRIL 20, SEPTEMBER 28, AND OCTOBER 6, 1999 Printed for the use of the Committee on Foreign Relations Available via the World Wide Web: http://www.access.gpo.gov/congress/senate U.S. GOVERNMENT PRINTING OFFICE 57-452 CC WASHINGTON : 2000 For sale by the U.S. Government Printing Office Superintendent of Documents, Congressional ...","","1999-04-20"
"860","Congressional Hearings","CHRG-106shrg56777","CHRG-106shrg56777","Ballistic Missiles: Threat and Response","https://www.govinfo.gov/app/details/CHRG-106shrg56777/CHRG-106shrg56777","https://www.govinfo.gov/content/pkg/CHRG-106shrg56777/pdf/CHRG-106shrg56777.pdf","1.6 MB","https://www.govinfo.gov/content/pkg/CHRG-106shrg56777/html/CHRG-106shrg56777.htm","1.9 MB","","0 B","","0 B","","0 B"," FIRST SESSION APRIL 15 AND 20, MAY 4, 5, 13, 25, 26, AND SEPTEMBER 16, 1999 Printed for the use of the Committee on Foreign Relations Available via the World Wide Web: http://www.access.gpo.gov/congress/senate U.S. GOVERNMENT PRINTING OFFICE 56-777 CC WASHINGTON : 2000 COMMITTEE ON FOREIGN RELATIONS JESSE HELMS, North Carolina, Chairman ...","","1999-04-15"
"861","Congressional Hearings","CHRG-106shrg56855","CHRG-106shrg56855","Trade Versus Aid: NAFTA Five Years Later","https://www.govinfo.gov/app/details/CHRG-106shrg56855/CHRG-106shrg56855","https://www.govinfo.gov/content/pkg/CHRG-106shrg56855/pdf/CHRG-106shrg56855.pdf","589.8 KB","https://www.govinfo.gov/content/pkg/CHRG-106shrg56855/html/CHRG-106shrg56855.htm","242.1 KB","","0 B","","0 B","","0 B"," FIRST SESSION APRIL 13, 1999 Printed for the use of the Committee on Foreign Relations Available via the World Wide Web: http://www.access.gpo.gov/congress/ senate U.S. GOVERNMENT PRINTING OFFICE 56-855 CC WASHINGTON : 1999 For sale by the U.S. Government Printing Office Superintendent of Documents, Congressional Sales Office, Washington, DC ...","","1999-04-13"
"862","Congressional Hearings","CHRG-106shrg55823","CHRG-106shrg55823","United States-Taiwan Relations: The 20th Anniversary of the Taiwan Relations Act","https://www.govinfo.gov/app/details/CHRG-106shrg55823/CHRG-106shrg55823","https://www.govinfo.gov/content/pkg/CHRG-106shrg55823/pdf/CHRG-106shrg55823.pdf","437.0 KB","https://www.govinfo.gov/content/pkg/CHRG-106shrg55823/html/CHRG-106shrg55823.htm","211.0 KB","","0 B","","0 B","","0 B"," STATES SENATE ONE HUNDRED SIXTH CONGRESS FIRST SESSION MARCH 25, 1999 Printed for the use of the Committee on Foreign Relations Available via the World Wide Web: http://www.access.gpo.gov/congress/ senate U.S. GOVERNMENT PRINTING OFFICE 55-823 cc WASHINGTON : 1999 COMMITTEE ON FOREIGN RELATIONS JESSE HELMS, North Carolina, Chairman RICHARD G. ...","","1999-03-25"
"863","Congressional Hearings","CHRG-106shrg56319","CHRG-106shrg56319","The European Union: Internal Reform, Enlargement, and the Common Foreign and Security Policy","https://www.govinfo.gov/app/details/CHRG-106shrg56319/CHRG-106shrg56319","https://www.govinfo.gov/content/pkg/CHRG-106shrg56319/pdf/CHRG-106shrg56319.pdf","365.7 KB","https://www.govinfo.gov/content/pkg/CHRG-106shrg56319/html/CHRG-106shrg56319.htm","170.2 KB","","0 B","","0 B","","0 B"," AFFAIRS OF THE COMMITTEE ON FOREIGN RELATIONS UNITED STATES SENATE ONE HUNDRED SIXTH CONGRESS FIRST SESSION MARCH 24, 1999 Printed for the use of the Committee on Foreign Relations Available via the World Wide Web: http://www.access.gpo.gov/congress/ senate U.S. GOVERNMENT PRINTING OFFICE 56-319 CC WASHINGTON : 1999 COMMITTEE ON FOREIGN ...","","1999-03-24"
"864","Congressional Hearings","CHRG-106shrg55888","CHRG-106shrg55888","A Reexamination of U.S.-China Relations","https://www.govinfo.gov/app/details/CHRG-106shrg55888/CHRG-106shrg55888","https://www.govinfo.gov/content/pkg/CHRG-106shrg55888/pdf/CHRG-106shrg55888.pdf","564.3 KB","https://www.govinfo.gov/content/pkg/CHRG-106shrg55888/html/CHRG-106shrg55888.htm","503.9 KB","","0 B","","0 B","","0 B"," RELATIONS UNITED STATES SENATE ONE HUNDRED SIXTH CONGRESS FIRST SESSION MARCH 23, JULY 1, AND 21, 1999 Printed for the use of the Committee on Foreign Relations Available via the World Wide Web: http://www.access.gpo.gov/congress/senate U.S. GOVERNMENT PRINTING OFFICE 55-888 CC WASHINGTON : 1999 For sale by the U.S. Government Printing Office ...","","1999-03-23"
"865","Congressional Hearings","CHRG-106shrg56856","CHRG-106shrg56856","Indonesia: Countdown to Elections","https://www.govinfo.gov/app/details/CHRG-106shrg56856/CHRG-106shrg56856","https://www.govinfo.gov/content/pkg/CHRG-106shrg56856/pdf/CHRG-106shrg56856.pdf","349.2 KB","https://www.govinfo.gov/content/pkg/CHRG-106shrg56856/html/CHRG-106shrg56856.htm","168.0 KB","","0 B","","0 B","","0 B"," UNITED STATES SENATE ONE HUNDRED SIXTH CONGRESS FIRST SESSION MARCH 18, 1999 Printed for the use of the Committee on Foreign Relations Available via the World Wide Web: http://www.access.gpo.gov/congress/senate U.S. GOVERNMENT PRINTING OFFICE 56-856 CC WASHINGTON : 1999 COMMITTEE ON FOREIGN RELATIONS JESSE HELMS, North Carolina, Chairman ...","","1999-03-18"
"866","Congressional Hearings","CHRG-106shrg57057","CHRG-106shrg57057","The Convention on Nuclear Safety","https://www.govinfo.gov/app/details/CHRG-106shrg57057/CHRG-106shrg57057","https://www.govinfo.gov/content/pkg/CHRG-106shrg57057/pdf/CHRG-106shrg57057.pdf","346.3 KB","https://www.govinfo.gov/content/pkg/CHRG-106shrg57057/html/CHRG-106shrg57057.htm","164.5 KB","","0 B","","0 B","","0 B"," SESSION MARCH 17, 1999 Printed for the use of the Committee on Foreign Relations Available via the World Wide Web: http://www.access.gpo.gov/congress/senate U.S. GOVERNMENT PRINTING OFFICE 57-057 CC WASHINGTON : 2000 For sale by the U.S. Government Printing Office Superintendent of Documents, Congressional Sales Office, Washington, DC 20402 ...","","1999-03-17"
"867","Congressional Hearings","CHRG-106shrg56857","CHRG-106shrg56857","New Proposals to Expand Iraqi Oil for Food: The End of Sanctions?","https://www.govinfo.gov/app/details/CHRG-106shrg56857/CHRG-106shrg56857","https://www.govinfo.gov/content/pkg/CHRG-106shrg56857/pdf/CHRG-106shrg56857.pdf","317.4 KB","https://www.govinfo.gov/content/pkg/CHRG-106shrg56857/html/CHRG-106shrg56857.htm","131.8 KB","","0 B","","0 B","","0 B"," ON ENERGY AND NATURAL RESOURCES UNITED STATES SENATE ONE HUNDRED SIXTH CONGRESS FIRST SESSION MARCH 17, 1999 Printed for the use of the Committees on Foreign Relations and Energy and Natural Resources Available via the World Wide Web: http://www.access.gpo.gov/congress/senate U.S. GOVERNMENT PRINTING OFFICE 56-857 CC WASHINGTON : 1999 ...","","1999-03-17"
"868","Congressional Hearings","CHRG-106shrg55879","CHRG-106shrg55879","Castro's Crackdown in Cuba: Human Rights on Trial","https://www.govinfo.gov/app/details/CHRG-106shrg55879/CHRG-106shrg55879","https://www.govinfo.gov/content/pkg/CHRG-106shrg55879/pdf/CHRG-106shrg55879.pdf","312.8 KB","https://www.govinfo.gov/content/pkg/CHRG-106shrg55879/html/CHRG-106shrg55879.htm","126.2 KB","","0 B","","0 B","","0 B"," CONGRESS FIRST SESSION MARCH 10, 1999 Printed for the use of the Committee on Foreign Relations Available via the World Wide Web: http://www.access.gpo.gov/congress/ senate U.S. GOVERNMENT PRINTING OFFICE 55-879 cc WASHINGTON : 1999 COMMITTEE ON FOREIGN RELATIONS JESSE HELMS, North Carolina, Chairman RICHARD G. LUGAR, Indiana JOSEPH R. BIDEN, ...","","1999-03-10"
"869","Congressional Hearings","CHRG-106shrg56320","CHRG-106shrg56320","United States Policy Toward Iraq","https://www.govinfo.gov/app/details/CHRG-106shrg56320/CHRG-106shrg56320","https://www.govinfo.gov/content/pkg/CHRG-106shrg56320/pdf/CHRG-106shrg56320.pdf","264.8 KB","https://www.govinfo.gov/content/pkg/CHRG-106shrg56320/html/CHRG-106shrg56320.htm","52.2 KB","","0 B","","0 B","","0 B"," UNITED STATES SENATE ONE HUNDRED SIXTH CONGRESS FIRST SESSION MARCH 9, 1999 Printed for the use of the Committee on Foreign Relations Available via the World Wide Web: http://www.access.gpo.gov/congress/ senate U.S. GOVERNMENT PRINTING OFFICE 56-320 cc WASHINGTON : 1999 COMMITTEE ON FOREIGN RELATIONS JESSE HELMS, North Carolina, Chairman ...","","1999-03-09"
"870","Congressional Hearings","CHRG-106shrg55231","CHRG-106shrg55231","U.S. Relief Efforts in Response to Hurricane Mitch","https://www.govinfo.gov/app/details/CHRG-106shrg55231/CHRG-106shrg55231","https://www.govinfo.gov/content/pkg/CHRG-106shrg55231/pdf/CHRG-106shrg55231.pdf","297.2 KB","https://www.govinfo.gov/content/pkg/CHRG-106shrg55231/html/CHRG-106shrg55231.htm","109.6 KB","","0 B","","0 B","","0 B"," OF THE COMMITTEE ON FOREIGN RELATIONS UNITED STATES SENATE ONE HUNDRED SIXTH CONGRESS FIRST SESSION MARCH 2, 1999 Printed for the use of the Committee on Foreign Relations Available via the World Wide Web: http://www.access.gpo.gov/congress/senate U.S. GOVERNMENT PRINTING OFFICE 55-231 CC WASHINGTON : 1997 For sale by the U.S. Government ...","","1999-03-02"
"871","Congressional Hearings","CHRG-106shrg55215","CHRG-106shrg55215","Anti-Semitism in Russia","https://www.govinfo.gov/app/details/CHRG-106shrg55215/CHRG-106shrg55215","https://www.govinfo.gov/content/pkg/CHRG-106shrg55215/pdf/CHRG-106shrg55215.pdf","365.0 KB","https://www.govinfo.gov/content/pkg/CHRG-106shrg55215/html/CHRG-106shrg55215.htm","196.5 KB","","0 B","","0 B","","0 B"," ONE HUNDRED SIXTH CONGRESS FIRST SESSION FEBRUARY 24, 1999 Printed for the use of the Committee on Foreign Relations Available via the World Wide Web: http://www.access.gpo.gov/congress/senate U.S. GOVERNMENT PRINTING OFFICE 55-215 CC WASHINGTON : 1999 COMMITTEE ON FOREIGN RELATIONS JESSE HELMS, North Carolina, Chairman RICHARD G. LUGAR, Indiana ...","","1999-02-24"
"872","Congressional Hearings","CHRG-106shrg54972","CHRG-106shrg54972","Fiscal Year 2000 Foreign Affairs Budget and Embassy Security for a New Millennium","https://www.govinfo.gov/app/details/CHRG-106shrg54972/CHRG-106shrg54972","https://www.govinfo.gov/content/pkg/CHRG-106shrg54972/pdf/CHRG-106shrg54972.pdf","860.3 KB","https://www.govinfo.gov/content/pkg/CHRG-106shrg54972/html/CHRG-106shrg54972.htm","362.2 KB","","0 B","","0 B","","0 B"," THE SUBCOMMITTEE ON INTERNATIONAL OPERATIONS OF THE UNITED STATES SENATE ONE HUNDRED SIXTH CONGRESS FIRST SESSION FEBRUARY 24, MARCH 4, 11, AND APRIL 21, 1999 Printed for the use of the Committee on Foreign Relations Available via the World Wide Web: http://www.access.gpo.gov/congress/senate U.S. GOVERNMENT PRINTING OFFICE 54-972 CC WASHINGTON :...","","1999-02-24"
"873","Congressional Hearings","CHRG-105shrg53879","CHRG-105shrg53879","The Ballistic Missile Threat to the United States","https://www.govinfo.gov/app/details/CHRG-105shrg53879/CHRG-105shrg53879","https://www.govinfo.gov/content/pkg/CHRG-105shrg53879/pdf/CHRG-105shrg53879.pdf","275.9 KB","https://www.govinfo.gov/content/pkg/CHRG-105shrg53879/html/CHRG-105shrg53879.htm","83.9 KB","","0 B","","0 B","","0 B","FIFTH CONGRESS SECOND SESSION OCTOBER 6, 1998 Printed for the use of the Committee on Foreign Relations Available via the World Wide Web: http://www.access.gpo.gov/congress/ senate U.S. GOVERNMENT PRINTING OFFICE 53-879 WASHINGTON : 1998 COMMITTEE ON FOREIGN RELATIONS JESSE HELMS, North Carolina, Chairman RICHARD G. LUGAR, Indiana JOSEPH R. BIDEN, ...","","1998-10-06"
"874","Congressional Hearings","CHRG-105shrg52952","CHRG-105shrg52952","Cambodia: Post Elections and U.S. Policy Options","https://www.govinfo.gov/app/details/CHRG-105shrg52952/CHRG-105shrg52952","https://www.govinfo.gov/content/pkg/CHRG-105shrg52952/pdf/CHRG-105shrg52952.pdf","340.9 KB","https://www.govinfo.gov/content/pkg/CHRG-105shrg52952/html/CHRG-105shrg52952.htm","167.7 KB","","0 B","","0 B","","0 B","THE COMMITTEE ON FOREIGN RELATIONS UNITED STATES SENATE ONE HUNDRED FIFTH CONGRESS SECOND SESSION OCTOBER 2, 1998 Printed for the use of the Committee on Foreign Relations Available via the World Wide Web: http://www.access.gpo.gov/congress/ senate U.S. GOVERNMENT PRINTING OFFICE 52-952 WASHINGTON : 1998 COMMITTEE ON FOREIGN RELATIONS JESSE HELMS, ...","","1998-10-02"
"875","Congressional Hearings","CHRG-105shrg51772","CHRG-105shrg51772","United States Responses to International Parental Abduction","https://www.govinfo.gov/app/details/CHRG-105shrg51772/CHRG-105shrg51772","https://www.govinfo.gov/content/pkg/CHRG-105shrg51772/pdf/CHRG-105shrg51772.pdf","888.9 KB","https://www.govinfo.gov/content/pkg/CHRG-105shrg51772/html/CHRG-105shrg51772.htm","706.7 KB","","0 B","","0 B","","0 B"," HUNDRED FIFTH CONGRESS SECOND SESSION OCTOBER 1, 1998 Printed for the use of the Committee on Foreign Relations Available via the World Wide Web: http://www.access.gpo.gov/congress/ senate U.S. GOVERNMENT PRINTING OFFICE 51-772 cc WASHINGTON : 1999 COMMITTEE ON FOREIGN RELATIONS JESSE HELMS, North Carolina, Chairman RICHARD G. LUGAR, Indiana ...","","1998-10-01"
"876","Congressional Hearings","CHRG-105shrg51088","CHRG-105shrg51088","U.S. Anti-Drug Interdiction Efforts and the Western Hemisphere Drug Elimination Act","https://www.govinfo.gov/app/details/CHRG-105shrg51088/CHRG-105shrg51088","https://www.govinfo.gov/content/pkg/CHRG-105shrg51088/pdf/CHRG-105shrg51088.pdf","606.5 KB","https://www.govinfo.gov/content/pkg/CHRG-105shrg51088/html/CHRG-105shrg51088.htm","459.9 KB","","0 B","","0 B","","0 B"," NARCOTICS CONTROL AND THE COMMITTEE ON FOREIGN RELATIONS UNITED STATES SENATE ONE HUNDRED FIFTH CONGRESS SECOND SESSION SEPTEMBER 16, 1998 Printed for the use of the Senate Caucus on International Narcotics Control and the Senate Committee on Foreign Relations Available via the World Wide Web: http://www.access.gpo.gov/congress/ senate U.S. ...","","1998-09-16"
"877","Congressional Hearings","CHRG-105shrg51624","CHRG-105shrg51624","Extradition, Mutual Legal Assistance, and Prisoner Transfer Treaties","https://www.govinfo.gov/app/details/CHRG-105shrg51624/CHRG-105shrg51624","https://www.govinfo.gov/content/pkg/CHRG-105shrg51624/pdf/CHRG-105shrg51624.pdf","440.1 KB","https://www.govinfo.gov/content/pkg/CHRG-105shrg51624/html/CHRG-105shrg51624.htm","255.9 KB","","0 B","","0 B","","0 B","SENATE ONE HUNDRED FIFTH CONGRESS SECOND SESSION SEPTEMBER 15, 1998 Printed for the use of the Committee on Foreign Relations Available via the World Wide Web: http://www.access.gpo.gov/congress/senate U.S. GOVERNMENT PRINTING OFFICE 51-624 cc WASHINGTON : 1998 For sale by the U.S. Government Printing Office, Superintendent of Documents, ...","","1998-09-15"
"878","Congressional Hearings","CHRG-105shrg50901","CHRG-105shrg50901","Recent Developments in North Korea","https://www.govinfo.gov/app/details/CHRG-105shrg50901/CHRG-105shrg50901","https://www.govinfo.gov/content/pkg/CHRG-105shrg50901/pdf/CHRG-105shrg50901.pdf","296.2 KB","https://www.govinfo.gov/content/pkg/CHRG-105shrg50901/html/CHRG-105shrg50901.htm","108.6 KB","","0 B","","0 B","","0 B"," UNITED STATES SENATE ONE HUNDRED FIFTH CONGRESS SECOND SESSION SEPTEMBER 10, 1998 Printed for the use of the Committee on Foreign Relations Available via the World Wide Web: http://www.access.gpo.gov/congress/ senate U.S. GOVERNMENT PRINTING OFFICE 50-901 WASHINGTON : 1998 COMMITTEE ON FOREIGN RELATIONS JESSE HELMS, North Carolina, Chairman ...","","1998-09-10"
"879","Congressional Hearings","CHRG-105shrg50913","CHRG-105shrg50913","United States Policy in Iraq: Public Diplomacy and Private Policy","https://www.govinfo.gov/app/details/CHRG-105shrg50913/CHRG-105shrg50913","https://www.govinfo.gov/content/pkg/CHRG-105shrg50913/pdf/CHRG-105shrg50913.pdf","306.5 KB","https://www.govinfo.gov/content/pkg/CHRG-105shrg50913/html/CHRG-105shrg50913.htm","119.3 KB","","0 B","","0 B","","0 B"," OF THE COMMITTEE ON FOREIGN RELATIONS UNITED STATES SENATE ONE HUNDRED FIFTH CONGRESS SECOND SESSION SEPTEMBER 9, 1998 Available via the World Wide Web: http://www.access.gpo.gov/congress/senate U.S. GOVERNMENT PRINTING OFFICE 50-913 cc WASHINGTON : 1998 For sale by the U.S. Government Printing Office, Superintendent of Documents, ...","","1998-09-09"
"880","Congressional Hearings","CHRG-105shrg50976","CHRG-105shrg50976","Is a U.N. International Criminal Court in the U.S. National Interest?","https://www.govinfo.gov/app/details/CHRG-105shrg50976/CHRG-105shrg50976","https://www.govinfo.gov/content/pkg/CHRG-105shrg50976/pdf/CHRG-105shrg50976.pdf","688.8 KB","https://www.govinfo.gov/content/pkg/CHRG-105shrg50976/html/CHRG-105shrg50976.htm","613.3 KB","","0 B","","0 B","","0 B","THE COMMITTEE ON FOREIGN RELATIONS UNITED STATES SENATE ONE HUNDRED FIFTH CONGRESS SECOND SESSION JULY 23, 1998 Printed for the use of the Committee on Foreign Relations Available via the World Wide Web: http://www.access.gpo.gov/congress/senate U.S. GOVERNMENT PRINTING OFFICE 50-976 cc WASHINGTON : 1998 For sale by the U.S. Government Printing ...","","1998-07-23"
"881","Congressional Hearings","CHRG-105shrg50814","CHRG-105shrg50814","Nominees to African Countries","https://www.govinfo.gov/app/details/CHRG-105shrg50814/CHRG-105shrg50814","https://www.govinfo.gov/content/pkg/CHRG-105shrg50814/pdf/CHRG-105shrg50814.pdf","430.8 KB","https://www.govinfo.gov/content/pkg/CHRG-105shrg50814/html/CHRG-105shrg50814.htm","499.3 KB","","0 B","","0 B","","0 B"," SESSION JULY 23, 1998 Printed for the use of the Committee on Foreign Relations Available via the World Wide Web: http://www.access.gpo.gov/congress/senate U.S. GOVERNMENT PRINTING OFFICE 50-814 cc WASHINGTON : 1998 For sale by the U.S. Government Printing Office Superintendent of Documents, Congressional Sales Office, Washington, DC 20402 ...","","1998-07-23"
"882","Congressional Hearings","CHRG-105shrg50539","CHRG-105shrg50539","Estonia, Latvia, and Lithuania and United States Baltic Policy","https://www.govinfo.gov/app/details/CHRG-105shrg50539/CHRG-105shrg50539","https://www.govinfo.gov/content/pkg/CHRG-105shrg50539/pdf/CHRG-105shrg50539.pdf","244.8 KB","https://www.govinfo.gov/content/pkg/CHRG-105shrg50539/html/CHRG-105shrg50539.htm","226.2 KB","","0 B","","0 B","","0 B"," FOREIGN RELATIONS UNITED STATES SENATE ONE HUNDRED FIFTH CONGRESS SECOND SESSION JULY 15, 1998 Printed for the use of the Committee on Foreign Relations Available via the World Wide Web: http://www.access.gpo.gov/congress/ senate U.S. GOVERNMENT PRINTING OFFICE 50539 cc WASHINGTON : 1998 COMMITTEE ON FOREIGN RELATIONS JESSE HELMS, North Carolina,...","","1998-07-15"
"883","Congressional Hearings","CHRG-105shrg50815","CHRG-105shrg50815","Kedo and the Korean Agreed Nuclear Framework: Problems and Prospects","https://www.govinfo.gov/app/details/CHRG-105shrg50815/CHRG-105shrg50815","https://www.govinfo.gov/content/pkg/CHRG-105shrg50815/pdf/CHRG-105shrg50815.pdf","200.9 KB","https://www.govinfo.gov/content/pkg/CHRG-105shrg50815/html/CHRG-105shrg50815.htm","159.3 KB","","0 B","","0 B","","0 B"," OF THE COMMITTEE ON FOREIGN RELATIONS UNITED STATES SENATE ONE HUNDRED FIFTH CONGRESS SECOND SESSION JULY 14, 1998 Printed for the use of the Committee on Foreign Relations Available via the World Wide Web: http://www.access.gpo.gov/congress/ senate U.S. GOVERNMENT PRINTING OFFICE 50815 cc WASHINGTON : 1998 COMMITTEE ON FOREIGN RELATIONS JESSE ...","","1998-07-14"
"884","Congressional Hearings","CHRG-105shrg51257","CHRG-105shrg51257","Implementation of U.S. Policy on Caspian Sea Oil Exports","https://www.govinfo.gov/app/details/CHRG-105shrg51257/CHRG-105shrg51257","https://www.govinfo.gov/content/pkg/CHRG-105shrg51257/pdf/CHRG-105shrg51257.pdf","302.0 KB","https://www.govinfo.gov/content/pkg/CHRG-105shrg51257/html/CHRG-105shrg51257.htm","259.1 KB","","0 B","","0 B","","0 B"," TRADE PROMOTION OF THE COMMITTEE ON FOREIGN RELATIONS UNITED STATES SENATE ONE HUNDRED FIFTH CONGRESS SECOND SESSION JULY 8, 1998 Printed for the use of the Committee on Foreign Relations Available via the World Wide Web: http://www.access.gpo.gov/congress/senate U.S. GOVERNMENT PRINTING OFFICE 51-257 cc WASHINGTON : 1998 For sale by the U.S. ...","","1998-07-08"
"885","Congressional Hearings","CHRG-105shrg49528","CHRG-105shrg49528","The Panama Canal and United States Interests","https://www.govinfo.gov/app/details/CHRG-105shrg49528/CHRG-105shrg49528","https://www.govinfo.gov/content/pkg/CHRG-105shrg49528/pdf/CHRG-105shrg49528.pdf","464.6 KB","https://www.govinfo.gov/content/pkg/CHRG-105shrg49528/html/CHRG-105shrg49528.htm","241.3 KB","","0 B","","0 B","","0 B"," CONGRESS SECOND SESSION JUNE 16, 1998 Printed for the use of the Committee on Foreign Relations Available via the World Wide Web: http://www.access.gpo.gov/congress/ senate U.S. GOVERNMENT PRINTING OFFICE 49-528 cc WASHINGTON : 1998 COMMITTEE ON FOREIGN RELATIONS JESSE HELMS, North Carolina, Chairman RICHARD G. LUGAR, Indiana JOSEPH R. BIDEN, Jr.,...","","1998-06-16"
"886","Congressional Hearings","CHRG-105shrg49527","CHRG-105shrg49527","Chinese Missile Proliferation","https://www.govinfo.gov/app/details/CHRG-105shrg49527/CHRG-105shrg49527","https://www.govinfo.gov/content/pkg/CHRG-105shrg49527/pdf/CHRG-105shrg49527.pdf","301.9 KB","https://www.govinfo.gov/content/pkg/CHRG-105shrg49527/html/CHRG-105shrg49527.htm","112.6 KB","","0 B","","0 B","","0 B"," SESSION JUNE 11, 1998 Printed for the use of the Committee on Foreign Relations Available via the World Wide Web: http://www.access.gpo.gov/congress/ senate U.S. GOVERNMENT PRINTING OFFICE 49-527 CC WASHINGTON : 1998 COMMITTEE ON FOREIGN RELATIONS JESSE HELMS, North Carolina, Chairman RICHARD G. LUGAR, Indiana JOSEPH R. BIDEN, Jr., Delaware PAUL ...","","1998-06-11"
"887","Congressional Hearings","CHRG-105shrg49526","CHRG-105shrg49526","Iraq: Are Sanctions Collapsing?","https://www.govinfo.gov/app/details/CHRG-105shrg49526/CHRG-105shrg49526","https://www.govinfo.gov/content/pkg/CHRG-105shrg49526/pdf/CHRG-105shrg49526.pdf","441.3 KB","https://www.govinfo.gov/content/pkg/CHRG-105shrg49526/html/CHRG-105shrg49526.htm","211.7 KB","","0 B","","0 B","","0 B"," AND NATURAL RESOURCES UNITED STATES SENATE ONE HUNDRED FIFTH CONGRESS SECOND SESSION MAY 21, 1998 Printed for the use of the Committee on Foreign Relations and the Committee on Energy and Natural Resources Available via the World Wide Web: http://www.access.gpo.gov/congress/ senate 49-526 cc U.S. GOVERNMENT PRINTING OFFICE WASHINGTON : 1998 ...","","1998-05-21"
"888","Congressional Hearings","CHRG-105shrg49427","CHRG-105shrg49427","The Secretary's Certification of a U.N. Reform Budget of $2.533 Billion","https://www.govinfo.gov/app/details/CHRG-105shrg49427/CHRG-105shrg49427","https://www.govinfo.gov/content/pkg/CHRG-105shrg49427/pdf/CHRG-105shrg49427.pdf","133.5 KB","https://www.govinfo.gov/content/pkg/CHRG-105shrg49427/html/CHRG-105shrg49427.htm","56.6 KB","","0 B","","0 B","","0 B"," THE COMMITTEE ON FOREIGN RELATIONS UNITED STATES SENATE ONE HUNDRED FIFTH CONGRESS SECOND SESSION MAY 20, 1998 Printed for the use of the Committee on Foreign Relations Available via the World Wide Web: http://www.access.gpo.gov/congress/senate U.S. GOVERNMENT PRINTING OFFICE 49-427cc WASHINGTON : 1998 For sale by the U.S. Government Printing ...","","1998-05-20"
"889","Congressional Hearings","CHRG-105shrg48628","CHRG-105shrg48628","U.S. Interests at the June U.S.-China Summit","https://www.govinfo.gov/app/details/CHRG-105shrg48628/CHRG-105shrg48628","https://www.govinfo.gov/content/pkg/CHRG-105shrg48628/pdf/CHRG-105shrg48628.pdf","544.5 KB","https://www.govinfo.gov/content/pkg/CHRG-105shrg48628/html/CHRG-105shrg48628.htm","321.1 KB","","0 B","","0 B","","0 B"," CONGRESS SECOND SESSION MAY 14, 1998 Printed for the use of the Committee on Foreign Relations Available via the World Wide Web: http://www.access.gpo.gov/congress/ senate U.S. GOVERNMENT PRINTING OFFICE 48-628 cc WASHINGTON : 1998 COMMITTEE ON FOREIGN RELATIONS JESSE HELMS, North Carolina, Chairman RICHARD G. LUGAR, Indiana JOSEPH R. BIDEN, Jr., ...","","1998-05-14"
"890","Congressional Hearings","CHRG-105shrg49392","CHRG-105shrg49392","United States Policy Toward Iran","https://www.govinfo.gov/app/details/CHRG-105shrg49392/CHRG-105shrg49392","https://www.govinfo.gov/content/pkg/CHRG-105shrg49392/pdf/CHRG-105shrg49392.pdf","403.9 KB","https://www.govinfo.gov/content/pkg/CHRG-105shrg49392/html/CHRG-105shrg49392.htm","183.2 KB","","0 B","","0 B","","0 B","RELATIONS UNITED STATES SENATE ONE HUNDRED FIFTH CONGRESS SECOND SESSION MAY 14, 1998 Printed for the use of the Committee on Foreign Relations Available via the World Wide Web: http://www.access.gpo.gov/congress/ senate U.S. GOVERNMENT PRINTING OFFICE 49-392 cc WASHINGTON : 1998 COMMITTEE ON FOREIGN RELATIONS JESSE HELMS, North Carolina, Chairman ...","","1998-05-14"
"891","Congressional Hearings","CHRG-105shrg48627","CHRG-105shrg48627","Crisis in South Asia: India's Nuclear Tests; Pakistan's Nuclear Tests; India and Pakistan: What Next?","https://www.govinfo.gov/app/details/CHRG-105shrg48627/CHRG-105shrg48627","https://www.govinfo.gov/content/pkg/CHRG-105shrg48627/pdf/CHRG-105shrg48627.pdf","654.8 KB","https://www.govinfo.gov/content/pkg/CHRG-105shrg48627/html/CHRG-105shrg48627.htm","393.1 KB","","0 B","","0 B","","0 B"," ON NEAR EASTERN AND SOUTH ASIAN AFFAIRS OF THE COMMITTEE ON FOREIGN RELATIONS UNITED STATES SENATE ONE HUNDRED FIFTH CONGRESS SECOND SESSION MAY 13, JUNE 3 & JULY 13, 1998 Printed for the use of the Committee on Foreign Relations Available via the World Wide Web: http://www.access.gpo.gov/congress/ senate 48-627 cc U.S. GOVERNMENT PRINTING OFFICE...","","1998-05-13"
"892","Congressional Hearings","CHRG-105shrg48618","CHRG-105shrg48618","S. 1868: The International Religious Freedom Act of 1998","https://www.govinfo.gov/app/details/CHRG-105shrg48618/CHRG-105shrg48618","https://www.govinfo.gov/content/pkg/CHRG-105shrg48618/pdf/CHRG-105shrg48618.pdf","786.3 KB","https://www.govinfo.gov/content/pkg/CHRG-105shrg48618/html/CHRG-105shrg48618.htm","542.4 KB","","0 B","","0 B","","0 B","HUNDRED FIFTH CONGRESS SECOND SESSION MAY 12 AND JUNE 17, 1998 Printed for the use of the Committee on Foreign Relations Available via the World Wide Web: http://www.access.gpo.gov/congress/senate U.S. GOVERNMENT PRINTING OFFICE 48-618 CC WASHINGTON : 1998 COMMITTEE ON FOREIGN RELATIONS JESSE HELMS, North Carolina, Chairman RICHARD G. LUGAR, ...","","1998-05-12"
"893","Congressional Hearings","CHRG-105shrg49265","CHRG-105shrg49265","The Crisis in Kosovo","https://www.govinfo.gov/app/details/CHRG-105shrg49265/CHRG-105shrg49265","https://www.govinfo.gov/content/pkg/CHRG-105shrg49265/pdf/CHRG-105shrg49265.pdf","540.9 KB","https://www.govinfo.gov/content/pkg/CHRG-105shrg49265/html/CHRG-105shrg49265.htm","299.4 KB","","0 B","","0 B","","0 B","ONE HUNDRED FIFTH CONGRESS SECOND SESSION MAY 6 AND JUNE 24, 1998 Printed for the use of the Committee on Foreign Relations Available via the World Wide Web: http://www.access.gpo.gov/congress/ senate U.S. GOVERNMENT PRINTING OFFICE WASHINGTON : 1998 COMMITTEE ON FOREIGN RELATIONS JESSE HELMS, North Carolina, Chairman RICHARD G. LUGAR, Indiana ...","","1998-05-06"
"894","Congressional Hearings","CHRG-105shrg48230","CHRG-105shrg48230","Democracy in Africa: The New Generation of African Leaders","https://www.govinfo.gov/app/details/CHRG-105shrg48230/CHRG-105shrg48230","https://www.govinfo.gov/content/pkg/CHRG-105shrg48230/pdf/CHRG-105shrg48230.pdf","426.6 KB","https://www.govinfo.gov/content/pkg/CHRG-105shrg48230/html/CHRG-105shrg48230.htm","205.8 KB","","0 B","","0 B","","0 B"," RELATIONS UNITED STATES SENATE ONE HUNDRED FIFTH CONGRESS SECOND SESSION MARCH 12, 1998 Printed for the use of the Committee on Foreign Relations Available via the World Wide Web: http://www.access.gpo.gov/congress/ senate U.S. GOVERNMENT PRINTING OFFICE 48-230 CC WASHINGTON : 1998 COMMITTEE ON FOREIGN RELATIONS JESSE HELMS, North Carolina, ...","","1998-03-12"
"895","Congressional Hearings","CHRG-105shrg47164","CHRG-105shrg47164","The Plight of the Montagnards","https://www.govinfo.gov/app/details/CHRG-105shrg47164/CHRG-105shrg47164","https://www.govinfo.gov/content/pkg/CHRG-105shrg47164/pdf/CHRG-105shrg47164.pdf","427.8 KB","https://www.govinfo.gov/content/pkg/CHRG-105shrg47164/html/CHRG-105shrg47164.htm","201.4 KB","","0 B","","0 B","","0 B"," SESSION MARCH 10, 1998 Printed for the use of the Committee on Foreign Relations Available via the World Wide Web: http://www.access.gpo.gov/congress/ senate U.S. GOVERNMENT PRINTING OFFICE 47-164 CC WASHINGTON : 1998 COMMITTEE ON FOREIGN RELATIONS JESSE HELMS, North Carolina, Chairman RICHARD G. LUGAR, Indiana JOSEPH R. BIDEN, Jr., Delaware PAUL...","","1998-03-10"
"896","Congressional Hearings","CHRG-105shrg47150","CHRG-105shrg47150","Iraq: Can Saddam Be Overthrown?","https://www.govinfo.gov/app/details/CHRG-105shrg47150/CHRG-105shrg47150","https://www.govinfo.gov/content/pkg/CHRG-105shrg47150/pdf/CHRG-105shrg47150.pdf","326.7 KB","https://www.govinfo.gov/content/pkg/CHRG-105shrg47150/html/CHRG-105shrg47150.htm","145.7 KB","","0 B","","0 B","","0 B"," UNITED STATES SENATE ONE HUNDRED FIFTH CONGRESS SECOND SESSION MARCH 2, 1998 Printed for the use of the Committee on Foreign Relations You may access this document on the Internet at: http:// www.access.gpo.gov/congress/senate/senate11.html U.S. GOVERNMENT PRINTING OFFICE 47-150 CC WASHINGTON : 1998 COMMITTEE ON FOREIGN RELATIONS JESSE ...","","1998-03-02"
"897","Congressional Hearings","CHRG-105shrg46662","CHRG-105shrg46662","Administration Views on the Protocols to the North Atlantic Treaty on Accession of Poland, Hungary, and the Czech Republic","https://www.govinfo.gov/app/details/CHRG-105shrg46662/CHRG-105shrg46662","https://www.govinfo.gov/content/pkg/CHRG-105shrg46662/pdf/CHRG-105shrg46662.pdf","467.6 KB","https://www.govinfo.gov/content/pkg/CHRG-105shrg46662/html/CHRG-105shrg46662.htm","297.6 KB","","0 B","","0 B","","0 B"," THE COMMITTEE ON FOREIGN RELATIONS UNITED STATES SENATE ONE HUNDRED FIFTH CONGRESS SECOND SESSION FEBRUARY 24, 1998 Printed for the use of the Committee on Foreign Relations U.S. GOVERNMENT PRINTING OFFICE 46-662 CC WASHINGTON : 1998 COMMITTEE ON FOREIGN RELATIONS JESSE HELMS, North Carolina, Chairman RICHARD G. LUGAR, Indiana JOSEPH R. BIDEN,...","","1998-02-24"
"898","Congressional Hearings","CHRG-105shrg46812","CHRG-105shrg46812","Implications of the Kyoto Protocol on Climate Change","https://www.govinfo.gov/app/details/CHRG-105shrg46812/CHRG-105shrg46812","https://www.govinfo.gov/content/pkg/CHRG-105shrg46812/pdf/CHRG-105shrg46812.pdf","602.4 KB","https://www.govinfo.gov/content/pkg/CHRG-105shrg46812/html/CHRG-105shrg46812.htm","374.7 KB","","0 B","","0 B","","0 B"," FIFTH CONGRESS SECOND SESSION FEBRUARY 11, 1998 Printed for the use of the Committee on Foreign Relations Available via the World Wide Web: http://www.access.gpo.gov/congress/ senate U.S. GOVERNMENT PRINTING OFFICE 46-812 CC WASHINGTON : 1998 COMMITTEE ON FOREIGN RELATIONS JESSE HELMS, North Carolina, Chairman RICHARD G. LUGAR, Indiana JOSEPH R....","","1998-02-11"
"899","Congressional Hearings","CHRG-105shrg46661","CHRG-105shrg46661","1998 Foreign Policy Overview and the President's Fiscal Year 1999 Budget Request","https://www.govinfo.gov/app/details/CHRG-105shrg46661/CHRG-105shrg46661","https://www.govinfo.gov/content/pkg/CHRG-105shrg46661/pdf/CHRG-105shrg46661.pdf","474.6 KB","https://www.govinfo.gov/content/pkg/CHRG-105shrg46661/html/CHRG-105shrg46661.htm","268.0 KB","","0 B","","0 B","","0 B"," STATES SENATE ONE HUNDRED FIFTH CONGRESS SECOND SESSION FEBRUARY 10, 1998 Printed for the use of the Committee on Foreign Relations You may access this document on the Internet at: http:// www.access.gpo.gov/congress/senate/senate11.html U.S. GOVERNMENT PRINTING OFFICE 46-661 CC WASHINGTON : 1998 COMMITTEE ON FOREIGN RELATIONS JESSE HELMS, ...","","1998-02-10"
"900","Congressional Hearings","CHRG-105shrg44790","CHRG-105shrg44790","United Nations at a Crossroads: Efforts Toward Reform","https://www.govinfo.gov/app/details/CHRG-105shrg44790/CHRG-105shrg44790","https://www.govinfo.gov/content/pkg/CHRG-105shrg44790/pdf/CHRG-105shrg44790.pdf","852.9 KB","https://www.govinfo.gov/content/pkg/CHRG-105shrg44790/html/CHRG-105shrg44790.htm","171.0 KB","","0 B","","0 B","","0 B"," FOREIGN RELATIONS UNITED STATES SENATE ONE HUNDRED FIFTH CONGRESS FIRST SESSION NOVEMBER 6, 1997 Printed for the use of the Committee on Foreign Relations COMMITTEE ON FOREIGN RELATIONS JESSE HELMS, North Carolina, Chairman RICHARD G. LUGAR, Indiana JOSEPH R. BIDEN, Jr., Delaware PAUL COVERDELL, Georgia PAUL S. SARBANES, Maryland CHUCK HAGEL, ...","","1997-11-06"
"901","Congressional Hearings","CHRG-105shrg44791","CHRG-105shrg44791","U.S. and Mexican Counterdrug Efforts Since Certification","https://www.govinfo.gov/app/details/CHRG-105shrg44791/CHRG-105shrg44791","https://www.govinfo.gov/content/pkg/CHRG-105shrg44791/pdf/CHRG-105shrg44791.pdf","755.2 KB","https://www.govinfo.gov/content/pkg/CHRG-105shrg44791/html/CHRG-105shrg44791.htm","568.8 KB","","0 B","","0 B","","0 B"," THE COMMITTEE ON FOREIGN RELATIONS UNITED STATES SENATE ONE HUNDRED FIFTH CONGRESS FIRST SESSION OCTOBER 29, 1997 Printed for the use of the Senate Caucus on International Narcotics Control and the Senate Committee on Foreign Relations U.S. GOVERNMENT PRINTING OFFICE 44-791 CC WASHINGTON : 1998 SENATE CAUCUS ON INTERNATIONAL NARCOTICS CONTROL ...","","1997-10-29"
"902","Congressional Hearings","CHRG-105shrg44110","CHRG-105shrg44110","Bilateral Tax Treaties and Protocol","https://www.govinfo.gov/app/details/CHRG-105shrg44110/CHRG-105shrg44110","https://www.govinfo.gov/content/pkg/CHRG-105shrg44110/pdf/CHRG-105shrg44110.pdf","374.0 KB","https://www.govinfo.gov/content/pkg/CHRG-105shrg44110/html/CHRG-105shrg44110.htm","221.8 KB","","0 B","","0 B","","0 B"," FIRST SESSION OCTOBER 7, 1997 Printed for the use of the Committee on Foreign Relations U.S. GOVERNMENT PRINTING OFFICE 44-110 CC WASHINGTON : 1998 COMMITTEE ON FOREIGN RELATIONS JESSE HELMS, North Carolina, Chairman RICHARD G. LUGAR, Indiana JOSEPH R. BIDEN, Jr., Delaware PAUL COVERDELL, Georgia PAUL S. SARBANES, Maryland CHUCK HAGEL, Nebraska ...","","1997-10-07"
"903","Congressional Hearings","CHRG-105shrg46832","CHRG-105shrg46832","The Debate on NATO Enlargement","https://www.govinfo.gov/app/details/CHRG-105shrg46832/CHRG-105shrg46832","https://www.govinfo.gov/content/pkg/CHRG-105shrg46832/pdf/CHRG-105shrg46832.pdf","2.8 MB","https://www.govinfo.gov/content/pkg/CHRG-105shrg46832/html/CHRG-105shrg46832.htm","2.0 MB","","0 B","","0 B","","0 B"," SESSION OCTOBER 7, 9, 22, 28, 30 AND NOVEMBER 5, 1997 Printed for the use of the Committee on Foreign Relations U.S. GOVERNMENT PRINTING OFFICE 44-069 CC WASHINGTON : 1998 For sale by the U.S. Government Printing Office Superintendent of Documents, Congressional Sales Office, Washington, DC 20402 COMMITTEE ON FOREIGN RELATIONS JESSE HELMS, North...","","1997-10-07"
"904","Congressional Hearings","CHRG-105shrg43816","CHRG-105shrg43816","Religious Persecution in Sudan","https://www.govinfo.gov/app/details/CHRG-105shrg43816/CHRG-105shrg43816","https://www.govinfo.gov/content/pkg/CHRG-105shrg43816/pdf/CHRG-105shrg43816.pdf","414.7 KB","https://www.govinfo.gov/content/pkg/CHRG-105shrg43816/html/CHRG-105shrg43816.htm","271.7 KB","","0 B","","0 B","","0 B"," SENATE ONE HUNDRED FIFTH CONGRESS FIRST SESSION September 25, 1997 Printed for the use of the Committee on Foreign Relations U.S. GOVERNMENT PRINTING OFFICE 43-816 CC WASHINGTON : 1998 COMMITTEE ON FOREIGN RELATIONS JESSE HELMS, North Carolina, Chairman RICHARD G. LUGAR, Indiana JOSEPH R. BIDEN, Jr., Delaware PAUL COVERDELL, Georgia PAUL S. ...","","1997-09-25"
"905","Congressional Hearings","CHRG-105shrg43745","CHRG-105shrg43745","Bosnia: Status of Non-Compliance with the Dayton Accords","https://www.govinfo.gov/app/details/CHRG-105shrg43745/CHRG-105shrg43745","https://www.govinfo.gov/content/pkg/CHRG-105shrg43745/pdf/CHRG-105shrg43745.pdf","479.3 KB","https://www.govinfo.gov/content/pkg/CHRG-105shrg43745/html/CHRG-105shrg43745.htm","288.6 KB","","0 B","","0 B","","0 B"," RELATIONS UNITED STATES SENATE ONE HUNDRED FIFTH CONGRESS FIRST SESSION JULY 17, 1997 Printed for the use of the Committee on Foreign Relations U.S. GOVERNMENT PRINTING OFFICE 43-745 CC WASHINGTON : 1998 COMMITTEE ON FOREIGN RELATIONS JESSE HELMS, North Carolina, Chairman RICHARD G. LUGAR, Indiana JOSEPH R. BIDEN, Jr., Delaware PAUL COVERDELL, ...","","1997-07-17"
"906","Congressional Hearings","CHRG-105shrg47725","CHRG-105shrg47725","U.S. Implementation of Prison Labor Agreements with China","https://www.govinfo.gov/app/details/CHRG-105shrg47725/CHRG-105shrg47725","https://www.govinfo.gov/content/pkg/CHRG-105shrg47725/pdf/CHRG-105shrg47725.pdf","2.5 MB","https://www.govinfo.gov/content/pkg/CHRG-105shrg47725/html/CHRG-105shrg47725.htm","297.7 KB","","0 B","","0 B","","0 B","HUNDRED FIFTH CONGRESS FIRST SESSION MAY 21, 1997 Printed for the use of the Committee on Foreign Relations U.S. GOVERNMENT PRINTING OFFICE 41-198 CC WASHINGTON : 1997 COMMITTEE ON FOREIGN RELATIONS JESSE HELMS, North Carolina, Chairman RICHARD G. LUGAR, Indiana JOSEPH R. BIDEN, Jr., Delaware PAUL COVERDELL, Georgia PAUL S. SARBANES, Maryland CHUCK...","","1997-05-21"
"907","Congressional Hearings","CHRG-105shrg40875","CHRG-105shrg40875","Sudan and Terrorism","https://www.govinfo.gov/app/details/CHRG-105shrg40875/CHRG-105shrg40875","https://www.govinfo.gov/content/pkg/CHRG-105shrg40875/pdf/CHRG-105shrg40875.pdf","592.0 KB","https://www.govinfo.gov/content/pkg/CHRG-105shrg40875/html/CHRG-105shrg40875.htm","345.3 KB","","0 B","","0 B","","0 B"," HUNDRED FIFTH CONGRESS FIRST SESSION May 15, 1997 Printed for the use of the Committee on Foreign Relations COMMITTEE ON FOREIGN RELATIONS JESSE HELMS, North Carolina, Chairman RICHARD G. LUGAR, Indiana JOSEPH R. BIDEN, Jr., Delaware PAUL COVERDELL, Georgia PAUL S. SARBANES, Maryland CHUCK HAGEL, Nebraska CHRISTOPHER J. DODD, Connecticut GORDON H....","","1997-05-15"
"908","Congressional Hearings","CHRG-105shrg40890","CHRG-105shrg40890","Religious Persecution in the Middle East; Faces of the Persecuted","https://www.govinfo.gov/app/details/CHRG-105shrg40890/CHRG-105shrg40890","https://www.govinfo.gov/content/pkg/CHRG-105shrg40890/pdf/CHRG-105shrg40890.pdf","606.8 KB","https://www.govinfo.gov/content/pkg/CHRG-105shrg40890/html/CHRG-105shrg40890.htm","442.5 KB","","0 B","","0 B","","0 B"," OF THE COMMITTEE ON FOREIGN RELATIONS UNITED STATES SENATE ONE HUNDRED FIFTH CONGRESS FIRST SESSION May 1 and June 10, 1997 Printed for the use of the Committee on Foreign Relations U.S. GOVERNMENT PRINTING OFFICE 40-890 CC WASHINGTON : 1998 COMMITTEE ON FOREIGN RELATIONS JESSE HELMS, North Carolina, Chairman RICHARD G. LUGAR, Indiana JOSEPH ...","","1997-05-01"
"909","Congressional Hearings","CHRG-105shrg40187","CHRG-105shrg40187","Iran and Proliferation: Is the U.S. Doing Enough? The Arming of Iran: Who Is Responsible?","https://www.govinfo.gov/app/details/CHRG-105shrg40187/CHRG-105shrg40187","https://www.govinfo.gov/content/pkg/CHRG-105shrg40187/pdf/CHRG-105shrg40187.pdf","622.1 KB","https://www.govinfo.gov/content/pkg/CHRG-105shrg40187/html/CHRG-105shrg40187.htm","418.2 KB","","0 B","","0 B","","0 B"," AND SOUTH ASIAN AFFAIRS OF THE COMMITTEE ON FOREIGN RELATIONS UNITED STATES SENATE ONE HUNDRED FIFTH CONGRESS FIRST SESSION APRIL 17 AND MAY 6, 1997 Printed for the use of the Committee on Foreign Relations U.S. GOVERNMENT PRINTING OFFICE 40-187 CC WASHINGTON : 1998 COMMITTEE ON FOREIGN RELATIONS JESSE HELMS, North Carolina, Chairman RICHARD ...","","1997-04-17"
"910","Congressional Hearings","CHRG-105shrg39719","CHRG-105shrg39719","Chemical Weapons Convention","https://www.govinfo.gov/app/details/CHRG-105shrg39719/CHRG-105shrg39719","https://www.govinfo.gov/content/pkg/CHRG-105shrg39719/pdf/CHRG-105shrg39719.pdf","1.6 MB","https://www.govinfo.gov/content/pkg/CHRG-105shrg39719/html/CHRG-105shrg39719.htm","1.2 MB","","0 B","","0 B","","0 B","SESSION APRIL 8, 9, 15 AND 17, 1997 Printed for the use of the Committee on Foreign Relations COMMITTEE ON FOREIGN RELATIONS JESSE HELMS, North Carolina, Chairman RICHARD G. LUGAR, Indiana JOSEPH R. BIDEN, Jr., Delaware PAUL COVERDELL, Georgia PAUL S. SARBANES, Maryland CHUCK HAGEL, Nebraska CHRISTOPHER J. DODD, Connecticut GORDON H. SMITH, Oregon ...","","1997-04-08"
"911","Congressional Hearings","CHRG-105shrg47753","CHRG-105shrg47753","Foreign Affairs Reform and Restructuring Act of 1997 and Fiscal Year 1998 International Affairs Budget Request","https://www.govinfo.gov/app/details/CHRG-105shrg47753/CHRG-105shrg47753","https://www.govinfo.gov/content/pkg/CHRG-105shrg47753/pdf/CHRG-105shrg47753.pdf","3.7 MB","https://www.govinfo.gov/content/pkg/CHRG-105shrg47753/html/CHRG-105shrg47753.htm","1.7 MB","","0 B","","0 B","","0 B"," THE SUBCOMMITTEE ON INTERNATIONAL ECONOMIC POLICY, EXPORT AND TRADE PROMOTION THE SUBCOMMITTEE ON INTERNATIONAL OPERATIONS AND THE COMMITTEE ON FOREIGN RELATIONS UNITED STATES SENATE ONE HUNDRED FIFTH CONGRESS FIRST SESSION HEARINGS FEBRUARY 26 AND 27, MARCH 6, 12 AND 13, AND APRIL 9, 1997 MARKUP JUNE 12, 1997 Printed for the use of the ...","","1997-02-26"
"912","Congressional Hearings","CHRG-96shrg64662O","CHRG-96shrg64662O","The Tarapur nuclear fuel export issue: joint hearings before the Committee on Foreign Relations and the Committee on Governmental Affairs, United States Senate, Ninety-sixth Congress, second session on the issue of whether to ship nuclear fuel to India for the Tarapur power reactors, June 18, 19, 1980.","https://www.govinfo.gov/app/details/CHRG-96shrg64662O/CHRG-96shrg64662O","https://www.govinfo.gov/content/pkg/CHRG-96shrg64662O/pdf/CHRG-96shrg64662O.pdf","26.2 MB","","0 B","","0 B","","0 B","","0 B"," NINE TY -SIXT H CONGRESS SECOND SESSION ON TH E ISS UE OF W HET HER TO SH IP NUCLEAR FU EL TO INDIA FOR TH E TA RA PUR POWE R REA CTO RS JU NE 18, 19, 1980 GJ Pr in ted fo r t he use of th e Com mit tee on F ore ign R ela tio ns an d t he Co mm ittee on Gove rnm ental Affairs ! r * do cum ents AUG 1 5 1980 f L ^ R R E L L lib r ar y KANSAS STATE ...","","1980-06-18"
"913","Congressional Hearings","CHRG-96shrg63844O","CHRG-96shrg63844O","Oversight of the Taiwan Relations Act: hearing before the Subcommittee on East Asian and Pacific Affairs of the Committee on Foreign Relations, United States Senate, Ninety-sixth Congress, second session, May 14, 1980.","https://www.govinfo.gov/app/details/CHRG-96shrg63844O/CHRG-96shrg63844O","https://www.govinfo.gov/content/pkg/CHRG-96shrg63844O/pdf/CHRG-96shrg63844O.pdf","9.3 MB","","0 B","","0 B","","0 B","","0 B"," IFIC AFFAIRS OF TH ECOMMITTEE ON FOREIGN RELATIO NS UNITED STATES SENATE NINE TY -SI XT H CONG RESS SECOND SESSION MAY 14, 1980 Print ed for the use of the Committee on Fore ign Rela tions d o c u m en ts JUL 2 8 1980 63-844 O U.S. GOV ERNMEN T PR INTING OF FIC E WA SHING TON : 1980 COMM ITTEE ON FOR EIGN REL ATIONS F R A N K CH U RCH , Idaho, ...","","1980-05-14"
"914","Congressional Hearings","CHRG-96shrg64550O","CHRG-96shrg64550O","World population trends: hearings before the Committee on Foreign Relations, United States Senate, Ninety-sixth Congress, second session on U.S. population policy and programs. April 29 and June 5, 1980.","https://www.govinfo.gov/app/details/CHRG-96shrg64550O/CHRG-96shrg64550O","https://www.govinfo.gov/content/pkg/CHRG-96shrg64550O/pdf/CHRG-96shrg64550O.pdf","240.0 MB","","0 B","","0 B","","0 B","","0 B"," T -, . T „ ~ K A N S A S S T A T E U NI V E R SI T Y H E A R I N G S B E F O R E T H E C O M MI T T E E O N F O R EI G N R E L A TI O N S U NI T E D S T A T E S S E N A T E NI N E T Y - SI X T H C O N G R E S S S E C O N D S E S S I O N O N U. S. P O P U L A TI O N P O LI C Y A N D P R O G R A M S A P RI L 2 9 A N D J U N E 5, 1 9 8 0 i g S g J ! ...","","1980-04-29"
"915","Congressional Hearings","CHRG-96shrg60530O","CHRG-96shrg60530O","U.S. foreign policy objectives :hearing before the Committee on Foreign Relations, United States Senate, Ninety-sixth Congress, second session, on a comprehensive statement of U.S. foreign policy objectives by Secretary of State Cyrus R. Vance, March 27, 1980.","https://www.govinfo.gov/app/details/CHRG-96shrg60530O/CHRG-96shrg60530O","https://www.govinfo.gov/content/pkg/CHRG-96shrg60530O/pdf/CHRG-96shrg60530O.pdf","14.2 MB","","0 B","","0 B","","0 B","","0 B"," SECOND SESSION ON A COMPREHENSIVE STATEMENT OF U.S. FOREIGN POLICY OBJECTIVES BY SECRETARY OF STATE CYRUS R. VANCE MARCH 27, 1980 Print ed for the use of the Committee on Fore ign Rela tions 60-530 O U.S. GOVERNMENT PR INTING OFF ICE WA SHING TON : 198 0 COMM ITTEE ON FO RE IGN RELATIO NS FRANK CHURCH, Idaho, Chairman CLAIBORNE PELL, Rhode ...","","1980-03-27"
"916","Congressional Hearings","CHRG-96shrg61471O","CHRG-96shrg61471O","Department of State Authorization Act, fiscal years 1980 and 1981: hearing before the Committee on Foreign Relations, United States Senate, Ninety-sixth Congress, second session, on S. 2444, a bill to amend the Department of State Authorization Act, fiscal years 1980 and 1981 to provide additional authorization for fiscal year 1980, and for other purposes and S. 2445, a bill to provide additional authorization for fiscal year 1981, to authorize appropriations for fiscal year 1982, and for other purposes, March 25, 1980.","https://www.govinfo.gov/app/details/CHRG-96shrg61471O/CHRG-96shrg61471O","https://www.govinfo.gov/content/pkg/CHRG-96shrg61471O/pdf/CHRG-96shrg61471O.pdf","15.8 MB","","0 B","","0 B","","0 B","","0 B"," UNITED STATES SENATE NINE TY -SIXT H CONGRESS SECOND SESSION j on S. 2444, A BILL TO AMEND THE DEPARTMENT OF STATE AUTHORIZATION ACT, FISCA L YEARS 1980 AND 1981 TO PRO­ VIDE ADDITIONAL AUTHORIZATION FOR FISCAL YEAR 1980, AND FOR OTHER PURPOSES AND S. 2445, A BILL TO PROVIDE ADDITIONAL AUTHORIZATION FOR FISCA L YEAR 1981, TO AUTHORIZE ...","","1980-03-25"
"917","Congressional Hearings","CHRG-96shrg56800","CHRG-96shrg56800","U.S.-IAEA treaty: hearing before the Committee on Foreign Relations, United States Senate, Ninety-sixth Congress, first session, on Ex. B., 95-2, agreement with the International Atomic Energy Agency for the application of safeguards in the United States, December 11, 1979.","https://www.govinfo.gov/app/details/CHRG-96shrg56800/CHRG-96shrg56800","https://www.govinfo.gov/content/pkg/CHRG-96shrg56800/pdf/CHRG-96shrg56800.pdf","4.9 MB","","0 B","","0 B","","0 B","","0 B","RELATIONS UNITED STATES SENATE NI NE TY -SIX TH CONGRESS FIRS T SESSION ON EX. B.. 95-2, AGREEMENT WITH THE INTERNATIONAL ATOMIC ENERGY AGENCY FOR THE APPLICATION OF SAFEGUARDS IN THE UNITED STATES DECEMBER 11, 1979 Print ed for the use of the Committee on Fore ign Relations — to 56-80 0 U.S. GOVERNMENT PRINTING OFFICE WASHINGTON : 1980 ' « J S ...","","1979-12-11"
"918","Congressional Hearings","CHRG-96shrg48270Op5","CHRG-96shrg48270Op5","The SALT II Treaty. Part 5: hearings before the Committee on Foreign Relations, United States Senate, Ninety-sixth Congress, first session, on Ex. Y, 96-1 �","https://www.govinfo.gov/app/details/CHRG-96shrg48270Op5/CHRG-96shrg48270Op5","https://www.govinfo.gov/content/pkg/CHRG-96shrg48270Op5/pdf/CHRG-96shrg48270Op5.pdf","71.7 MB","","0 B","","0 B","","0 B","","0 B"," G S BEFORE THECOMMITTEE ON FOREIGN RELATIONS UNITED STATES SENATE NINE TY -SI XT H CONG RESS FIRS T SESSION ON EX. Y, 96-1 THE TREATY BETWEEN TH E UNITED STATES OF AMERICA AND THE UNION OF SOVIET SOCIALIST REPUBLICS ON THE LIMITATION OF STRATEGIC OFFENS IVE ARMS AND TH E PRO­ TOCOL T HERETO, TOGETHER RE FERR ED TO AS THE SALT II TREATY, BOTH ...","","1979-11-18"
"919","Congressional Hearings","CHRG-96shrg56420","CHRG-96shrg56420","Oversight of Taiwan Relations Act: hearing before the Subcommittee on East Asian and Pacific Affairs of the Committee on Foreign Relations, United States Senate, Ninety-sixth Congress, first session ... November 15, 1979.","https://www.govinfo.gov/app/details/CHRG-96shrg56420/CHRG-96shrg56420","https://www.govinfo.gov/content/pkg/CHRG-96shrg56420/pdf/CHRG-96shrg56420.pdf","12.6 MB","","0 B","","0 B","","0 B","","0 B"," bl Hi t- l_i u H A R Y UmVeRStTY SUBCOMMITTEE ON EAST ASIA AND PACIFIC AFFAIRS OF THE COMMITTEE ON FOREIGN RELA TIONS UNITED STATES SENATE NI NE TY -SIX TH CONGRESS FIR ST SESSION ON THE AD MI NISTRA TION ’S IN TE NT REGA RDING TH E EX ISTI NG TR EA TI ES AND AG REEM EN TS BE TW EE N TH E UN ITE D STA TES AND TAIWAN, W IT H SP EC IA L EM PH AS ...","","1979-11-15"
"920","Congressional Hearings","CHRG-96shrg54916O","CHRG-96shrg54916O","United Nations reform: hearing before the Committee on Foreign Relations, United States Senate, Ninety-sixth Congress, first session ... October 26, 1979.","https://www.govinfo.gov/app/details/CHRG-96shrg54916O/CHRG-96shrg54916O","https://www.govinfo.gov/content/pkg/CHRG-96shrg54916O/pdf/CHRG-96shrg54916O.pdf","29.4 MB","","0 B","","0 B","","0 B","","0 B"," SENATE NINE TY -SI XT H CONGRESS FIR ST SESSION ON VARIOUS UNITED NATIONS REFORM PROPOSALS OCTOBER 26, 1979 Printed for the use of the Committee on F oreign Relations □ « M-919 0 U.S. GOVERNMENT PRINTING OFFICE WASHINGTON : 1980 COMMITTEE ON FOREIGN RELATIONS FRANK CHURCH, Idaho, Ch air ma n CLAIBORNE PELL, Rhode Island GEORGE MCGOVERN, South...","","1979-10-26"
"921","Congressional Hearings","CHRG-96shrg53394Op6","CHRG-96shrg53394Op6","The SALT II Treaty. Part 6, Markup: hearings before the Committee on Foreign Relations, United States Senate, Ninety-sixth Congress, first session, on Ex. Y, 96-1 �","https://www.govinfo.gov/app/details/CHRG-96shrg53394Op6/CHRG-96shrg53394Op6","https://www.govinfo.gov/content/pkg/CHRG-96shrg53394Op6/pdf/CHRG-96shrg53394Op6.pdf","104.3 MB","","0 B","","0 B","","0 B","","0 B"," TIONS UNITED STATES SENA TE NINE TY -SI XT H CONGRESS > FIR ST SESSION ON EX. Y, 96-1 THE TREATY BETW EEN THE UNITED STATES OF AMERICA AND THE UNION OF SOVIET SOCIALIST REPUBLICS ON THE LIMITATION OF STRATEGIC OFFENSIVE ARMS AND TH E PRO­ TOCOL THERETO, TOGETHER REFER RED TO AS THE SALT II TREATY, BOTH SIGNED AT VIENNA, AUSTRIA, ON JUN E 18, 1979,...","","1979-10-15"
"922","Congressional Hearings","CHRG-96shrg54836O","CHRG-96shrg54836O","U.S.-Australian agreement: hearing before the Committee on Foreign Relations, United States Senate, Ninety-sixth Congress, first session on the United States-Australian Agreement on the peaceful uses of nuclear energy. October 5, 1979.","https://www.govinfo.gov/app/details/CHRG-96shrg54836O/CHRG-96shrg54836O","https://www.govinfo.gov/content/pkg/CHRG-96shrg54836O/pdf/CHRG-96shrg54836O.pdf","11.7 MB","","0 B","","0 B","","0 B","","0 B"," SESSION ON THE UNITED STATES-AU STRA LIAN AGREEMENT ON THE PEAC EFUL USES OF NUCLEAR ENERGY s OCTOBER 5, 1979 Printed for the use of the Committee on Foreign Rela tions 54-836 O U.S . GOV ERN MENT PR INTING OFFIC E WAS HIN GTO N: 1 980 -r* o ' o I t COMMITTEE ON FOREIGN RELATIONS FRANK CHURCH, Idaho, Chairma n CLAIBORNE PELL, Rhode Island GEORGE ...","","1979-10-05"
"923","Congressional Hearings","CHRG-96shrg48280O","CHRG-96shrg48280O","Briefing on SALT I compliance: hearing before the Committee on Foreign Relations, United States Senate, Ninety-sixth Congress, first session, on briefings on SALT I compliance with Robert W. Buchheim, U.S. commissioner to the Standing Consultative Commission, and Sidney N. Graybeal, Former U.S. Commissioner to the Standing Consultative Commission. September 25, 1979.","https://www.govinfo.gov/app/details/CHRG-96shrg48280O/CHRG-96shrg48280O","https://www.govinfo.gov/content/pkg/CHRG-96shrg48280O/pdf/CHRG-96shrg48280O.pdf","11.8 MB","","0 B","","0 B","","0 B","","0 B","TY -SIX TH CONGRESS K SU L IB R A R IE S —~ □ FIRS T SESSION ON BRIEFING S ON SALT I COMPLIANCE WITH ROBERT W. BUCH HEIM, U.S. COMMISSIONER TO THE STANDING CON­ SULTATIVE COMMISSION, AND SIDNEY N. GRAYBEAL, FORMER U.S. COMMISSIONER TO THE STANDING CON­ SULTATIVE COMMISSION SEPTEM BER 25, 1979 [SECRET HEARING HELD ON SEPTEM BER 25, 1979; DECLA SSIF ...","","1979-09-25"
"924","Congressional Hearings","CHRG-96shrg48260Op4","CHRG-96shrg48260Op4","The SALT II Treaty. Part 4: hearings before the Committee on Foreign Relations, United States Senate, Ninety-sixth Congress, first session, on Ex. Y, 96-1 �","https://www.govinfo.gov/app/details/CHRG-96shrg48260Op4/CHRG-96shrg48260Op4","https://www.govinfo.gov/content/pkg/CHRG-96shrg48260Op4/pdf/CHRG-96shrg48260Op4.pdf","110.1 MB","","0 B","","0 B","","0 B","","0 B"," ON EX. Y, 96-1 THE TREATY BET WEEN THE UNITED STATES OF AMERICA AND THE UNION OF SOVIET SOCIALIST REP UBL ICS ON THE LIMITATION OF STRATEGIC OFFENSIVE ARMS AND THE PRO­ TOCOL THERETO, TOGETHER REFERRED TO AS THE SALT II TREATY, BOTH SIGNED AT VIENNA, AUSTRIA, ON JUNE 18, 1979, AND RELATED DOCUMENTS s SEPTEM BER 6, 7, 10, 11, AND 12, 1979 PART 4...","","1979-09-06"
"925","Congressional Hearings","CHRG-96shrg48250Op3","CHRG-96shrg48250Op3","The SALT II Treaty. Part 3: hearings before the Committee on Foreign Relations, United States Senate, Ninety-sixth Congress, first session, on Ex. Y, 96-1 �","https://www.govinfo.gov/app/details/CHRG-96shrg48250Op3/CHRG-96shrg48250Op3","https://www.govinfo.gov/content/pkg/CHRG-96shrg48250Op3/pdf/CHRG-96shrg48250Op3.pdf","66.2 MB","","0 B","","0 B","","0 B","","0 B","SENA TE NI NE TY -SIX TH CONGRESS FIRS T SESSION ON EX. Y, 96-1 THE TREATY BET WEEN TH E UNITED STATES OF AMERICA AND THE UNION OF SOVIET SOCIALIST REP UBL ICS ON THE LIMITATION OF STRATEGIC OFFENSIVE ARMS AND THE PRO­ TOCOL THERETO , TOG ETH ER REF ERRED TO AS THE SALT II T R EATY , BOTH SIGNED AT VIENNA, AUSTRIA, ON JUN E 18, 1970, AND RELATED ...","","1979-07-25"
"926","Congressional Hearings","CHRG-96shrg48240Op2","CHRG-96shrg48240Op2","The SALT II Treaty. Part 2: hearings before the Committee on Foreign Relations, United States Senate, Ninety-sixth Congress, first session, on Ex. Y, 96-1 �","https://www.govinfo.gov/app/details/CHRG-96shrg48240Op2/CHRG-96shrg48240Op2","https://www.govinfo.gov/content/pkg/CHRG-96shrg48240Op2/pdf/CHRG-96shrg48240Op2.pdf","86.5 MB","","0 B","","0 B","","0 B","","0 B"," UNITED STATES SENATE NINE TY -SI XT H CONGRESS FIR ST SESSION ON EX. Y, 96-1 TH E TREATY BETW EEN THE UNITED STATES OF AMERICA AND TH E UNION OF SOVIET SOCIALIST REPUBLICS ON THE LIMIT ATIO N OF STRATEGIC OFF ENS IVE ARMS AND THE PRO­ TOCOL THERETO, TOGETHER REFERRED TO AS THE SALT II TREATY, BOTH SIGNED AT VIENNA, AUSTRIA, ON JUN E 18, 1979, ...","","1979-07-16"
"927","Congressional Hearings","CHRG-96shrg48230Op1","CHRG-96shrg48230Op1","The SALT II Treaty. Part 1: hearings before the Committee on Foreign Relations, United States Senate, Ninety-sixth Congress, first session, on Ex. Y, 96-1 ....","https://www.govinfo.gov/app/details/CHRG-96shrg48230Op1/CHRG-96shrg48230Op1","https://www.govinfo.gov/content/pkg/CHRG-96shrg48230Op1/pdf/CHRG-96shrg48230Op1.pdf","118.7 MB","","0 B","","0 B","","0 B","","0 B"," CONGRESS K SU L IB R A R IE S = »̂ = = □ FIR ST SES SION ON EX. Y, 96-1 THE TREATY BET WEEN THE UNIT ED STATES OF AMERICA AND THE UNION OF SOVIET SOCIALIST REPUBLICS ON THE LIMITATION OF STRATEGIC OFFENS IVE ARMS AND THE PRO­ TOCOL THERETO , TOGETHER REFER RED TO AS THE SALT II TREATY, BOTH SIGNED AT VIENNA, AUSTRIA, ON JUNE 18, 1979, AND RELATED ...","","1979-07-09"
"928","Congressional Hearings","CHRG-96shrg46730O","CHRG-96shrg46730O","International tax treaties: hearing before the Committee on Foreign Relations, United States Senate, Ninety-sixth Congress, first session ... June 6, 1979.","https://www.govinfo.gov/app/details/CHRG-96shrg46730O/CHRG-96shrg46730O","https://www.govinfo.gov/content/pkg/CHRG-96shrg46730O/pdf/CHRG-96shrg46730O.pdf","22.8 MB","","0 B","","0 B","","0 B","","0 B"," ON FOREIGN RELATIO NS UNITED STATES SENATE NINE TY -SI XT H CONG RESS FIR ST SESSION ON SIX INTERN ATIONAL TAX TRE ATIES AND PROTOCOLS JUNE 6, 1979 Pri nt ed fo r th e use of th e Com m itt ee on For ei gn R el ations 46-730 0 U.S. GOVERNMENT PRINTING OFFICE WASHINGTON : 1979 COMMITTEE ON FOREIGN RELATIONS FRANK CHURCH. Idaho, Chairman ...","","1979-06-06"
"929","Congressional Hearings","CHRG-96shrg48598","CHRG-96shrg48598","The International Wheat Agreement: hearing before the Committee on Foreign Relations of the United States Senate, Ninety-sixth Congress, first session, May 8, 1979.","https://www.govinfo.gov/app/details/CHRG-96shrg48598/CHRG-96shrg48598","https://www.govinfo.gov/content/pkg/CHRG-96shrg48598/pdf/CHRG-96shrg48598.pdf","21.5 MB","","0 B","","0 B","","0 B","","0 B","» BEFO R E T H E COMMITTEE ON FOR EIGN RELATIONS OF T H E UNITE D STATES SEN ATE NINE TY -SIX TH CONG RESS F IR S T SE SS IO N M A Y 8, 1979— — J P r in te d f o r th e u s e o f t h e C o m m itte e o n F o r e ig n R e la t io n s ♦ * 1 -48-598 U .S . GOVERNM EN T PR IN T IN G O FFIC E W ASH IN G TO N : 19 79 COMMITTEE ON FOREIGN RELATIONS FRANK ...","","1979-05-08"
"930","Congressional Hearings","CHRG-96shrg43968O","CHRG-96shrg43968O","Treaty termination: hearings before the Committee on Foreign Relations, United States Senate, Ninety-sixth Congress, first session, on S. Res. 15, resolution concerning mutual defense treaties. April 9, 10, and 11, 1979.","https://www.govinfo.gov/app/details/CHRG-96shrg43968O/CHRG-96shrg43968O","https://www.govinfo.gov/content/pkg/CHRG-96shrg43968O/pdf/CHRG-96shrg43968O.pdf","97.0 MB","","0 B","","0 B","","0 B","","0 B"," FI RST SES SIO N S. RES. 15, RESO LU TIO N CON CERNING MUTUAL DE FE NS E TR EA TI ES APR IL 9, 10 AND 11, 1979 d o c u m e n t s MAY 14 19f x F A R R E KANSAS L IB R A R / UNIVERSITY Pr in ted fo r the use of th e Comm ittee on Fo rei gn Re la tio ns TREATY TERMINATION H E A R I N G S BE FO RE TH ECOMMITTEE ON FORE IGN RELATIONS UNIT ED STATES...","","1979-04-09"
"931","Congressional Hearings","CHRG-96shrg41117O","CHRG-96shrg41117O","Taiwan: hearings before the Committee on Foreign Relations, United States Senate, Ninety-sixth Congress, first session, on S. 245 ...","https://www.govinfo.gov/app/details/CHRG-96shrg41117O/CHRG-96shrg41117O","https://www.govinfo.gov/content/pkg/CHRG-96shrg41117O/pdf/CHRG-96shrg41117O.pdf","1.2 GB","","0 B","","0 B","","0 B","","0 B"," O N F O R EI G N R E L A TI O N S U NI T E D S T A T E S S E N A T E NI N E T Y - S I X T H C O N G R E S S FI R S T S E S SI O N O N S. 2 4 5, A BI L L T O P R O M O T E T H E F O R E I G N P O LI C Y O F T H E U NI T E D S T A T E S T H R O U G H T H E M AI N T E N A N C E O F C O M M E R­ CI A L, C U L T U R A L, A N D O T H E R R E L A TI O N ...","","1979-02-05"
"932","Congressional Hearings","CHRG-95shrg34794","CHRG-95shrg34794","Uganda, the human rights situation: hearings before the Subcommittee on Foreign Economic Policy of the Committee on Foreign Relations, United States Senate, Ninety-fifth Congress, second session ... June 15, 21, 26, 1978.","https://www.govinfo.gov/app/details/CHRG-95shrg34794/CHRG-95shrg34794","https://www.govinfo.gov/content/pkg/CHRG-95shrg34794/pdf/CHRG-95shrg34794.pdf","26.7 MB","","0 B","","0 B","","0 B","","0 B"," BEFORE THESUBCOMMITTEE ON FOREIGN ECONOMIC POLICY OF THECOMMITTEE ON FOREIGN RELATIONS UNITE D STATES SENATE NIN ET Y-FIF TH CONG RESS SECOND SESSION ON UGANDA: TH E HUMAN RIGHTS SIT UA TIO N; ASSESSMENT OF TH E CURRENT POLITICAL, ECONOMIC, AND RELIGIOUS PO LICIES ; AND RECOMMENDATIONS FOR U.S. POLICIES IT un j- ru O' □ □ IT A A < JUN E 15, 21, 26...","","1978-06-15"
"933","Congressional Hearings","CHRG-95shrg29711O","CHRG-95shrg29711O","Combating international and domestic terrorism: hearing before the Committee on Foreign Relations, United States Senate, Ninety-fifth Congress, second session, on S. 2236 ... June 8, 1978.","https://www.govinfo.gov/app/details/CHRG-95shrg29711O/CHRG-95shrg29711O","https://www.govinfo.gov/content/pkg/CHRG-95shrg29711O/pdf/CHRG-95shrg29711O.pdf","22.6 MB","","0 B","","0 B","","0 B","","0 B"," H E A R I N G BEFORE THE A COMM ITTEE ON FO RE IGN RE LA TIO NS UNITED STATES SENATE NI NE TY -FIFTH CONG RESS SE CO ND SE SS IO N ON S. 2236 TO E FFE C T CERTA IN REO RGANIZ ATI ON OF T H E FED ER A L GO VE RN MEN T TO STREN GTH EN FE D E R A L PR OG RA MS AN D PO LIC IE S FO R CO MBA TING IN TERN ATIO NA L AN D DOMES TI C TERRORIS M JU N ...","","1978-06-08"
"934","Congressional Hearings","CHRG-95shrg30497","CHRG-95shrg30497","U.S. policy toward Africa: hearing before the Subcommittee on African Affairs of the Committee on Foreign Relations, United States Senate, Ninety-fifth Congress, second session � May 12, 1978.","https://www.govinfo.gov/app/details/CHRG-95shrg30497/CHRG-95shrg30497","https://www.govinfo.gov/content/pkg/CHRG-95shrg30497/pdf/CHRG-95shrg30497.pdf","8.1 MB","","0 B","","0 B","","0 B","","0 B"," ON AFRICAN AFF AIR S OF THECOMMITTEE ON FOREIGN RELATIONS UNITED STATES SENATE NIN ET Y-FIFTH CONGEESS .w AFRIC A^ .— v * SECOND SESSION ON ADMINISTRATION OFF ICIALS’ REV IEW OF U.S. POLICY TO­ WARD AFRICA, WITH PARTICULAR REF ERE NCE TO SOUTHERN AFRICA MAY 12, 1978 Pr inted for the use of the Committee on Fore ign Relations _ > 30-497 ...","","1978-05-12"
"935","Congressional Hearings","CHRG-95shrg26169","CHRG-95shrg26169","International sugar agreement and U.S. sugar policy: hearings before the Subcommittee on Foreign Economic Policy of the Committee on Foreign Relations, United States Senate, Ninety-fifth Congress, second session, Burley, Idaho, February 13, 1978.","https://www.govinfo.gov/app/details/CHRG-95shrg26169/CHRG-95shrg26169","https://www.govinfo.gov/content/pkg/CHRG-95shrg26169/pdf/CHRG-95shrg26169.pdf","22.4 MB","","0 B","","0 B","","0 B","","0 B","“Hearings BEFO RE T H ESUBCOMMITTEE ON FOREIGN ECONOMIC POLICY OF T H E COMMITTEE ON FOR EIGN RELATIONS UNITED STATES SENA TE NIN ET Y-FIF TH CONGRESS SEC OND SE SSION BU RLEY, IDA HO FEBR UA RY 13, 1978 I P r i n t e d f o r th e u s e o f th e C o m m it te e o n F o re ig n R e la t io n s 26-169 U.S. GO VE RN MEN T PR IN TIN G O FFIC E W A SH ...","","1978-02-13"
"936","Congressional Hearings","CHRG-95shrg23734O","CHRG-95shrg23734O","Exploitation of Antarctic resources: hearing before the Subcommittee on Arms Control, Oceans, and International Environment of the Committee on Foreign Relations, United States Senate, Ninety-fifth Congress, second session ... February 6, 1978.","https://www.govinfo.gov/app/details/CHRG-95shrg23734O/CHRG-95shrg23734O","https://www.govinfo.gov/content/pkg/CHRG-95shrg23734O/pdf/CHRG-95shrg23734O.pdf","47.4 MB","","0 B","","0 B","","0 B","","0 B","A R I N G BEFORE THESUBCOMMITTEE ON ARMS CONTROL, OCEANS, AND INTERNATIONAL ENVIRONMENT OF THECOMMITTEE ON FORE IGN RELATIO NS UNITED STATES SENATE NIN ET Y-FIF TH CONG RESS SECOND SESSION ON U.S. POLIC Y W IT H RE SP EC T TO TH E EX PL OITA TION OF ANTARCTIC RE SO UR CES _ _ m FE BR UA RY 6, 1978 1 ' 0"" | = ° 1 Print ed fo r th e u se of th e ...","","1978-02-06"
"937","Congressional Hearings","CHRG-95shrg24430","CHRG-95shrg24430","Briefings on SALT negotiations: hearings before the Committee on Foreign Relations, United States Senate, Ninety-fifth Congress, first session ... November 3 and 29, 1977.","https://www.govinfo.gov/app/details/CHRG-95shrg24430/CHRG-95shrg24430","https://www.govinfo.gov/content/pkg/CHRG-95shrg24430/pdf/CHRG-95shrg24430.pdf","15.5 MB","","0 B","","0 B","","0 B","","0 B"," THE1 COMMITTEE ON FOREIGN RELATIONS ! UNITED STATES SENATE NI NE TY -FIFTH CONGRESS FIR ST SESSION ON BRIEFINGS BY CYRUS R. VANCE, SECRETARY OF STATE, AND AMBASSADOR PAUL C. WARNKE, DIRECTOR, ARMS CONTROL AND DISARMAMENT AGENCY, ON THE SALT NEGOTIATIONS NOVEMBER 3 AND 29, 197"" [SECRET HEARINGS HELD ON NOVEMBER 3 AND 29, 1977; SANITIZED AND MADE ...","","1977-11-03"
"938","Congressional Hearings","CHRG-95shrg20267","CHRG-95shrg20267","The Witteveen facility and the OPEC financial surpluses: hearings before the Subcommittee on Foreign Economic Policy of the Committee on Foreign Relations, United States Senate, Ninety-fifth Congress, first session ...","https://www.govinfo.gov/app/details/CHRG-95shrg20267/CHRG-95shrg20267","https://www.govinfo.gov/content/pkg/CHRG-95shrg20267/pdf/CHRG-95shrg20267.pdf","39.9 MB","","0 B","","0 B","","0 B","","0 B"," STATE UNIVERSITY JJJ]ARINGS B E F O R E T H ESUBCOMMITTEE ON FOREIGN ECONOMIC POLICY O F T H E COMMITTEE ON FOREIGN RELATIONS UNITED STATES SENATE □ J] a- io ru D~ □ □ O' H H < NIN ET Y- FIFT H CONGRESS F IR S T SE SS IO N SE PT EM BE R 21, 23, OCTOB ER 6, 7, AND 10, 1977 I Print ed fo r th e use of th e Com mit tee on Fo rei gn Re la tio ns ■...","","1977-09-21"
"939","Congressional Hearings","CHRG-95shrg99621O","CHRG-95shrg99621O","International terrorism: hearing before the Subcommittee on Foreign Assistance of the Committee on Foreign Relations, United States Senate, Ninety-fifth Congress, first session ... September 14, 1977.","https://www.govinfo.gov/app/details/CHRG-95shrg99621O/CHRG-95shrg99621O","https://www.govinfo.gov/content/pkg/CHRG-95shrg99621O/pdf/CHRG-95shrg99621O.pdf","20.0 MB","","0 B","","0 B","","0 B","","0 B"," ITTE E ON FOR EIG N AS SIS TA NC E OF TH ECOMMITTEE ON FOREIGN RELATIONS UNITED STATES SENATE NI NE TY -FIFTH CONG RESS FIRST SESSION s IN TE RN AT IONA L TERR OR ISM DC < DC m , 3 i 3 CO ; ' ru ! ru : J- i j - i ru i O' □□ O'H H < SE PT EM BE R 14, 1977 P r in te d fo r th e u se o f th e C om m it te e on F o re ig n R e la t io n s 90-621 O ...","","1977-09-14"
"940","Congressional Hearings","CHRG-95shrg96873O","CHRG-95shrg96873O","Threshold test ban and peaceful nuclear explosion treaties: hearings before the Committee on Foreign Relations and the Subcommittee on Arms Control, Oceans, and International Environment of the Committee on Foreign Relations, United States Senate, Ninety-fifth Congress, first session, on Executive N, 94th Cong., 2d sess. ...","https://www.govinfo.gov/app/details/CHRG-95shrg96873O/CHRG-95shrg96873O","https://www.govinfo.gov/content/pkg/CHRG-95shrg96873O/pdf/CHRG-95shrg96873O.pdf","30.7 MB","","0 B","","0 B","","0 B","","0 B"," STATE UNIVERSITY H E A R IN G S BEFORE THECOMMITTEE ON FORE IGN RELATIONS AND THESUBC OMM ITTE E ON ARM S CONTROL, OCEANS AN D INTE RN AT ION AL EN VIR ON ME NT OB’ THECOMMITTEE ON FOREIGN RELATIONS UNITED STATES SENATE NINE TY -FIFTH CONGRESS FIR ST SESSION ON Executive N, 94th Cong., 2d sess. TWO T REA TIES BETW EEN THE UNITED STATES OF ...","","1977-07-28"
"941","Congressional Hearings","CHRG-95shrg94802","CHRG-95shrg94802","Tax treaties with the United Kingdom, the Republic of Korea, and the Republic of the Philippines: hearings before the Committee on Foreign Relations, United States Senate, Ninety-fifth Congress, first session ... July 19 and 20, 1977.","https://www.govinfo.gov/app/details/CHRG-95shrg94802/CHRG-95shrg94802","https://www.govinfo.gov/content/pkg/CHRG-95shrg94802/pdf/CHRG-95shrg94802.pdf","109.9 MB","","0 B","","0 B","","0 B","","0 B"," UNITED STATES SENATE NIN ET Y-F IF TH CONG RESS F IR S T SE SS IO N ON EX. K., 94TH CONG., 2D SESS., TAX CONVENTION WIT H THE UNITED KINGDOM OF GREAT BRITAIN AND NORTHERN IRE LAND; EX. P., 91TH CONG., 2D SESS., TAX CONVENTION WITH THE REP UBL IC OF KOREA; AND EX. O., 94TH CONG., 2D SESS.. PROTOCOL TO THE 1975 INCOME TAX CONVENTION WITH THE ...","","1977-07-19"
"942","Congressional Hearings","CHRG-95shrg96672","CHRG-95shrg96672","Sale of AWACS to Iran: hearings before the Subcommittee on Foreign Assistance and the Committee on Foreign Relations, United States Senate, Ninety-fifth Congress, first session, on proposed sale of seven E-3 airborne warning and control system aircraft to Iran, July 18, 22, 25, 27 and September 19, 1977.","https://www.govinfo.gov/app/details/CHRG-95shrg96672/CHRG-95shrg96672","https://www.govinfo.gov/content/pkg/CHRG-95shrg96672/pdf/CHRG-95shrg96672.pdf","21.8 MB","","0 B","","0 B","","0 B","","0 B","L VJ kJ BEFORE TH E SUBCOMMITTEE ON FOREIGN ASS ISTANCE AND TH E COMMITTEE ON FOREIGN RELA TIONS UNITE D STATES SENATE NIN ET Y-FIFTH CONGRESS FIR ST SESSION ON PROPOS ED SAL E OF SEVEN E-3 AIRB OR NE WA RNING AND CON TRO L SYSTEM AIRC RA FT TO IRA N Printe d for the use of the Committee on Fore ign Rela tions U.S. GOVERNMENT PRIN TING OFFICE 96-...","","1977-07-18"
"943","Congressional Hearings","CHRG-95shrg94274O","CHRG-95shrg94274O","War powers resolution: hearings before the Committee on Foreign Relations, United States Senate, Ninety-fifth Congress, on a review of the operation and effectiveness of the war power resolution, July 13, 14, and 15, 1977.","https://www.govinfo.gov/app/details/CHRG-95shrg94274O/CHRG-95shrg94274O","https://www.govinfo.gov/content/pkg/CHRG-95shrg94274O/pdf/CHRG-95shrg94274O.pdf","108.3 MB","","0 B","","0 B","","0 B","","0 B","SENAT E NI NE TY -FIFTH CONG RESS ON A REVIEW OF THE OPERATION AND EFFECT IVENES S OF THE WAR POWERS RESOLUTION JULY 13, 14 AND 15, 1977 Printed for the use of the Committee on Fore ign Relations WAR POWERS RESOLUTION H E A R I N G S BEFORE THECOMMITTEE ON FOREIGN RELATIONS UNITED STATES SENATE NI NE TY -FIFTH CONG RESS ON A REVIEW OF THE OPERATION...","","1977-07-13"
"944","Congressional Hearings","CHRG-95shrg92287","CHRG-95shrg92287","Ambassador Young's African trip: hearing before the Subcommittee on African Affairs of the Committee on Foreign Relations, United States Senate, Ninety-fifth Congress, first session, to receive a report from Ambassador Andrew Young on his recent trip to Africa and United States policy in the area. June 6, 1977.","https://www.govinfo.gov/app/details/CHRG-95shrg92287/CHRG-95shrg92287","https://www.govinfo.gov/content/pkg/CHRG-95shrg92287/pdf/CHRG-95shrg92287.pdf","6.3 MB","","0 B","","0 B","","0 B","","0 B"," l V i n V , BEFORE THESUBC OMM ITTE E ON AF RI CA N AF FA IR S OF THE COMMITTEE ON FOREIGN RELA TIONS UNITE D STATES SENATE NIN ET Y-FIFTH CONGRESS FIR ST SESSION TO RECEIVE A REPO RT FROM AMBASSADOR ANDREW YOUNG ON HIS RECENT T RI P TO AFRICA AND UNITED STATES POLICY Print ed for the use of the Committee on Fore ign Rela tions U.S . GO VE RN ME ...","","1977-06-06"
"945","Congressional Hearings","CHRG-95shrg88226","CHRG-95shrg88226","African development fund: hearing before the Subcommittee on African Affairs and the Subcommittee on Foreign Assistance of the Committee on Foreign Relations, United States Senate, Ninety-fifth Congress, first session, on H.R. 5262, to provide for increased participation by the United States in the International Bank for Reconstruction and Development, the International Development Association, the International Finance Corporation, the Asian Development Bank and the Asian Development Fund, and for other purposes. April 18, 1977.","https://www.govinfo.gov/app/details/CHRG-95shrg88226/CHRG-95shrg88226","https://www.govinfo.gov/content/pkg/CHRG-95shrg88226/pdf/CHRG-95shrg88226.pdf","9.8 MB","","0 B","","0 B","","0 B","","0 B"," RE TH E SUBCOMMITTEE ON AFRICAN AFF AIR S AN D T H E SUBCOMMITTEE ON FOREIGN ASSISTANCE OF THE COMMITTEE ON FOREIGN RELATIONS UNITED STATES SENATE NI NE TY -FIFTH CONGRESS FIR ST SESSI ON ON H.R. 5262 TO PROV IDE FOR INCREASED PARTICIPATION BY THE UNITED STATES IN THE INTERNATIONAL BANK FOR RECONSTRUCTION AND DEVELOPMENT, THE INTERNATIONAL ...","","1977-04-18"
"946","Congressional Hearings","CHRG-95shrg87212","CHRG-95shrg87212","FY 1977 State Department supplemental: hearing before the Subcommittee on International Operations of the Committee on Foreign Relations, United States Senate, Ninety-fifth Congress, first session, on H.R. 5040 ... March 21, 1977.","https://www.govinfo.gov/app/details/CHRG-95shrg87212/CHRG-95shrg87212","https://www.govinfo.gov/content/pkg/CHRG-95shrg87212/pdf/CHRG-95shrg87212.pdf","14.3 MB","","0 B","","0 B","","0 B","","0 B"," l 1Y B EFO RE TH ESUBCOMMITTEE ON INTERNATIONAL OPERATIONS OF T H ECOMM ITTEE ON FO RE IGN RELATIO NS UNITED STATES SENATE NIN ET Y-F IF TH CONG RESS FIRS T SESSION ON H .R . 5 0 4 0 TO AUTHORIZE ADDITIONAL APPROPRIATIONS FOR THE DEPARTMENT OF STATE FOR FISCAL YEAR 1977 MARCH 21, 1977 Printe d for the use of the Committee on Foreign Rela tions 87...","","1977-03-21"
"947","Congressional Hearings","CHRG-95shrg83872O","CHRG-95shrg83872O","Warnke nomination: hearings before the Committee on Foreign Relations, United States Senate, Ninety-fourth Congress, first session, on nomination of Paul C. Warnke, to be Director of the United States Arms Control and Disarmament Agency, with the rank of Ambassador during his tenure of service as Director, February 8 and 9, 1977.","https://www.govinfo.gov/app/details/CHRG-95shrg83872O/CHRG-95shrg83872O","https://www.govinfo.gov/content/pkg/CHRG-95shrg83872O/pdf/CHRG-95shrg83872O.pdf","38.1 MB","","0 B","","0 B","","0 B","","0 B","R IN G S BEFORE THE1 j COMMITTEE ON FOREIGN RELATIONS UNITED STATES SENATE NI NE TY -FIFTH CONG RESS FIR ST SESSION ON NOMINATION OF PAUL C. WARNKE TO BE DIRECT OR OF THE UNITED STATES ARMS CONTROL AND DISARMAMENT AGENCY, WIT H THE RANK OF AMBASSADOR DURING HIS TEN URE OF SERVICE AS DIREC TOR FEBRUARY 8 AND 9, 1977 X Printed for the use of the ...","","1977-02-08"
"948","Congressional Hearings","CHRG-95shrg83247","CHRG-95shrg83247","Nomination of Hon. Andrew Young as U.S. Representative to U.N.: hearing before the Committee on Foreign Relations, United States Senate, Ninety-fifth Congress, first session, on the nomination of Congressman Andrew Young to be the United States Representative to the United Nations, with the rank of Ambassador, and representative in the Security Council of the United Nations. January 25, 1977.","https://www.govinfo.gov/app/details/CHRG-95shrg83247/CHRG-95shrg83247","https://www.govinfo.gov/content/pkg/CHRG-95shrg83247/pdf/CHRG-95shrg83247.pdf","12.0 MB","","0 B","","0 B","","0 B","","0 B","KANSAS STATE U N I V E R S I T J jp Q BE FO RE TH ECOMMITTEE ON FOREIGN RELATIO NS UNIT ED STATES SENATE NIN ET Y-FIF TH CONGRESS FIRS T SESSION ON THE NOMINATION OF CONGRESSMAN AND REW YOUNG TO BE THE UNITE D STA TES RE PR ES EN TA TIVE TO THE UNITED NATIONS, WITH T HE R ANK OF AMB ASSA DOR, AND RE PRESEN TATIV E IN TH E SECU RITY COUNCIL OF THE ...","","1977-01-25"
"949","Congressional Hearings","CHRG-95shrg83737","CHRG-95shrg83737","United States/Soviet strategic options: hearings before the Committee on Foreign Relations and the Subcommittee on Arms Control, Oceans, and International Environment of the Committee on Foreign Relations, United States Senate, Ninety-fifth Congress, first session ...January 14, 19, and March 16, 1977.","https://www.govinfo.gov/app/details/CHRG-95shrg83737/CHRG-95shrg83737","https://www.govinfo.gov/content/pkg/CHRG-95shrg83737/pdf/CHRG-95shrg83737.pdf","135.1 MB","","0 B","","0 B","","0 B","","0 B","N G S Si I J B E F O R E T H E C O M M I T T E E O N F O R E I G N R E L A TI O N S A N D T H E S U B C O M MI T T E E O N A R M S C O N T R O L, O C E A N S A N D I N T E R N A TI O N A L E N VI R O N M E N T O F T H E C O M M I T T E E O N F O R E I G N R E L A TI O N S U N I T E D S T A T E S S E N A T E N I N E T Y - F I F T H C O N G R E S S ...","","1977-01-14"
"950","Congressional Hearings","CHRG-95shrg81894","CHRG-95shrg81894","Vance nomination: hearing before the Committee on Foreign Relations, United States Senate, Ninety-fifth Congress, first session, on nomination of Hon. Cyrus R. Vance to be Secretary of State. January 11, 1977.","https://www.govinfo.gov/app/details/CHRG-95shrg81894/CHRG-95shrg81894","https://www.govinfo.gov/content/pkg/CHRG-95shrg81894/pdf/CHRG-95shrg81894.pdf","26.3 MB","","0 B","","0 B","","0 B","","0 B"," HEARING BEFO RE TH E COMMITTEE ON FOREIGN RELATIONS UNITE D STATES SENATE NIN ET Y-FIF TH CONGR ESS FIRST SESSION ON NOMINATION OF HON. CYRUS R. VANCE TO BE SECRETARY OF STATE 4C A frk bF JANUARY 11, 1977 Printe d for the use of the Committee on Foreign Rela tions U.S. GOVERNMENT PRINT ING OFFICE 81-894 WASHINGTON : 1977 ■h » -X FRANK CHURCH, ...","","1977-01-11"
"951","Congressional Hearings","CHRG-94shrg80379","CHRG-94shrg80379","United States-Turkish defense cooperation agreement: hearing before the Committee on Foreign Relations, United States Senate, Ninety-fourth Congress, second session, on S. J. Res. 204 ... September 15, 1976.","https://www.govinfo.gov/app/details/CHRG-94shrg80379/CHRG-94shrg80379","https://www.govinfo.gov/content/pkg/CHRG-94shrg80379/pdf/CHRG-94shrg80379.pdf","7.0 MB","","0 B","","0 B","","0 B","","0 B"," KANSAS STATE UNIVERSITY BE FO RE TH E COMMITTEE ON FOREIGN RELATIONS UNITE D STATES SENATE NINE TY -FO UR TH CONGRESS SECOND SESSION ON S. J. Res. 204 TO AU TH OR IZE TH E PR ESI DENT TO IM PLEM EN T AN AG RE E­ MENT W IT H THE GOVER NMENT OF THE RE PU BL IC OF TU R­ KEY RE LA TIVE TO DEFE NSE COOPERATION PURSUA NT TO AR TICL E I I I OF...","","1976-09-15"
"952","Congressional Hearings","CHRG-94shrg80160","CHRG-94shrg80160","South Africa: hearings before the Subcommittee on African Affairs of the Committee on Foreign Relations, United States Senate, Ninety-fourth Congress, second session, on South Africa, U.S. policy and the role of U.S. corporations. September 8, 9, 16, 17, 22, 23, 29, and 30, 1976.","https://www.govinfo.gov/app/details/CHRG-94shrg80160/CHRG-94shrg80160","https://www.govinfo.gov/content/pkg/CHRG-94shrg80160/pdf/CHRG-94shrg80160.pdf","147.5 MB","","0 B","","0 B","","0 B","","0 B"," ON FOREIGN RELATIONS UNITED STATES SENATE NIN ETY-F OU RTH CONGRESS SECOND SESSION ON SOUTH AFRICA—U.S. POLICY AND THE ROLE OF U.S. CORPORATIONS SEPT EMB ER 8, 9, 16, 17, 22, 23, 29, AND 30, 1976 Prin ted for the use of the Committee on Foreign Relat ions SOU TH AFRICA H E A R IN G S BEFORE THE SUBCOMMITTEE ON AFRICAN AFF AIRS OF THE COMMITTEE ON ...","","1976-09-08"
"953","Congressional Hearings","CHRG-94shrg76796","CHRG-94shrg76796","Treaty powers resolution: hearings before the Committee on Foreign Relations, United States Senate, Ninety-fourth Congress, second session, on S. Res. 486 ... July 21 and 28, 1976.","https://www.govinfo.gov/app/details/CHRG-94shrg76796/CHRG-94shrg76796","https://www.govinfo.gov/content/pkg/CHRG-94shrg76796/pdf/CHRG-94shrg76796.pdf","26.3 MB","","0 B","","0 B","","0 B","","0 B"," BEFORE THECOMMITTEE ON FOREIGN RELATIONS UNITED STATES SENATE NINE TY -FO UR TH CONG RESS s SECOND SESSION ON S. Res. 486 RELATING TO TH E TREATY POWERS OF TH E SENATE JULY 21 AND 28, 1976 Printe d for the use of the Commit tee on Foreign Relations 76-796 U.S. GOVERNMENT PRINTING OFFICE WASHINGTON : 1977 COMMITTEE ON FOREIGN ...","","1976-07-21"
"954","Congressional Hearings","CHRG-94shrg73825O","CHRG-94shrg73825O","Deep Seabed Hard Minerals Act: joint hearings before the Committee on Commerce, Committee on Foreign Relations, and the Committee on Armed Services, United States Senate, Ninety-fourth Congress, second session, on S. 713 ... May 17 and 19, 1976.","https://www.govinfo.gov/app/details/CHRG-94shrg73825O/CHRG-94shrg73825O","https://www.govinfo.gov/content/pkg/CHRG-94shrg73825O/pdf/CHRG-94shrg73825O.pdf","131.8 MB","","0 B","","0 B","","0 B","","0 B"," COMMITTEE ON FOREIGN RELATIONS K S U L I B R A R I E S A 1 1 9 0 0 9 5 3 1 5 4 BEFORE THE AND THE COMMITTEE ON ARMED SERVICES UNITED STATES SENATE NINETY-FOURTH CONGRESS SECOND SESSION ON S. 713 TO PROVIDE THE SECRETARY OF THE INTERIOR WITH AUTHORITY TO PROMOTE THE CONSERVATION AND ORDERLY DEVELOPMENT OF THE HARD MINERAL RE- SOURCES OF THE DEEP ...","","1976-05-17"
"955","Congressional Hearings","CHRG-94shrg72809","CHRG-94shrg72809","Travel program for Foreign Diplomats, Inc.: hearing before the Committee on Foreign Relations, United States Senate, Ninety-fourth Congress, second session ... March 22, 1976.","https://www.govinfo.gov/app/details/CHRG-94shrg72809/CHRG-94shrg72809","https://www.govinfo.gov/content/pkg/CHRG-94shrg72809/pdf/CHRG-94shrg72809.pdf","6.9 MB","","0 B","","0 B","","0 B","","0 B"," THE COMMITTEE ON FOREIGN REL ATIONS UNITE D STATES SENATE NINE TY -FO UR TH CONG RESS SECOND SESSION ON TRAVEL PROGRAM FOR FOREIGN DIPLOMATS, INC. MARCH 22, 1976 Prin ted for the use of the Committee on Foreign Relat ions 72 309 U.S . G O V ER N M EN T F R IN T IN G O FFIC E W A SH IN G TO N : 1976 • * r •; ’ 0 t 'll ' COMMITTEE ON FOR EIGN ...","","1976-03-22"
"956","Congressional Hearings","CHRG-94shrg69175","CHRG-94shrg69175","Proposed sale of AWACS to NATO: hearing before the Subcommittee on Foreign Assistance of the Committee on Foreign Relations, United States Senate, Ninety-fourth Congress, second session, on S.Con. Res. 99, expressing the objection of the Congress, pursuant to section 36(b) of the Foreign Military Sales Act, to the proposed sale of the thirty-two airborne early warning aircraft to the North Atlantic Treaty Organization. March 12, 1976.","https://www.govinfo.gov/app/details/CHRG-94shrg69175/CHRG-94shrg69175","https://www.govinfo.gov/content/pkg/CHRG-94shrg69175/pdf/CHRG-94shrg69175.pdf","8.1 MB","","0 B","","0 B","","0 B","","0 B"," ESUBC OMM ITTE E ON FOREIGN AS SIS TA NC E OF TH ECOMMITTEE ON FOREIGN RELATIONS UNITED STATES SENATE NINE TY -FO UR TH CONG RESS SECOND SESSION ON S. Con. Res . 99 EXPRE SSIN G THE OBJECTION OF THE CONGRESS, PURSU­ ANT TO SECTION 36( b) OF TH E FOREIGN MILITARY SALES ACT, TO T HE PROPOSED SALE OF THIRTY-TWO AIRBORNE EARLY WARNING AIRCRA FT TO ...","","1976-03-12"
"957","Congressional Hearings","CHRG-94shrg70004","CHRG-94shrg70004","U.S. policy toward Africa: hearings before the Subcommittee on African Affairs and the Subcommittee on Arms Control, International Organizations and Security Agreements [of]the Committee on Foreign Relations, United States Senate, Ninety-fourth Congress, second session ...","https://www.govinfo.gov/app/details/CHRG-94shrg70004/CHRG-94shrg70004","https://www.govinfo.gov/content/pkg/CHRG-94shrg70004/pdf/CHRG-94shrg70004.pdf","68.3 MB","","0 B","","0 B","","0 B","","0 B","H E A R IN G S BE FO RE TH E '! SUBCOMMITTEE ON AFRICAN AFFAIRS AND TH E SUBCOMMITTEE ON ARMS CONTROL, INTERNATIONAL ORGANIZATIONS AND SECURITY AGREEMENTS AND TH E COMMITTEE ON FOREIGN RELA TIONS UNITE D STATES SENATE NINE TY -FO UR TH CONGRESS SECOND SESSION ON MAJOR POWERS IN SOUTHERN AFRICA AFT ER ANGOLA, CURRENT SITUATION IN SOUTHERN AFRICA AND...","","1976-03-05"
"958","Congressional Hearings","CHRG-94shrg71173","CHRG-94shrg71173","United Nations: hearings before the Committee on Foreign Relations, United States Senate, Ninety-fourth Congress, second session, on nomination of Gov. William W. Scranton, of Pennsylvania, to be the Representative of the United States to the United Nations, with the rank of Ambassador and the future participation in the United Nations ...","https://www.govinfo.gov/app/details/CHRG-94shrg71173/CHRG-94shrg71173","https://www.govinfo.gov/content/pkg/CHRG-94shrg71173/pdf/CHRG-94shrg71173.pdf","54.5 MB","","0 B","","0 B","","0 B","","0 B"," UNIT ED STATES SENAT E NINE TY -FO UR TH CONGRESS SECOND SESS ION ON NO MI NA TIO N OF GOV . W IL LI AM W. SCR ANTON, OF PE NN ­ SY LV AN IA , TO B E TH E REPR ES EN TATIV E OF TH E UN ITED ST AT ES TO TH E UNIT ED NA TIO NS , W IT H TH E RANK OF AM BA SS AD OR AN D TH E FU TU RE OF UN ITED ST AT ES PA R­ TIC IP ATIO N IN TH E UNI TE D NA ...","","1976-03-02"
"959","Congressional Hearings","CHRG-94shrg67055","CHRG-94shrg67055","Angola: hearings before the Subcommittee on African Affairs of the Committee on Foreign Relations, United States Senate, Ninety-fourth Congress, second session, on U.S. involvement in civil war in Angola, January 29, February 3, 4, and 6, 1976.","https://www.govinfo.gov/app/details/CHRG-94shrg67055/CHRG-94shrg67055","https://www.govinfo.gov/content/pkg/CHRG-94shrg67055/pdf/CHRG-94shrg67055.pdf","42.3 MB","","0 B","","0 B","","0 B","","0 B"," ESUB COM MITTEE ON AFE IC AN AFF AIR S OF TH E COMMITTEE ON FOREIGN RELATIONS UNITE D STATES SENATE NINE TY -FO UR TH CONG RESS SE CO ND SE SS IO N ON U.S . IN VOLVEM ENT IN C IV IL W AR IN ANGOLA P ri n te d fo r th e us e o f th e Com mitt ee on Fore ig n R el at io ns 67-055 U.S . GOVERNMENT PRINT ING OFFIC E WASHIN GTO N : 1976 I z COMMITTEE ...","","1976-01-29"
"960","Congressional Hearings","CHRG-94shrg60619","CHRG-94shrg60619","U.S. policy toward southern Africa: hearings before the Subcommittee on African Affairs of the Committee on Foreign Relations, United States Senate, Ninety-fourth Congress, first session, on overview of U.S. relations with Southern Africa. June 11, 13, 16; July 9, 10, 14, 23, 24, 28, and 29, 1975.","https://www.govinfo.gov/app/details/CHRG-94shrg60619/CHRG-94shrg60619","https://www.govinfo.gov/content/pkg/CHRG-94shrg60619/pdf/CHRG-94shrg60619.pdf","106.0 MB","","0 B","","0 B","","0 B","","0 B"," NS UNITED STATES SENATE NINETY-FO UR TH CONGRESS FIR ST SESSION ON OVERVIEW OF U.S. RELATIONS WITH SOUTHERN AFRICA JUNE 11, 13, 16; JULY 9, 10, 14, 23, 24, 28, AND 29, 1975 Printed for the use of the Committee on Foreign Rela tions U.S. POLICY TOWARD SOUTHERN AFR ICA H E A R IN G S BEFORE T H E SUBCOMMITTEE ON AFRICAN AFFAIRS OF TH E COMMITTEE ON...","","1975-06-11"
"961","Congressional Hearings","CHRG-94shrg54036O","CHRG-94shrg54036O","U.S. Antarctic policy: hearing before the Subcommittee on Oceans and International Environment of the Committee on Foreign Relations, United States Senate, Ninety-fourth Congress, first session, on U.S. policy with respect to mineral exploration and exploitation in the Antarctic (executive hearing held May 15, 1975; made public July 6, 1975).","https://www.govinfo.gov/app/details/CHRG-94shrg54036O/CHRG-94shrg54036O","https://www.govinfo.gov/content/pkg/CHRG-94shrg54036O/pdf/CHRG-94shrg54036O.pdf","23.1 MB","","0 B","","0 B","","0 B","","0 B","^ J £ J N Q BEFORE TH ESUBCOMMITTEE ON OCEANS AND INTERNATIONAL ENVIRONMENT OF TH E' COMMITTEE ON FOREIGN RELATIONS • UNIT ED STATES SENATE NIN ETY-F OU RTH CONG RESS FIR ST SESSION ON U.S. POLICY WIT H RESPEC T TO MINERAL EXPLORATION AND EXPLOITATION IN THE ANTARCTIC [Ex ecutive hearing held May 15, 1975; made public July 6, 1975] > Prin ted fo r ...","","1975-05-15"
"962","Congressional Hearings","CHRG-94shrg54738","CHRG-94shrg54738","The United States and the United Nations: hearings before the Committee on Foreign Relations, United States Senate, Ninety-fourth Congress, first session on the United States and the United Nations and the nomination of Daniel Patrick Moynihan to be U.S. representative to the United Nations with the rank of Ambassador. May 7, 8, 14, 15, 21, and 22, and June 4, 1975.","https://www.govinfo.gov/app/details/CHRG-94shrg54738/CHRG-94shrg54738","https://www.govinfo.gov/content/pkg/CHRG-94shrg54738/pdf/CHRG-94shrg54738.pdf","107.2 MB","","0 B","","0 B","","0 B","","0 B"," FOREIGN RELATIONS UNIT ED STATES SENATE NIN ETY-F OU RTH CONG RESS FI RST SESSION ON THE UNITED STATES AND TH E UNITED NATIONS AND THE NOMINATION OF DANIEL PATRICK MOYNIHAN TO BE U.S. REP RESEN TATIV E TO THE UNIT ED NATIONS WITH THE RANK OF AMBASSADOR X MAY 7, S, 14, 15, 21, AND 22, AND JUN E 4, 1975 Pri nte d for the use of the Commit tee on ...","","1975-05-07"
"963","Congressional Hearings","CHRG-93shrg36620O","CHRG-93shrg36620O","U.S. participation in African Development Fund: hearing before the Committee on Foreign Relations, United States Senate, Ninety-third Congress, second session, on S. 2354, to provide for the participation of the United States in African Development Fund, June 27, 1974.","https://www.govinfo.gov/app/details/CHRG-93shrg36620O/CHRG-93shrg36620O","https://www.govinfo.gov/content/pkg/CHRG-93shrg36620O/pdf/CHRG-93shrg36620O.pdf","12.2 MB","","0 B","","0 B","","0 B","","0 B"," ORE THECOMMITT EE ON FOREI GN REL ATION S UNITED STATES SENATE NIN ETY-T HIR D CONGRESS SECO ND SE SS IO N ON S. 2354 TO PR OVID E FO R T H E PA RTIC IP A TIO N OF T H E U NIT ED ST AT ES IN AFR IC AN DEV EL OPM EN T FU ND JU N E 27, 1974 P ri n te d fo r th e us e of th e Co mmitt ee on Fo re ig n R el at io ns 36-620 0 U.S. GOVERNMENT PRINTING ...","","1974-06-27"
"964","Congressional Hearings","CHRG-93shrg40505","CHRG-93shrg40505","Warrantless wiretapping and electronic surveillance, 1974: joint hearings before the Subcommittee on Administrative Practice and Procedure and the Subcommittee on Constitutional Rights of the Committee on the Judiciary and the Subcommittee on Surveillance of the Committee on Foreign Relations, United States Senate, Ninety-third Congress, second session, on warrantless wiretapping and electronic surveillance ...","https://www.govinfo.gov/app/details/CHRG-93shrg40505/CHRG-93shrg40505","https://www.govinfo.gov/content/pkg/CHRG-93shrg40505/pdf/CHRG-93shrg40505.pdf","312.2 MB","","0 B","","0 B","","0 B","","0 B"," THE = 0 ETTEE ON CONSTITUTIONAL RIGHTS OF THE EITTEE ON THE JUDICIARY AND THE SUBCOMMITTEE ON SURVEILLANCE OF THE COMMITTEE ON FOREIGN RELATIONS UNITED STATES SENATE NINETY-THIRD CONGRESS SECOND SESSION ON WARRANTLESS WIRETAPPING AND ELECTRONIC SURVEILLANCE APRIL 3 AND 8, 1974; MAY 8, 9, 10, AND 23, 1974 Printed for the use of the Committee on the...","","1974-04-03"
"965","Congressional Hearings","CHRG-93shrg30856","CHRG-93shrg30856","State/USIA authorizations:   hearings before the Committee on Foreign Relations, Ninety-third Congress, second session, on S. 3117, to authorize appropriations for the Department of State, and for other purposes; S. 3118, to authorize appropriations for the United States Information Agency, and for other purposes and S. 3119, to amend the Department of State Appropriations Authorization Act of 1973 and the Foreign Service Buildings Act, 1926, March 11 and 12, 1974.","https://www.govinfo.gov/app/details/CHRG-93shrg30856/CHRG-93shrg30856","https://www.govinfo.gov/content/pkg/CHRG-93shrg30856/pdf/CHRG-93shrg30856.pdf","48.6 MB","","0 B","","0 B","","0 B","","0 B","A S S T A T E U N IV E R S IT Y BEFO RE THE COMMITTEE ON FOREIGN RELATIONS UNITED STATES SENA TE NIN ETY-T HIR D CONGRESS SECOND SESSION ON S. 3117 TO AUTHORIZE APPROPRIATIONS FOR THE DEPARTMENT OF STATE, AND FOR OTHER PURPOSES S. 3118 TO AUTHORIZE APPROPRIATIONS FOR THE UNITED STATES INFORMATION AGENCY, AND FOR OTHER PURPOSES AND S. 3119 TO AMEND ...","","1974-03-11"
"966","Congressional Hearings","CHRG-93shrg30918","CHRG-93shrg30918","U.S.-U.S.S.R. strategic policies: hearing before the Subcommittee on Arms Control, International Law and Organization, Committee on Foreign Relations, United States Senate, Ninety-third Congress, second session, on U.S. and Soviet strategic doctrine and military policies, March 4, 1974.","https://www.govinfo.gov/app/details/CHRG-93shrg30918/CHRG-93shrg30918","https://www.govinfo.gov/content/pkg/CHRG-93shrg30918/pdf/CHRG-93shrg30918.pdf","11.5 MB","","0 B","","0 B","","0 B","","0 B"," FO RE TH E SUBCOMMITTEE ON ARMS CONTROL, INTER­ NATIONAL LA W AND ORGANIZATION OF THE COMMITTEE ON FOREIGN RELA TIONS UN ITE D STATES SENATE NINE TY -TH IRD CONGRESS SECOND SESSION U.S. AND SOVIET STRATEGIC DOCTRINE AND MILITA RY POLICIES MARCH 4, 1974 ( [Top secret hea ring held on March 4, 1974; san itized and made public on April 4, 1974] ____...","","1974-03-04"
"967","Congressional Hearings","CHRG-93shrg29544O","CHRG-93shrg29544O","Weather modification: hearings before the Subcommittee on Oceans and International Environment of the Committee on Foreign Relations, Ninety-third Congress, second session, on the need for an international agreement prohibiting the use of environmental and geophysical modification as weapons of war and briefing on department of defense weather modification activity, January 25 and March 20, 1974.","https://www.govinfo.gov/app/details/CHRG-93shrg29544O/CHRG-93shrg29544O","https://www.govinfo.gov/content/pkg/CHRG-93shrg29544O/pdf/CHRG-93shrg29544O.pdf","22.0 MB","","0 B","","0 B","","0 B","","0 B","TH ESUBCOMMITTEE ONOCEANS AND INTERNATIO NAL ENVIRONMENT OF TH Ecommittee on foreign relations UNIT ED STATES SENATE NINE TY -TH IRD CONGRESS SECOND SESSION ON THE NEED FOR AN INTERNA TIONAL AGREEMENT PROHIB­ ITIN G THE USE OF ENVIRONMENTAL AND GEOPHYSICAL MODIFICATIO N AS WEAPONS OF WAR AN D BRIEFING ON DEPARTMENT OF DEFEN SE WEATHER MODIFICATIO N...","","1974-01-25"
"968","Congressional Hearings","CHRG-93shrg23814","CHRG-93shrg23814","Nomination of John R. Stevenson: hearing before the Committee on Foreign Relations, United States Senate, Ninety-third Congress, first session, on nomination of John R. Stevenson, of New York, to be Special Representative of the President for the Law of the Sea Conference and Chief of Delegation, with rank of Ambassador, executive hearing held on July 31, 1973, made public November 29, 1973.","https://www.govinfo.gov/app/details/CHRG-93shrg23814/CHRG-93shrg23814","https://www.govinfo.gov/content/pkg/CHRG-93shrg23814/pdf/CHRG-93shrg23814.pdf","5.4 MB","","0 B","","0 B","","0 B","","0 B"," R S IT Y H E A R IN G B E F O R E T H E COMMITTEE ON FOR EIGN RELATIONS UNITE D STATES SEN ATE NINE TY -TH IRD CONG RESS FIR ST SESSI ON ON NOMIN ATION OF JO HN R. STE VEN SON , OF NE W YORK, TO BE SPEC IAL RE PR ES EN TA TIVE OF TH E PR ES ID EN T FOR TH E LAW OF TH E SEA CONFERENCE AND CHIE F OF DE LE ­ GATION, W IT H T HE RANK OF AMBASSAD OR (...","","1973-07-31"
"969","Congressional Hearings","CHRG-93shrg20603","CHRG-93shrg20603","Drought and famine in West Africa: hearing before the Subcommittee on African Affairs of the Committee on Foreign Relations, United States Senate, Ninety-third Congress, first session, on drought and famine in West Africa, June 15, 1973.","https://www.govinfo.gov/app/details/CHRG-93shrg20603/CHRG-93shrg20603","https://www.govinfo.gov/content/pkg/CHRG-93shrg20603/pdf/CHRG-93shrg20603.pdf","10.1 MB","","0 B","","0 B","","0 B","","0 B","H , Idaho S T U A R T SY M IN G T O N , Missouri C L A IB O R N E P E L L , Rhode Island G A LE W. M cG EE, Wyoming EDM UND S. M U SK IE , Maine G E O R G E S. M cG OVE RN, South Dakota H U B E R T H. H U M P H R E Y , Minnesota , Arkansas, Chairman G E O R G E D. A IK E N , Verm ont C L IF F O R D P. CA SE, New Jersey JA CO B K . JA VIT S, New Yo ...","","1973-06-15"
"970","Congressional Hearings","CHRG-93shrg96466O","CHRG-93shrg96466O","To promote negotiations for a comprehensive test ban treaty: hearing before the Subcommittee on Arms Control, International Law and Organization of the Committee on Foreign Relations, United States Senate, Ninety-third Congress, first session, on S. Res. 67 ... May 1, 1973.","https://www.govinfo.gov/app/details/CHRG-93shrg96466O/CHRG-93shrg96466O","https://www.govinfo.gov/content/pkg/CHRG-93shrg96466O/pdf/CHRG-93shrg96466O.pdf","27.1 MB","","0 B","","0 B","","0 B","","0 B","x c a s s tate u n iv e r c H E A R I N G B E F O R E T H ESUBCOMMITTEE ON ARMS CONTROL, INTER NA­TIONAL LAW AND ORGANIZATION O F T H ECOMMITTEE ON FOREIGN RELATIONS UNITED STATES SENATE S NINE TY -TH IRD CONG RESS F IR S T SE SS IO N ON S . R e s . 6 7 CA LL IN G ON T H E PR E S ID E N T TO PR OM OT E NEG OTI ATI ONS FO R A COM PR EH EN SI V E T ...","","1973-05-01"
"971","Congressional Hearings","CHRG-92shrg82892","CHRG-92shrg82892","Prohibiting military weather modification: hearings before the Subcommittee on Oceans and International Environment of the Committee on Foreign Relations, Ninety-second Congress, second session, on S. Res. 281 ... July 26 and 27, 1972.","https://www.govinfo.gov/app/details/CHRG-92shrg82892/CHRG-92shrg82892","https://www.govinfo.gov/content/pkg/CHRG-92shrg82892/pdf/CHRG-92shrg82892.pdf","28.9 MB","","0 B","","0 B","","0 B","","0 B"," y j BEF ORE TH E SUBCOMMITTEE ON OCEANS ANU INTERN ATIONA L ENVIRONMENT OF TH E COMMITTEE OX FOR EIGN RELATIO NS UNITED STATES SENATE NIN ETY -SECON D CONGRESS s SE CO ND SE SS IO N ON S. Res . 281 E X PR ESSIN G T H E SEN SE OF TH E SE NATE TH A T T H E U.S. GO VE RN MEN T SH OULD SE EK TH E AGREEM EN T OF OTH ER GO VE RN MEN TS TO A PR OPO SE D ...","","1972-07-26"
"972","Congressional Hearings","CHRG-92shrg80942O","CHRG-92shrg80942O","Strategic Arms Limitation Agreements: hearings before the Committee on Foreign Relations, United States Senate, Ninety-second Congress, second session, on Executive L, 92d Congress, 2nd session, the treaty between the United States of America and the Union of Soviet Socialist Republics on the limitation of antiballistic missile systems (ABM Treaty) and the interim agreement between the United States of America and the Union of Soviet Socialist Republics on certain measures with respect to the limitation of strategic offensive arms (interim agreement), including an associated protocol, signed in Moscow on May 26, 1972, and S.J. Res. 241 and S.J. Res. 242 ...","https://www.govinfo.gov/app/details/CHRG-92shrg80942O/CHRG-92shrg80942O","https://www.govinfo.gov/content/pkg/CHRG-92shrg80942O/pdf/CHRG-92shrg80942O.pdf","88.3 MB","","0 B","","0 B","","0 B","","0 B"," RE THECOMM ITTEE ON FO RE IGN RE LA TIO NS UNITED STATES SENA TE NIN ETY -SECOND CONGRESS SECOND SESSION ON EXECU TIV E L, 92D CONGRESS, 2D SES SIO N TH E TREATY BET WEEN THE UNIT ED STATES OF AMERICA AND THE UNION OF SOVIET SOCIALIST REP UBLICS ON THE LIMITATION OF ANTIBALLISTIC MISSILE SYSTEMS (ABM TREATY) AND T H E INT ERIM AGREEMENT BETW EEN ...","","1972-06-19"
"973","Congressional Hearings","CHRG-92shrg83605","CHRG-92shrg83605","Causes, origins, and lessons of the Vietnam War: hearings before the Committee on Foreign Relations, United States Senate, Ninety-second Congress, second session �","https://www.govinfo.gov/app/details/CHRG-92shrg83605/CHRG-92shrg83605","https://www.govinfo.gov/content/pkg/CHRG-92shrg83605/pdf/CHRG-92shrg83605.pdf","56.6 MB","","0 B","","0 B","","0 B","","0 B",":r'x - aR Y UNIV ERSI TYH E A R IN G S BEFORE THECOMMITTEE ON FOREIGN RELATIONS UNITED STATES SENATE NINETY -SECON D CONG RESS SECOND SESSION J ] J ] ru in ru O’ m -- -i = □ K SU □ O’ H H < CA US ES , ORI GIN S, AN D LE SS ONS OF TH E VIE TN AM WAR MAY 9, 10, AN D 11, 1972 P ri n te d for t h e us e of th e Com m itt ee on For ei gn R el at io ns ...","","1972-05-09"
"974","Congressional Hearings","CHRG-92shrg80619O","CHRG-92shrg80619O","Vietnam Children's Care Agency: hearing before the Committee on Foreign Relations, United States Senate, Ninety-second Congress, second session, on S. 2497 ... April 5, 1972.","https://www.govinfo.gov/app/details/CHRG-92shrg80619O/CHRG-92shrg80619O","https://www.govinfo.gov/content/pkg/CHRG-92shrg80619O/pdf/CHRG-92shrg80619O.pdf","23.1 MB","","0 B","","0 B","","0 B","","0 B","IV E R S IT Y H E A R IN GJ BEFORE TH E COMMITTEE ON FOREIGN RELATIONS UNITE D STATES SENATE NINETY -SECON D CONGRESS > □ SE CO ND SE SS IO N ON S . 24 97 TO A UTHORIZ E T H E PR ESID E N T, THROUGH T H E TEM PO RARY VI ET NA M C H IL D R EN ’S CA RE AGENCY , TO EN T E R IN TO AR ­ RA NGE MEN TS W IT H T H E GOV ER NM EN T OF SO UT H VIE TN AM TO ...","","1972-04-05"
"975","Congressional Hearings","CHRG-92shrg75917O","CHRG-92shrg75917O","Department of State appropriations authorization, fiscal year 1973: hearings before the Committee on Foreign Relations, United States Senate, Ninety-second Congress, second session ... March 8, 9, 10, 1972.","https://www.govinfo.gov/app/details/CHRG-92shrg75917O/CHRG-92shrg75917O","https://www.govinfo.gov/content/pkg/CHRG-92shrg75917O/pdf/CHRG-92shrg75917O.pdf","152.9 MB","","0 B","","0 B","","0 B","","0 B"," ON FOREIGN RELATIONS UNITED STATES SENATE NIN ETY -SECOND CONGRESS SECOND SESSION ON LEGISLATION TO AUTHORIZE APPROP RIATIONS FOR THE DEPARTMENT OF STATE FO R FISCAL YEAR 1973 -» . 4 MARCH 8, 9, 10, 1972 Printed for the use of the Committee on Foreign R elations DEPARTMENT OF STAT E APPROPRIATIONS AUTHORIZATION, FISCA L YEAR 1973 H E A R IN G...","","1972-03-08"
"976","Congressional Hearings","CHRG-92shrg64661","CHRG-92shrg64661","Aircraft hijacking convention: hearings before the Committee on Foreign Relations, United States Senate, Ninety-second Congress, first session, on Executive A, 92d Congress, 1st session, the convention for the suppression of unlawful seizure of aircraft, signed at The Hague, December 16, 1970. June 7 and July 20, 1971.","https://www.govinfo.gov/app/details/CHRG-92shrg64661/CHRG-92shrg64661","https://www.govinfo.gov/content/pkg/CHRG-92shrg64661/pdf/CHRG-92shrg64661.pdf","20.0 MB","","0 B","","0 B","","0 B","","0 B"," Y H E A R I N G S BE FO RE TH E COMM ITTEE ON FO REIGN RELATIO NS UN ITED STA TES SENA TE NIN ETY -SECOND CONG RESS FIR ST SESSI ON ON Executive A, 92d Congress, 1st Session TH E CONVENT ION FOR TH E SU PP RE SS ION OF UNLAWFUL SE IZ UR E OF A IRCR AF T, SIG NED AT T HE HAG UE, DE CE MB ER 16,1970 Note.—The he ar ing on Tuesday, Ju ly 20, 1971...","","1971-06-07"
"977","Congressional Hearings","CHRG-92shrg58809","CHRG-92shrg58809","War powers legislation: hearings before the Committee on Foreign Relations, United States Senate, Ninety-second Congress, first session, on S. 731, S.J. Res. 18, and S.J. Res. 59. March 8, 9, 24, and 25, April 23 and 26, May 14, Juy 26 and 27 and October 6, 1971.","https://www.govinfo.gov/app/details/CHRG-92shrg58809/CHRG-92shrg58809","https://www.govinfo.gov/content/pkg/CHRG-92shrg58809/pdf/CHRG-92shrg58809.pdf","179.6 MB","","0 B","","0 B","","0 B","","0 B","S. 731, S .J. Res. 18 and S.J. Res. 59 MARCH 8, 9, 24, AN D 25, AP RI L 23 AN D 26, MAY 14, JU LY 26 AN D 27 AN D OCT OBE R 6, 1971 K SU L IB RA RI ES i m H m tn ru IT □ □ O' H H < Pri nte d fo r the use of the Committee on Fore ign R elations U.S. GOVERNMENT PRINTING OFFICE 53-809 WASHINGTON : 1972 For sale by th e Superin tend ent o f Documents, ...","","1971-03-08"
"978","Congressional Hearings","CHRG-91shrg52019","CHRG-91shrg52019","Tax conventions with Belgium, Finland, Trinidad and Tobago, and the Netherlands: hearings before the Committee on Foreign Relations, Ninety-first Congress, second session ... October 6, and November 19, 1970.","https://www.govinfo.gov/app/details/CHRG-91shrg52019/CHRG-91shrg52019","https://www.govinfo.gov/content/pkg/CHRG-91shrg52019/pdf/CHRG-91shrg52019.pdf","34.9 MB","","0 B","","0 B","","0 B","","0 B"," R Y HEARINGS , KA NS AS STA TE UNIV ERSIT Y BEFORE THE‘ COMMITTEE ON FOREIGN RELATIONS UNITE D STATES SENATE NI NE TY -FIRST CONGRESS SECOND SESSION ON Executive I, 91-2, Tax Convention with Belgium Executive E, 91-2, Ta x Convention with Fin lan d Executive D, 91-2, Tax Convention w ith Tr inidad and Tobago and Jl U1 3"" 3"" ru ir □ □ O’ H < ...","","1970-10-06"
"979","Congressional Hearings","CHRG-91shrg44871","CHRG-91shrg44871","Under Secretary of State for Western Hemisphere Affairs: hearing before the Subcommittee on Western Hemisphere Affairs of the Committee on Foreign Relations United States Senate, Ninety-first Congress, second session on S. 3347 to reorganize and strengthen the United States Government structure for dealing with Western Hemisphere Affairs, and for other purposes, March 18, 1970.","https://www.govinfo.gov/app/details/CHRG-91shrg44871/CHRG-91shrg44871","https://www.govinfo.gov/content/pkg/CHRG-91shrg44871/pdf/CHRG-91shrg44871.pdf","2.8 MB","","0 B","","0 B","","0 B","","0 B","SUBCOMMITTEE ON WESTERN HEMISPHERE AFFAIRS OF THE □ ~ ~ □ COMMITTEE ON FOREIGN RELATIONS UNITED STATES SENATE NINE TY -FI RS T CONGRESS SECOND SESSION ON S. 3347 TO REORGANIZE AND STRENGTHEN THE UNITED STATES GOVERNMENT STRUCTURE FOR DEALING WIT H WESTERN HEMIS PHE RE AFFAIRS, AND FOR OTHER PURPOSES MARCH 18, 1970 Printed for the use of the ...","","1970-03-18"
"980","Congressional Hearings","CHRG-91shrg42581O","CHRG-91shrg42581O","United Nations headquarters expansion: hearing before the Committee on Foreign Relations, United States Senate, Ninety-first Congress, second session, on S.J. Res. 173, a bill authorizing a $20 million grant to defray a portion of the cost of expanding the United Nations headquarters in New York. March 9, 1970.","https://www.govinfo.gov/app/details/CHRG-91shrg42581O/CHRG-91shrg42581O","https://www.govinfo.gov/content/pkg/CHRG-91shrg42581O/pdf/CHRG-91shrg42581O.pdf","10.9 MB","","0 B","","0 B","","0 B","","0 B"," FO RE TH ECOMMITTEE ON FOREIGN RELAT IONS UNIT ED STATES SENATE NI NE TY -FIR ST CONGRESS SECOND SESS ION ON S.J. Res. 173 A BIL L AUTHORIZING A $20 MILLION GRANT TO DEF RAY A PORTION OF TH E COST OF EXPAN DING THE UNITED NATIONS HEAD QUA RTERS IN NEW YORK MARCH 9, 1970 Printed for the u se of the Comm ittee on Fore ign R elat ions 42-681 O U. S. ...","","1970-03-09"
"981","Congressional Hearings","CHRG-91shrg44706","CHRG-91shrg44706","Vietnam: policy and prospects, 1970: hearings before the Committee on Foreign Relations, United States Senate, Ninety-first Congress, second session on civil operations and rural development support program, February 17, 18, 19, and 20, and March 3, 14, 17, and 19, 1970.","https://www.govinfo.gov/app/details/CHRG-91shrg44706/CHRG-91shrg44706","https://www.govinfo.gov/content/pkg/CHRG-91shrg44706/pdf/CHRG-91shrg44706.pdf","140.0 MB","","0 B","","0 B","","0 B","","0 B"," ON FOREIGN RELATIONS UNITED STATES SENA TE NINE TY -FI RS T CONG RESS SECOND SESSION ON CIVIL OPERAT ION S ANI) RURAL DEV ELOPMENT SUPPOR T PROGRAM FEB RUARY 17, 18, 10, AND 20, AND MARCH 3, 14, 17, AND 10, 1070 Print ed fo r t he use of the Co mmittee on Foreign R ela tio ns VIETNAM: POLICY AND PROSPECTS, 1970 H E A R IN G S BE FO RE ,THE ...","","1970-02-17"
"982","Congressional Hearings","CHRG-91shrg41185","CHRG-91shrg41185","Vietnam policy proposals: hearings before the Committee on Foreign Relations, United States Senate, Ninety-first Congress, second session on S. 3000, S. Con. Res. 39, S. Con. Res. 40, S.Con. Res. 42, S. Res. 268, S. Res. 270, S. Res. 271, S. Res. 280, and S.J. Res. 166. February 3, 4, 5, and March 16, 1970.","https://www.govinfo.gov/app/details/CHRG-91shrg41185/CHRG-91shrg41185","https://www.govinfo.gov/content/pkg/CHRG-91shrg41185/pdf/CHRG-91shrg41185.pdf","74.2 MB","","0 B","","0 B","","0 B","","0 B"," ON FOREIGN RELATIONS UNITED STATES SENATE NINE TY -FI RS T CONGRESS SECOND SESSION ON S. 3000, S. Con. Res. 39, S. Con. Res . 40, S. Con. Res. 42, S. Res . 268, S. Res . 270, S. Res. 271, S. Res. 280, and S.J . Res . 166 s ^ B 5 E = ru < IT □ ~ ~ □ FEBRUARY 3, 4, 5, AND MARCH 16, 1970 P ri n te d fo r th e u se of th e Com mittee on F or ...","","1970-02-03"
"983","Congressional Hearings","CHRG-91shrg33948","CHRG-91shrg33948","American Institute for Free Labor Development: hearing before the Committee on Foreign Relations, United States Senate, Ninety-first Congress, first session, with George Meany, President, AFL-CIO. August 1, 1969.","https://www.govinfo.gov/app/details/CHRG-91shrg33948/CHRG-91shrg33948","https://www.govinfo.gov/content/pkg/CHRG-91shrg33948/pdf/CHRG-91shrg33948.pdf","27.4 MB","","0 B","","0 B","","0 B","","0 B"," ON FOREIGN RELATIONS UNITED STATES SENATE NINE TY -FIRST CONGRESS FIR ST SESSION W IT H GEO RG E MEA NT , PR ESID E N T, A FL-C IO AUG US T 1, 1969 I 4 P r in t e d f o r t h e u se o f t h e C o m m it te e o n F o re ig n R e la ti o n s 33-948 ( I S. GO VE RN MEN T PRIN TIN G O FFIC E W AS HI NG TO N : 1969 ’& wA COMMITTEE ON FOREIGN ...","","1969-08-01"
"984","Congressional Hearings","CHRG-91shrg26758p3","CHRG-91shrg26758p3","Strategic and foreign policy implications of ABM systems. Part III, Anti-Submarine Warfare [and]Multiple Independently Targeted Reentry Vehicles (MIRV): hearings before the Subcommittee on International Organization and Disarmament Affairs of the Committee on Foreign Relations, United States Senate, Ninety-first Congress, first session ...","https://www.govinfo.gov/app/details/CHRG-91shrg26758p3/CHRG-91shrg26758p3","https://www.govinfo.gov/content/pkg/CHRG-91shrg26758p3/pdf/CHRG-91shrg26758p3.pdf","14.1 MB","","0 B","","0 B","","0 B","","0 B"," TARGETE D REENTRY VEHICLES (MIRV ) H E A R I N G S BEFO RE T H ESUBCOMMITTEE ON INTERNATIONAL ORGANIZATION AND DISARMAMENT AFF AIR S OF THECOMMITTEE ON EOREIGN RELATIONS UNITED STATES SENATE NINE TY -FIRST CONGRESS FI RST SESSI ON PART II I MAY 16 AND JULY 16, 1969 Confidentia l hea ring held on May 16, 1969; sani tized and printed on August 27, ...","","1969-05-16"
"985","Congressional Hearings","CHRG-91shrg30300","CHRG-91shrg30300","Chemical and biological warfare: hearing before the Committee on Foreign Relations, United States Senate, Ninety-first Congress, first session, April 30, 1969.","https://www.govinfo.gov/app/details/CHRG-91shrg30300/CHRG-91shrg30300","https://www.govinfo.gov/content/pkg/CHRG-91shrg30300/pdf/CHRG-91shrg30300.pdf","9.0 MB","","0 B","","0 B","","0 B","","0 B"," FOREIGN RELATIONS UNITE !) STATES SENATE NINE TY -FI RS T CONGRESS F IR S T SE SS IO N APRIL 30, 1909 (Secret hear ing held on April 30,1969; sanit ized and prin ted on June 23,1969) Pri nte d for the use of the Committee on Foreign Rela tions 30-300 U.S. GOVERNMENT PRIN TING OFFICE WASHINGTON : 1969 •C SV X s 3 COMMITTEE ON FOREIGN RELATIONS J. ...","","1969-04-30"
"986","Congressional Hearings","CHRG-91shrg26551","CHRG-91shrg26551","Nominations of Walter H. Annenberg, Jacob D. Beam, and John S. D. Eisenhower: hearing before the Committee on Foreign Relations, United States Senate, Ninety-first Congress, first session, on nominations of Walter H. Annenberg, to be Ambassador to Great Britain, Jacob D. Beam, to be Ambassador to the Union of Soviet Socialist Republics, and John S. D. Eisenhower, to be Ambassador to Belgium, March 7, 1969.","https://www.govinfo.gov/app/details/CHRG-91shrg26551/CHRG-91shrg26551","https://www.govinfo.gov/content/pkg/CHRG-91shrg26551/pdf/CHRG-91shrg26551.pdf","8.0 MB","","0 B","","0 B","","0 B","","0 B"," Storage H E A R I N G BE FO RE TH E COMMITTEE ON FOREIGN RELA TIONS UNITE D STATES SENATE NI NE TY -FIRST CONG RESS FIRS T SESSION ON NOMINATIONS OF WALTER H. ANNENBERG TO BE AMBASSADOR TO GREAT BRITAIN, JACOB D. BEAM TO BE AMBASSADOR TO THE UNION OF SOVIET SOCIALIST REPUBL ICS, AND JOHN S. D. EISENH OWER TO BE AMBASSADOR TO BELGIUM MARCH 7, 1969...","","1969-03-07"
"987","Congressional Hearings","CHRG-91shrg26758p1","CHRG-91shrg26758p1","Strategic and foreign policy implications of ABM systems. Part 1: hearings before the Subcommittee on International Organization and Disarmament Affairs of the Committee on Foreign Relations, United States Senate, Ninety-first Congress, first session �","https://www.govinfo.gov/app/details/CHRG-91shrg26758p1/CHRG-91shrg26758p1","https://www.govinfo.gov/content/pkg/CHRG-91shrg26758p1/pdf/CHRG-91shrg26758p1.pdf","100.4 MB","","0 B","","0 B","","0 B","","0 B"," TIONAL ORGANIZATION AND DISARMAMENT AFF AIR S OF THECOMMITTEE ON EOREIGN RELAT IONS UNITED STATES SENATE NINE TY -FI RS T CONGRESS FIRS T SESSION ON THE STRATEGIC AND FOREIGN POLICY IMPLICATIONS OF ANTIBALLISTIC MIS SILE SYSTEMS > PART I MARCH 6, 11, 13, 21, 26, AND 28, 1969 Pr inted for the use of the Committee on Foreign Relations STRATEGIC...","","1969-03-06"
"988","Congressional Hearings","CHRG-90shrg20207","CHRG-90shrg20207","Nomination of James Russell Wiggins :   hearing before the Committee on Foreign Relations, United States Senate, Ninetieth Congress, second session on the nomination of James Russell Wiggins to be the Representative of the United States of America to the United Nations with the rank and status of Ambassador Extraordinary and Plenipotentiary, and the Representative of the United States of America in the Security Council of the United Nations, September 30, 1968.","https://www.govinfo.gov/app/details/CHRG-90shrg20207/CHRG-90shrg20207","https://www.govinfo.gov/content/pkg/CHRG-90shrg20207/pdf/CHRG-90shrg20207.pdf","10.9 MB","","0 B","","0 B","","0 B","","0 B"," ON FOREIGN RELATIONS UNITED STATES SENATE NI NE TI ET H CONGRESS SECOND SESSION ON THE NOMINATION OF JAMES RUSSELL WIGGINS TO BE THE REPR ESENTA TIVE OF THE UNITED STATES OF AMERICA TO THE UNITED NATIONS WIT H THE RANK AND STATUS OF AMBASSADOR EXTRAORDINARY AND PLENIPOTE N­ TIARY, AND THE REPR ESENTA TIVE OF THE UNITED STATES OF AMERICA IN THE ...","","1968-09-30"
"989","Congressional Hearings","CHRG-90shrg94096","CHRG-90shrg94096","United Nations peacekeeping: hearings before a subcommittee of the Committee on Foreign Relations, United States Senate, Ninetieth Congress, second session, on S. Con. Res. 47, relative to the establishment of a United Nations peacekeeping force. May 1 and 2, 1968.","https://www.govinfo.gov/app/details/CHRG-90shrg94096/CHRG-90shrg94096","https://www.govinfo.gov/content/pkg/CHRG-90shrg94096/pdf/CHRG-90shrg94096.pdf","40.5 MB","","0 B","","0 B","","0 B","","0 B"," THE COMMITTEE ON FOREIGN RELATIONS • UNITED STATES SENATE I NI NET IE TH CONG RESS t SECOND SE SSION ON S. Con. Res. 47 RE LA TIVE TO TH E ES TA BL ISHM EN T OF A UN ITED NAT ION S PE AC EK EE PING FOR CE Pr in ted fo r t he use of th e C om mit tee on Fo rei gn Rela tio ns 94-096 U.S. GOVERNMENT PR IN TING OF FIC E WASHINGTON : 1968 COMM ITTEE ...","","1968-05-01"
"990","Congressional Hearings","CHRG-90shrg93646","CHRG-90shrg93646","Tax conventions with the Philippines and France: hearing before the Committee on Foreign Relations, Ninetieth Congress, second session on tax convention with the Philippines (Executive D, 89th Congress, first session) [and] tax convention with France (Executive N, 90th Congress, first session), April 30, 1968.","https://www.govinfo.gov/app/details/CHRG-90shrg93646/CHRG-90shrg93646","https://www.govinfo.gov/content/pkg/CHRG-90shrg93646/pdf/CHRG-90shrg93646.pdf","14.7 MB","","0 B","","0 B","","0 B","","0 B"," ON FOR EIGN RELATIO NS UNITE D STATES SENATE NIN ET IE TH CONGRESS SECOND SESSION ON TAX CONVENTION WITH TH E PH ILIPPINE S (EXECU TIVE D, 89TH CONGRESS, FIRS T SESSION) TAX CONVENTION WITH FRANCE (EXECU TIVE N, 90TH CONGRESS, FIRS T SESSION) AP RIL 30, 1968 Printed for the use of the Committee on Foreign Relations 93-646 U.S. GOVERNME NT PRI ...","","1968-04-30"
"991","Congressional Hearings","CHRG-90shrg91805","CHRG-90shrg91805","Present situation in Vietnam: hearing before the Committee on Foreign Relations, United States Senate, Ninetieth Congress, second session, with General David M. Shoup, former Commandant, United States Marine Corps. March 20, 1968.","https://www.govinfo.gov/app/details/CHRG-90shrg91805/CHRG-90shrg91805","https://www.govinfo.gov/content/pkg/CHRG-90shrg91805/pdf/CHRG-90shrg91805.pdf","10.6 MB","","0 B","","0 B","","0 B","","0 B"," ON EOREIGN RELATIO NS UNITED STATES SENA TE NIN ET IE TH CONGRESS SECOND SESSION W IT H GENERAL DAVID M. SHOUP, FORMER COMMANDANT, UNIT ED STATES MARINE CORPS s MARCH 20, 196S Print ed for the use of the Committee on Foreign Re lations 91-805 U.S . GO VE RN MEN T PRIN TIN G OFF IC E W AS HI NG TO N : 1908 • , -L V • * A i *> .< 3 a ? CO M ...","","1968-03-20"
"992","Congressional Hearings","CHRG-90shrg91237","CHRG-90shrg91237","Survey of the Alliance for Progress: hearings before the Subcommittee on American Republics Affairs of the Committee on Foreign Relations, United States Senate, Ninetieth Congress, second session. February 27, 28, 29, March 1, 4, 5, and 6, 1968.","https://www.govinfo.gov/app/details/CHRG-90shrg91237/CHRG-90shrg91237","https://www.govinfo.gov/content/pkg/CHRG-90shrg91237/pdf/CHRG-90shrg91237.pdf","70.9 MB","","0 B","","0 B","","0 B","","0 B"," BLICS AFF AIR S OF TH E COMMITTEE ON EOREIGN RELATIONS UNITED STATES SENATE NIN ET IE TH CONG RESS SECOND SESSION FEBR UA RY 27, 28, 29, MARCH 1, 4, 5, AND 6, 1968 AS Pr in ted for the use of t he Committee on Foreign Relations TJ.S. GOVERNME NT PRINTING OF FIC E 91-237 WASHINGT ON : 1968 For sale by the Superintendent of Documents, U.S. ...","","1968-02-27"
"993","Congressional Hearings","CHRG-90shrg90187","CHRG-90shrg90187","The Gulf of Tonkin, the 1964 incidents. Part 1: hearing before the Committee on Foreign Relations, United States Senate, Ninetieth Congress, second session, with the Honorable Robert S. McNamara, Secretary of Defense, on February 20, 1968.","https://www.govinfo.gov/app/details/CHRG-90shrg90187/CHRG-90shrg90187","https://www.govinfo.gov/content/pkg/CHRG-90shrg90187/pdf/CHRG-90shrg90187.pdf","22.6 MB","","0 B","","0 B","","0 B","","0 B","ON FOREIGN RELATIONS UNITE D STATES SENATE NI NET IE TH CONG RESS SECOND SESSION ' W IT H TH E HONORABLE RO BE RT S. McNAMARA, SEC RETARY OF DE FE NS E ON FEBR UA RY 20, 1968 Print ed fo r the use of the Co mm itte e on Fo rei gn R ela tio ns U.S. GOVERNMENT PRINTING OFFICE 90-187 W AS HI NG TO N : 196 8 For sale b y the Super intendent of Docum ...","","1968-02-20"
"994","Congressional Hearings","CHRG-90shrg85837","CHRG-90shrg85837","Submission of the Vietnam conflict to the United Nations: hearings before the Committee on Foreign Relations, United States Senate, Ninetieth Congress, first session, on S. Con. Res. 44, providing that it is the sense of the Congress that the President should submit a resolution to the United Nations for final and binding improvement of peace in Southeast Asia in accordance with the appropriate article of the United Nations charter, [and]S. Res. 180, a sense of the Senate Resolution seeking United States initiative to assure United Nations Security Council consideration of Vietnam Conflict. October 26, 27, and November 2, 1967.","https://www.govinfo.gov/app/details/CHRG-90shrg85837/CHRG-90shrg85837","https://www.govinfo.gov/content/pkg/CHRG-90shrg85837/pdf/CHRG-90shrg85837.pdf","41.9 MB","","0 B","","0 B","","0 B","","0 B"," UNITED STATES SENATE NI NE TI ET H CONGRESS FIR ST SE SSION ON S. Con. Res. 44 PR O V ID IN G TH A T IT IS T H E SENSE OF T H E CO NGR ES S TH A T T H E PR E S ID E N T SH OU LD SU BM IT A RESO LUTIO N TO T H E U NIT ED NAT IO NS FO R FIN A L AN D B IN D IN G IM ­ PROVEM ENT O F PE ACE IN SO UTH EA ST AS IA IN ACC OR D­ AN CE W IT H TH E A ...","","1967-10-26"
"995","Congressional Hearings","CHRG-90shrg84890","CHRG-90shrg84890","Tax conventions with Brazil, Canada, and Trinidad and Tobago: hearing before the Committee on Foreign Relations, United States Senate, Ninetieth Congress, first session, on Executive J ... Executive B ... [and] Executive F ... October 5, 1967.","https://www.govinfo.gov/app/details/CHRG-90shrg84890/CHRG-90shrg84890","https://www.govinfo.gov/content/pkg/CHRG-90shrg84890/pdf/CHRG-90shrg84890.pdf","24.0 MB","","0 B","","0 B","","0 B","","0 B"," ON FOREIGN RELATIONS UN ITE D STATES SENATE ! NI NE TI ET H CONGRESS FIR ST SESSION ON EXECUTIVE J, 90TH CONGRESS, FIRST SESSION TAX CONVENTION WITH BRAZIL EXECUTIVE B, 90TH CONGRESS, FIRST SESSION SUPPLEMENTARY INCOME-TAX CONVENTION WITH CANADA EXECUTIVE F, 90TH CONGRESS, FIRST SESSION INCOME-TAX CONVENTION WITH TRIN IDAD AND TOBAGO s OCTOBER 5...","","1967-10-05"
"996","Congressional Hearings","CHRG-90shrg84631","CHRG-90shrg84631","USIA Foreign Service personnel system: hearing before the Ad Hoc Subcommittee on a Foreign Service Information Officer Corps of the Committee on Foreign Relations, United States Senate, Ninetieth Congress, first session, on S. 633 and S. 2002, bills to promote the foreign policy of the United States bystrengthening and improving the foreign service personnel system of the U.S. Information Agency through establishment of a Foreign Service Information Officer Corps. September 28, 1967.","https://www.govinfo.gov/app/details/CHRG-90shrg84631/CHRG-90shrg84631","https://www.govinfo.gov/content/pkg/CHRG-90shrg84631/pdf/CHRG-90shrg84631.pdf","21.2 MB","","0 B","","0 B","","0 B","","0 B"," COM MITTEE ON A FOREIGN SERV ICE INF ORMA TIO N OFFIC ER CORPS OF T H E COMMITTEE ON FOREIGN RELATIO NS UNITE D STATES SENATE NIN ET IE TH CONGRESS >> F IR S T SE SS IO N ON S. 633 and S. 2002 B IL LS TO PR OM OTE T H E FO REIG N PO LI CY O F TH E U NIT ED ST ATES BY STRENGTHEN IN G AN D IM PR OVIN G T H E FO REIG N SERV IC E PE RSO N N EL SY ST ...","","1967-09-28"
"997","Congressional Hearings","CHRG-90shrg74687","CHRG-90shrg74687","Harrison E. Salisbury's trip to North Vietnam: hearing before the Committee on Foreign Relations, United States Senate, Ninetieth Congress, first session, with Harrison E. Salisbury, assistant managing editor of the New York Times, February 2, 1967.","https://www.govinfo.gov/app/details/CHRG-90shrg74687/CHRG-90shrg74687","https://www.govinfo.gov/content/pkg/CHRG-90shrg74687/pdf/CHRG-90shrg74687.pdf","32.2 MB","","0 B","","0 B","","0 B","","0 B"," SENATE NIN ET IE TH CONG RESS FIRS T SESSION WI TH SALISBURY, ASSISTANT MANAGING EDITOR OF THE NEW YORK TIMES HARRISON E. Pr int ed for th e use of the Committee on Fo reign Relations 74-687 U. S. GOVER NMENT PR INTING OFFIC E WA SHING TO N : 196 7 s 'aW % COMMITTEE ON FOREIGN RELATIONS J. W. FU LB R IG H T , A rk an sa s, C ha ir m an JO HN SP ...","","1967-02-02"
"998","Congressional Hearings","CHRG-89shrg68000","CHRG-89shrg68000","News policies in Vietnam: hearings before the Committee on Foreign Relations, Eighty-ninth Congress, second session ... August 17 and 31, 1966.","https://www.govinfo.gov/app/details/CHRG-89shrg68000/CHRG-89shrg68000","https://www.govinfo.gov/content/pkg/CHRG-89shrg68000/pdf/CHRG-89shrg68000.pdf","33.5 MB","","0 B","","0 B","","0 B","","0 B"," EIGH TY -N IN TH CONG RESS SECO ND SESSI ON ON NEWS POLICIES IN VIETNAM Printed for the use of the Committee on Foreign Relations C8-000 GOVERNMENT PRINTING OFFICE WASHINGTON : 1966 ■ s ’At 1 - •I z f ' » COMMITTEE ON FOREIGN RELATIONS J. W. FULBRIG HT, Arkansas. Chairman I JOHN SPARKMAN, Alabama MIKE MAN SFIELD, Montana WAYNE MORSE, Oregon ALBERT...","","1966-08-17"
"999","Congressional Hearings","CHRG-89shrg59105","CHRG-89shrg59105","Nomination of Jack Hood Vaughn to be Director of the Peace Corps: hearing before the Committee on Foreign Relations, Eighty-ninth Congress, second session of the nomination of Jack Hood Vaughn, of Virginia, to be Director of the Peace Corps, February 9, 1966.","https://www.govinfo.gov/app/details/CHRG-89shrg59105/CHRG-89shrg59105","https://www.govinfo.gov/content/pkg/CHRG-89shrg59105/pdf/CHRG-89shrg59105.pdf","5.9 MB","","0 B","","0 B","","0 B","","0 B"," UNITED STATES SENATE EIGH TY -NINTH CONGRESS SECOND SESSION ON T H E NOMINATION OF JACK HOOD VAUGHN, OF VIRGINIA, TO BE DIREC TOR OF THE PEACE CORPS FEBRUARY 9, 1966 Printe d for the use of the Committee on Fore ign Rela tions 59-105 U S. GO VE RN MEN T PR IN TIN G O FFIC E W A SH IN G TO N : 1966 J- ’ V J f COMMITTEE ON FOREIGN RELATIONS J . ...","","1966-02-09"
"1000","Congressional Hearings","CHRG-89shrg58320p1","CHRG-89shrg58320p1","Supplemental foreign assistance, fiscal year, 1966--Vietnam. Part 1: hearings before the Committee on Foreign Relations, United States Senate, Eighty-ninth Congress, second session, on S. 2793, to amend further the Foreign Assistance Act of 1961, as amended. January 28; February 4, 8, 10, 17, and 18, 1966.","https://www.govinfo.gov/app/details/CHRG-89shrg58320p1/CHRG-89shrg58320p1","https://www.govinfo.gov/content/pkg/CHRG-89shrg58320p1/pdf/CHRG-89shrg58320p1.pdf","153.7 MB","","0 B","","0 B","","0 B","","0 B"," STATES SENATE EIGH TY -NINTH CONGRESS SECOND SESSION ON S . 27 93 TO AMEND FURTHER THE FOREIGN ASSISTANCE ACT OF 1961, AS AMENDED JANUARY 28; FEBRUARY 4, 8, 10, 17, AND 18, 1966 PART 1 Print ed for the use of the Committee ou Foreign Relations SUPPLEMENTAL FOREIGN ASSISTAN CE FISCA L YEAR 1966— VIETNAM H E A R IN G S BE FO RE TH E COMMITTEE ON ...","","1966-01-28"

"Search Terms","Committee on Foreign Relations"
"Total Count","1017"
